/*
Navicat MySQL Data Transfer

Source Server         : db
Source Server Version : 50505
Source Host           : localhost:3306
Source Database       : auth

Target Server Type    : MYSQL
Target Server Version : 50505
File Encoding         : 65001

Date: 2017-07-17 23:28:45
*/

SET FOREIGN_KEY_CHECKS=0;

-- ----------------------------
-- Table structure for account
-- ----------------------------
DROP TABLE IF EXISTS `account`;
CREATE TABLE `account` (
  `id` int(10) unsigned NOT NULL AUTO_INCREMENT COMMENT 'Identifier',
  `username` varchar(32) NOT NULL DEFAULT '',
  `sha_pass_hash` varchar(40) NOT NULL DEFAULT '',
  `sessionkey` varchar(80) NOT NULL DEFAULT '',
  `v` varchar(64) NOT NULL DEFAULT '',
  `s` varchar(64) NOT NULL DEFAULT '',
  `token_key` varchar(100) NOT NULL DEFAULT '',
  `email` varchar(255) NOT NULL DEFAULT '',
  `reg_mail` varchar(255) NOT NULL DEFAULT '',
  `joindate` timestamp NOT NULL DEFAULT CURRENT_TIMESTAMP,
  `last_ip` varchar(15) NOT NULL DEFAULT '127.0.0.1',
  `last_attempt_ip` varchar(15) NOT NULL DEFAULT '127.0.0.1',
  `failed_logins` int(10) unsigned NOT NULL DEFAULT '0',
  `locked` tinyint(3) unsigned NOT NULL DEFAULT '0',
  `lock_country` varchar(2) NOT NULL DEFAULT '00',
  `last_login` timestamp NOT NULL DEFAULT '0000-00-00 00:00:00',
  `online` tinyint(3) unsigned NOT NULL DEFAULT '0',
  `expansion` tinyint(3) unsigned NOT NULL DEFAULT '2',
  `mutetime` bigint(20) NOT NULL DEFAULT '0',
  `mutereason` varchar(255) NOT NULL DEFAULT '',
  `muteby` varchar(50) NOT NULL DEFAULT '',
  `locale` tinyint(3) unsigned NOT NULL DEFAULT '0',
  `os` varchar(3) NOT NULL DEFAULT '',
  `recruiter` int(10) unsigned NOT NULL DEFAULT '0',
  PRIMARY KEY (`id`),
  UNIQUE KEY `idx_username` (`username`)
) ENGINE=InnoDB DEFAULT CHARSET=utf8 COMMENT='Account System';

-- ----------------------------
-- Records of account
-- ----------------------------

-- ----------------------------
-- Table structure for account_access
-- ----------------------------
DROP TABLE IF EXISTS `account_access`;
CREATE TABLE `account_access` (
  `id` int(10) unsigned NOT NULL,
  `gmlevel` tinyint(3) unsigned NOT NULL,
  `RealmID` int(11) NOT NULL DEFAULT '-1',
  PRIMARY KEY (`id`,`RealmID`)
) ENGINE=InnoDB DEFAULT CHARSET=utf8;

-- ----------------------------
-- Records of account_access
-- ----------------------------

-- ----------------------------
-- Table structure for account_banned
-- ----------------------------
DROP TABLE IF EXISTS `account_banned`;
CREATE TABLE `account_banned` (
  `id` int(10) unsigned NOT NULL DEFAULT '0' COMMENT 'Account id',
  `bandate` int(10) unsigned NOT NULL DEFAULT '0',
  `unbandate` int(10) unsigned NOT NULL DEFAULT '0',
  `bannedby` varchar(50) NOT NULL,
  `banreason` varchar(255) NOT NULL,
  `active` tinyint(3) unsigned NOT NULL DEFAULT '1',
  PRIMARY KEY (`id`,`bandate`)
) ENGINE=InnoDB DEFAULT CHARSET=utf8 COMMENT='Ban List';

-- ----------------------------
-- Records of account_banned
-- ----------------------------

-- ----------------------------
-- Table structure for account_muted
-- ----------------------------
DROP TABLE IF EXISTS `account_muted`;
CREATE TABLE `account_muted` (
  `guid` int(10) unsigned NOT NULL DEFAULT '0' COMMENT 'Global Unique Identifier',
  `mutedate` int(10) unsigned NOT NULL DEFAULT '0',
  `mutetime` int(10) unsigned NOT NULL DEFAULT '0',
  `mutedby` varchar(50) NOT NULL,
  `mutereason` varchar(255) NOT NULL,
  PRIMARY KEY (`guid`,`mutedate`)
) ENGINE=InnoDB DEFAULT CHARSET=utf8 COMMENT='mute List';

-- ----------------------------
-- Records of account_muted
-- ----------------------------

-- ----------------------------
-- Table structure for autobroadcast
-- ----------------------------
DROP TABLE IF EXISTS `autobroadcast`;
CREATE TABLE `autobroadcast` (
  `realmid` int(11) NOT NULL DEFAULT '-1',
  `id` tinyint(3) unsigned NOT NULL AUTO_INCREMENT,
  `weight` tinyint(3) unsigned DEFAULT '1',
  `text` longtext NOT NULL,
  PRIMARY KEY (`id`,`realmid`)
) ENGINE=InnoDB DEFAULT CHARSET=utf8;

-- ----------------------------
-- Records of autobroadcast
-- ----------------------------

-- ----------------------------
-- Table structure for chat_censor
-- ----------------------------
DROP TABLE IF EXISTS `chat_censor`;
CREATE TABLE `chat_censor` (
  `text` varchar(255) DEFAULT NULL,
  `action` int(11) DEFAULT NULL
) ENGINE=InnoDB DEFAULT CHARSET=utf8;

-- ----------------------------
-- Records of chat_censor
-- ----------------------------
INSERT INTO `chat_censor` VALUES ('sytes', '0');
INSERT INTO `chat_censor` VALUES ('instant', '0');
INSERT INTO `chat_censor` VALUES ('dyndns', '0');
INSERT INTO `chat_censor` VALUES ('.eu', '0');
INSERT INTO `chat_censor` VALUES ('.fr', '0');
INSERT INTO `chat_censor` VALUES ('.bg', '0');
INSERT INTO `chat_censor` VALUES ('.info', '0');
INSERT INTO `chat_censor` VALUES ('no-ip', '0');
INSERT INTO `chat_censor` VALUES ('.zapto', '0');
INSERT INTO `chat_censor` VALUES ('.biz', '0');
INSERT INTO `chat_censor` VALUES ('.servegame', '2');
INSERT INTO `chat_censor` VALUES ('trevonwow', '2');
INSERT INTO `chat_censor` VALUES ('megawow', '2');
INSERT INTO `chat_censor` VALUES ('fatalwow', '2');
INSERT INTO `chat_censor` VALUES ('uniforgiven-wow', '2');
INSERT INTO `chat_censor` VALUES ('wow-autolouco', '2');
INSERT INTO `chat_censor` VALUES ('heaven-wow', '2');
INSERT INTO `chat_censor` VALUES ('fireballwow', '2');
INSERT INTO `chat_censor` VALUES ('wowbrasilpa', '2');
INSERT INTO `chat_censor` VALUES ('fatalitywow', '2');
INSERT INTO `chat_censor` VALUES ('demonic-wow', '2');
INSERT INTO `chat_censor` VALUES ('revenge-wow', '2');
INSERT INTO `chat_censor` VALUES ('heavenwow', '2');
INSERT INTO `chat_censor` VALUES ('undead-wow', '2');
INSERT INTO `chat_censor` VALUES ('linebr', '1');
INSERT INTO `chat_censor` VALUES ('azralon', '1');
INSERT INTO `chat_censor` VALUES ('wow-', '0');
INSERT INTO `chat_censor` VALUES ('spectrallwow', '2');
INSERT INTO `chat_censor` VALUES ('wowrean', '2');
INSERT INTO `chat_censor` VALUES ('.tk', '0');
INSERT INTO `chat_censor` VALUES ('.ml', '0');
INSERT INTO `chat_censor` VALUES ('.org', '0');
INSERT INTO `chat_censor` VALUES ('.cf', '0');
INSERT INTO `chat_censor` VALUES ('wow-mx', '2');
INSERT INTO `chat_censor` VALUES ('reinodelcaos', '2');
INSERT INTO `chat_censor` VALUES ('reinodelcaos.net', '2');
INSERT INTO `chat_censor` VALUES ('.com', '1');
INSERT INTO `chat_censor` VALUES ('.net', '1');
INSERT INTO `chat_censor` VALUES ('sulvus', '2');
INSERT INTO `chat_censor` VALUES ('vgaming', '2');
INSERT INTO `chat_censor` VALUES ('Wow-destro', '2');
INSERT INTO `chat_censor` VALUES ('destrowow', '3');
INSERT INTO `chat_censor` VALUES ('wowdestro.com', '2');
INSERT INTO `chat_censor` VALUES ('wowdestro.com', '2');
INSERT INTO `chat_censor` VALUES ('sulvus', '2');
INSERT INTO `chat_censor` VALUES ('wowzakrash', '2');
INSERT INTO `chat_censor` VALUES ('wowbolivian', '2');

-- ----------------------------
-- Table structure for chat_registro
-- ----------------------------
DROP TABLE IF EXISTS `chat_registro`;
CREATE TABLE `chat_registro` (
  `accid` int(11) NOT NULL,
  `pjid` int(11) DEFAULT NULL,
  `pj` varchar(255) DEFAULT NULL,
  `fecha` varchar(255) DEFAULT NULL,
  `ip` varchar(255) DEFAULT NULL,
  `canal` varchar(255) DEFAULT NULL,
  `mensaje` varchar(255) DEFAULT NULL,
  PRIMARY KEY (`accid`)
) ENGINE=InnoDB DEFAULT CHARSET=utf8;

-- ----------------------------
-- Records of chat_registro
-- ----------------------------

-- ----------------------------
-- Table structure for ip2nation
-- ----------------------------
DROP TABLE IF EXISTS `ip2nation`;
CREATE TABLE `ip2nation` (
  `ip` int(11) unsigned NOT NULL DEFAULT '0',
  `country` char(2) NOT NULL DEFAULT '',
  KEY `ip` (`ip`)
) ENGINE=InnoDB DEFAULT CHARSET=utf8;

-- ----------------------------
-- Records of ip2nation
-- ----------------------------

-- ----------------------------
-- Table structure for ip2nationcountries
-- ----------------------------
DROP TABLE IF EXISTS `ip2nationcountries`;
CREATE TABLE `ip2nationcountries` (
  `code` varchar(4) NOT NULL DEFAULT '',
  `iso_code_2` varchar(2) NOT NULL DEFAULT '',
  `iso_code_3` varchar(3) DEFAULT '',
  `iso_country` varchar(255) NOT NULL DEFAULT '',
  `country` varchar(255) NOT NULL DEFAULT '',
  `lat` float NOT NULL DEFAULT '0',
  `lon` float NOT NULL DEFAULT '0',
  PRIMARY KEY (`code`),
  KEY `code` (`code`)
) ENGINE=InnoDB DEFAULT CHARSET=latin1;

-- ----------------------------
-- Records of ip2nationcountries
-- ----------------------------

-- ----------------------------
-- Table structure for ip_banned
-- ----------------------------
DROP TABLE IF EXISTS `ip_banned`;
CREATE TABLE `ip_banned` (
  `ip` varchar(15) NOT NULL DEFAULT '127.0.0.1',
  `bandate` int(10) unsigned NOT NULL,
  `unbandate` int(10) unsigned NOT NULL,
  `bannedby` varchar(50) NOT NULL DEFAULT '[Console]',
  `banreason` varchar(255) NOT NULL DEFAULT 'no reason',
  PRIMARY KEY (`ip`,`bandate`)
) ENGINE=InnoDB DEFAULT CHARSET=utf8 COMMENT='Banned IPs';

-- ----------------------------
-- Records of ip_banned
-- ----------------------------

-- ----------------------------
-- Table structure for logs
-- ----------------------------
DROP TABLE IF EXISTS `logs`;
CREATE TABLE `logs` (
  `time` int(10) unsigned NOT NULL,
  `realm` int(10) unsigned NOT NULL,
  `type` varchar(250) NOT NULL,
  `level` tinyint(3) unsigned NOT NULL DEFAULT '0',
  `string` text CHARACTER SET latin1
) ENGINE=InnoDB DEFAULT CHARSET=utf8;

-- ----------------------------
-- Records of logs
-- ----------------------------

-- ----------------------------
-- Table structure for logs_ip_actions
-- ----------------------------
DROP TABLE IF EXISTS `logs_ip_actions`;
CREATE TABLE `logs_ip_actions` (
  `id` int(10) unsigned NOT NULL AUTO_INCREMENT COMMENT 'Unique Identifier',
  `account_id` int(10) unsigned NOT NULL COMMENT 'Account ID',
  `character_guid` int(10) unsigned NOT NULL COMMENT 'Character Guid',
  `type` tinyint(3) unsigned NOT NULL,
  `ip` varchar(15) NOT NULL DEFAULT '127.0.0.1',
  `systemnote` text COMMENT 'Notes inserted by system',
  `unixtime` int(10) unsigned NOT NULL COMMENT 'Unixtime',
  `time` timestamp NOT NULL DEFAULT CURRENT_TIMESTAMP COMMENT 'Timestamp',
  `comment` text COMMENT 'Allows users to add a comment',
  PRIMARY KEY (`id`)
) ENGINE=InnoDB DEFAULT CHARSET=utf8 COMMENT='Used to log ips of individual actions';

-- ----------------------------
-- Records of logs_ip_actions
-- ----------------------------

-- ----------------------------
-- Table structure for navidad
-- ----------------------------
DROP TABLE IF EXISTS `navidad`;
CREATE TABLE `navidad` (
  `ip` varchar(255) DEFAULT NULL,
  `noip` varchar(255) DEFAULT NULL,
  `fecha` varchar(255) DEFAULT NULL,
  `reino` int(11) DEFAULT NULL,
  `account` varchar(255) DEFAULT NULL,
  `character` varchar(255) DEFAULT NULL,
  `charname` varchar(255) DEFAULT NULL,
  `class` varchar(255) DEFAULT NULL,
  `regalo` varchar(255) DEFAULT NULL
) ENGINE=InnoDB DEFAULT CHARSET=utf8;

-- ----------------------------
-- Records of navidad
-- ----------------------------

-- ----------------------------
-- Table structure for promo
-- ----------------------------
DROP TABLE IF EXISTS `promo`;
CREATE TABLE `promo` (
  `ip` varchar(255) DEFAULT NULL,
  `noip` int(1) DEFAULT '0',
  `fecha` varchar(255) NOT NULL,
  `reino` int(11) DEFAULT NULL,
  `account` varchar(255) NOT NULL,
  `character` varchar(255) DEFAULT NULL,
  `charname` varchar(255) DEFAULT NULL,
  `class` varchar(255) DEFAULT NULL,
  `pvp` varchar(255) DEFAULT NULL,
  `pvpfecha` varchar(255) DEFAULT NULL,
  `pve` varchar(255) DEFAULT NULL,
  `pvefecha` varchar(255) DEFAULT NULL,
  `medallon` varchar(255) DEFAULT NULL,
  `medallonfecha` varchar(255) DEFAULT NULL,
  PRIMARY KEY (`fecha`,`account`)
) ENGINE=InnoDB DEFAULT CHARSET=utf8;

-- ----------------------------
-- Records of promo
-- ----------------------------

-- ----------------------------
-- Table structure for promoconf
-- ----------------------------
DROP TABLE IF EXISTS `promoconf`;
CREATE TABLE `promoconf` (
  `reino` int(11) NOT NULL,
  `activa` int(1) DEFAULT NULL,
  `rango` int(1) DEFAULT NULL,
  `ip` int(1) DEFAULT NULL,
  `player` int(1) DEFAULT NULL,
  `vip` int(1) DEFAULT NULL,
  `moderador` int(1) DEFAULT NULL,
  `gm` int(1) DEFAULT NULL,
  `pvp` int(1) DEFAULT NULL,
  `pvp_gm` int(1) DEFAULT NULL,
  `pvp_limite` int(1) DEFAULT NULL,
  `pve` int(1) DEFAULT NULL,
  `pve_gm` int(1) DEFAULT NULL,
  `pve_limite` int(1) DEFAULT NULL,
  PRIMARY KEY (`reino`)
) ENGINE=InnoDB DEFAULT CHARSET=utf8;

-- ----------------------------
-- Records of promoconf
-- ----------------------------
INSERT INTO `promoconf` VALUES ('1', '1', '0', '2', '2', '3', '3', '0', '1', '0', '1', '1', '0', '1');
INSERT INTO `promoconf` VALUES ('2', '1', '0', '0', '0', '0', '0', '0', '1', '0', '0', '1', '3', '0');

-- ----------------------------
-- Table structure for promonoip
-- ----------------------------
DROP TABLE IF EXISTS `promonoip`;
CREATE TABLE `promonoip` (
  `account` int(1) DEFAULT NULL
) ENGINE=InnoDB DEFAULT CHARSET=utf8;

-- ----------------------------
-- Records of promonoip
-- ----------------------------
INSERT INTO `promonoip` VALUES ('886');
INSERT INTO `promonoip` VALUES ('881');
INSERT INTO `promonoip` VALUES ('882');
INSERT INTO `promonoip` VALUES ('731');
INSERT INTO `promonoip` VALUES ('911');
INSERT INTO `promonoip` VALUES ('909');
INSERT INTO `promonoip` VALUES ('910');
INSERT INTO `promonoip` VALUES ('918');
INSERT INTO `promonoip` VALUES ('924');
INSERT INTO `promonoip` VALUES ('928');
INSERT INTO `promonoip` VALUES ('962');
INSERT INTO `promonoip` VALUES ('973');
INSERT INTO `promonoip` VALUES ('1001');
INSERT INTO `promonoip` VALUES ('1004');
INSERT INTO `promonoip` VALUES ('1012');
INSERT INTO `promonoip` VALUES ('929');
INSERT INTO `promonoip` VALUES ('1014');
INSERT INTO `promonoip` VALUES ('1032');
INSERT INTO `promonoip` VALUES ('1033');
INSERT INTO `promonoip` VALUES ('1077');
INSERT INTO `promonoip` VALUES ('1053');
INSERT INTO `promonoip` VALUES ('1095');
INSERT INTO `promonoip` VALUES ('1066');
INSERT INTO `promonoip` VALUES ('1112');
INSERT INTO `promonoip` VALUES ('1136');
INSERT INTO `promonoip` VALUES ('1131');
INSERT INTO `promonoip` VALUES ('1132');
INSERT INTO `promonoip` VALUES ('1134');
INSERT INTO `promonoip` VALUES ('1140');
INSERT INTO `promonoip` VALUES ('1143');
INSERT INTO `promonoip` VALUES ('1096');
INSERT INTO `promonoip` VALUES ('1163');
INSERT INTO `promonoip` VALUES ('1164');
INSERT INTO `promonoip` VALUES ('1168');
INSERT INTO `promonoip` VALUES ('968');
INSERT INTO `promonoip` VALUES ('1248');

-- ----------------------------
-- Table structure for promoset
-- ----------------------------
DROP TABLE IF EXISTS `promoset`;
CREATE TABLE `promoset` (
  `setid` int(11) NOT NULL,
  `set` varchar(255) DEFAULT NULL,
  `faccion` varchar(255) DEFAULT NULL,
  `clase` varchar(255) DEFAULT NULL,
  `talentos` varchar(255) DEFAULT NULL,
  PRIMARY KEY (`setid`)
) ENGINE=InnoDB DEFAULT CHARSET=utf8;

-- ----------------------------
-- Records of promoset
-- ----------------------------
INSERT INTO `promoset` VALUES ('1', 'pvp', 'neutral', 'guerrero', 'dps');
INSERT INTO `promoset` VALUES ('2', 'pvp', 'neutral', 'paladin', 'dps');
INSERT INTO `promoset` VALUES ('3', 'pvp', 'neutral', 'paladin', 'heal');
INSERT INTO `promoset` VALUES ('4', 'pvp', 'neutral', 'cazador', 'dps');
INSERT INTO `promoset` VALUES ('5', 'pvp', 'neutral', 'picaro', 'dps');
INSERT INTO `promoset` VALUES ('6', 'pvp', 'neutral', 'sacerdote', 'dps');
INSERT INTO `promoset` VALUES ('7', 'pvp', 'neutral', 'sacerdote', 'heal');
INSERT INTO `promoset` VALUES ('8', 'pvp', 'neutral', 'dk', 'dps');
INSERT INTO `promoset` VALUES ('9', 'pvp', 'neutral', 'chaman', 'elemental');
INSERT INTO `promoset` VALUES ('10', 'pvp', 'neutral', 'chaman', 'mejora');
INSERT INTO `promoset` VALUES ('11', 'pvp', 'neutral', 'chaman', 'heal');
INSERT INTO `promoset` VALUES ('12', 'pvp', 'neutral', 'mago', 'dps');
INSERT INTO `promoset` VALUES ('13', 'pvp', 'neutral', 'brujo', 'dps');
INSERT INTO `promoset` VALUES ('14', 'pvp', 'neutral', 'druida', 'equilibrio');
INSERT INTO `promoset` VALUES ('15', 'pvp', 'neutral', 'druida', 'fereal');
INSERT INTO `promoset` VALUES ('16', 'pvp', 'neutral', 'druida', 'heal');
INSERT INTO `promoset` VALUES ('17', 'pvp', 'neutral', 'dk', 'escarcha');
INSERT INTO `promoset` VALUES ('18', 'pvp', 'neutral', 'guerrero', 'furia');
INSERT INTO `promoset` VALUES ('21', 'pve', 'alianza', 'guerrero', 'tank');
INSERT INTO `promoset` VALUES ('22', 'pve', 'alianza', 'guerrero', 'dps');
INSERT INTO `promoset` VALUES ('23', 'pve', 'alianza', 'paladin', 'tank');
INSERT INTO `promoset` VALUES ('24', 'pve', 'alianza', 'paladin', 'heal');
INSERT INTO `promoset` VALUES ('25', 'pve', 'alianza', 'paladin', 'dps');
INSERT INTO `promoset` VALUES ('26', 'pve', 'alianza', 'cazador', 'dps');
INSERT INTO `promoset` VALUES ('27', 'pve', 'alianza', 'picaro', 'dps');
INSERT INTO `promoset` VALUES ('28', 'pve', 'alianza', 'sacerdote', 'heal');
INSERT INTO `promoset` VALUES ('29', 'pve', 'alianza', 'sacerdote', 'dps');
INSERT INTO `promoset` VALUES ('30', 'pve', 'alianza', 'dk', 'tank');
INSERT INTO `promoset` VALUES ('31', 'pve', 'alianza', 'dk', 'dps');
INSERT INTO `promoset` VALUES ('32', 'pve', 'alianza', 'chaman', 'heal');
INSERT INTO `promoset` VALUES ('33', 'pve', 'alianza', 'chaman', 'elemental');
INSERT INTO `promoset` VALUES ('34', 'pve', 'alianza', 'chaman', 'mejora');
INSERT INTO `promoset` VALUES ('35', 'pve', 'alianza', 'mago', 'dps');
INSERT INTO `promoset` VALUES ('36', 'pve', 'alianza', 'brujo', 'dps');
INSERT INTO `promoset` VALUES ('37', 'pve', 'alianza', 'druida', 'tank');
INSERT INTO `promoset` VALUES ('38', 'pve', 'alianza', 'druida', 'heal');
INSERT INTO `promoset` VALUES ('39', 'pve', 'alianza', 'druida', 'equilibrio');
INSERT INTO `promoset` VALUES ('40', 'pve', 'alianza', 'druida', 'fereal');
INSERT INTO `promoset` VALUES ('41', 'pve', 'horda', 'guerrero', 'tank');
INSERT INTO `promoset` VALUES ('42', 'pve', 'horda', 'guerrero', 'dps');
INSERT INTO `promoset` VALUES ('43', 'pve', 'horda', 'paladin', 'tank');
INSERT INTO `promoset` VALUES ('44', 'pve', 'horda', 'paladin', 'heal');
INSERT INTO `promoset` VALUES ('45', 'pve', 'horda', 'paladin', 'dps');
INSERT INTO `promoset` VALUES ('46', 'pve', 'horda', 'cazador', 'dps');
INSERT INTO `promoset` VALUES ('47', 'pve', 'horda', 'picaro', 'dps');
INSERT INTO `promoset` VALUES ('48', 'pve', 'horda', 'sacerdote', 'heal');
INSERT INTO `promoset` VALUES ('49', 'pve', 'horda', 'sacerdote', 'dps');
INSERT INTO `promoset` VALUES ('50', 'pve', 'horda', 'dk', 'tank');
INSERT INTO `promoset` VALUES ('51', 'pve', 'horda', 'dk', 'dps');
INSERT INTO `promoset` VALUES ('52', 'pve', 'horda', 'chaman', 'heal');
INSERT INTO `promoset` VALUES ('53', 'pve', 'horda', 'chaman', 'elemental');
INSERT INTO `promoset` VALUES ('54', 'pve', 'horda', 'chaman', 'mejora');
INSERT INTO `promoset` VALUES ('55', 'pve', 'horda', 'mago', 'dps');
INSERT INTO `promoset` VALUES ('56', 'pve', 'horda', 'brujo', 'dps');
INSERT INTO `promoset` VALUES ('57', 'pve', 'horda', 'druida', 'tank');
INSERT INTO `promoset` VALUES ('58', 'pve', 'horda', 'druida', 'heal');
INSERT INTO `promoset` VALUES ('59', 'pve', 'horda', 'druida', 'equilibrio');
INSERT INTO `promoset` VALUES ('60', 'pve', 'horda', 'druida', 'fereal');

-- ----------------------------
-- Table structure for promosetitems
-- ----------------------------
DROP TABLE IF EXISTS `promosetitems`;
CREATE TABLE `promosetitems` (
  `setid` int(11) NOT NULL,
  `item` int(11) NOT NULL,
  `cantidad` int(11) DEFAULT NULL,
  `realm` int(11) DEFAULT NULL,
  PRIMARY KEY (`setid`,`item`)
) ENGINE=InnoDB DEFAULT CHARSET=utf8;

-- ----------------------------
-- Records of promosetitems
-- ----------------------------
INSERT INTO `promosetitems` VALUES ('1', '40790', '1', '-1');
INSERT INTO `promosetitems` VALUES ('1', '40810', '1', '-1');
INSERT INTO `promosetitems` VALUES ('1', '40829', '1', '-1');
INSERT INTO `promosetitems` VALUES ('1', '40850', '1', '-1');
INSERT INTO `promosetitems` VALUES ('1', '40870', '1', '-1');
INSERT INTO `promosetitems` VALUES ('1', '40881', '1', '-1');
INSERT INTO `promosetitems` VALUES ('1', '40882', '1', '-1');
INSERT INTO `promosetitems` VALUES ('1', '40889', '1', '-1');
INSERT INTO `promosetitems` VALUES ('1', '42035', '1', '-1');
INSERT INTO `promosetitems` VALUES ('1', '42074', '1', '-1');
INSERT INTO `promosetitems` VALUES ('1', '42117', '1', '-1');
INSERT INTO `promosetitems` VALUES ('1', '42131', '1', '-1');
INSERT INTO `promosetitems` VALUES ('1', '42209', '1', '-1');
INSERT INTO `promosetitems` VALUES ('1', '42486', '1', '-1');
INSERT INTO `promosetitems` VALUES ('1', '42560', '1', '-1');
INSERT INTO `promosetitems` VALUES ('2', '40792', '1', '-1');
INSERT INTO `promosetitems` VALUES ('2', '40812', '1', '-1');
INSERT INTO `promosetitems` VALUES ('2', '40831', '1', '-1');
INSERT INTO `promosetitems` VALUES ('2', '40852', '1', '-1');
INSERT INTO `promosetitems` VALUES ('2', '40872', '1', '-1');
INSERT INTO `promosetitems` VALUES ('2', '40881', '1', '-1');
INSERT INTO `promosetitems` VALUES ('2', '40882', '1', '-1');
INSERT INTO `promosetitems` VALUES ('2', '40889', '1', '-1');
INSERT INTO `promosetitems` VALUES ('2', '42035', '1', '-1');
INSERT INTO `promosetitems` VALUES ('2', '42074', '1', '-1');
INSERT INTO `promosetitems` VALUES ('2', '42117', '1', '-1');
INSERT INTO `promosetitems` VALUES ('2', '42131', '1', '-1');
INSERT INTO `promosetitems` VALUES ('2', '42333', '1', '-1');
INSERT INTO `promosetitems` VALUES ('2', '42853', '1', '-1');
INSERT INTO `promosetitems` VALUES ('3', '40910', '1', '-1');
INSERT INTO `promosetitems` VALUES ('3', '40928', '1', '-1');
INSERT INTO `promosetitems` VALUES ('3', '40934', '1', '-1');
INSERT INTO `promosetitems` VALUES ('3', '40940', '1', '-1');
INSERT INTO `promosetitems` VALUES ('3', '40964', '1', '-1');
INSERT INTO `promosetitems` VALUES ('3', '40976', '1', '-1');
INSERT INTO `promosetitems` VALUES ('3', '40977', '1', '-1');
INSERT INTO `promosetitems` VALUES ('3', '40983', '1', '-1');
INSERT INTO `promosetitems` VALUES ('3', '42038', '1', '-1');
INSERT INTO `promosetitems` VALUES ('3', '42069', '1', '-1');
INSERT INTO `promosetitems` VALUES ('3', '42116', '1', '-1');
INSERT INTO `promosetitems` VALUES ('3', '42132', '1', '-1');
INSERT INTO `promosetitems` VALUES ('3', '42353', '1', '-1');
INSERT INTO `promosetitems` VALUES ('3', '42565', '1', '-1');
INSERT INTO `promosetitems` VALUES ('3', '42615', '1', '-1');
INSERT INTO `promosetitems` VALUES ('4', '41088', '1', '-1');
INSERT INTO `promosetitems` VALUES ('4', '41144', '1', '-1');
INSERT INTO `promosetitems` VALUES ('4', '41158', '1', '-1');
INSERT INTO `promosetitems` VALUES ('4', '41206', '1', '-1');
INSERT INTO `promosetitems` VALUES ('4', '41218', '1', '-1');
INSERT INTO `promosetitems` VALUES ('4', '41225', '1', '-1');
INSERT INTO `promosetitems` VALUES ('4', '41230', '1', '-1');
INSERT INTO `promosetitems` VALUES ('4', '41235', '1', '-1');
INSERT INTO `promosetitems` VALUES ('4', '42034', '1', '-1');
INSERT INTO `promosetitems` VALUES ('4', '42074', '1', '-1');
INSERT INTO `promosetitems` VALUES ('4', '42117', '1', '-1');
INSERT INTO `promosetitems` VALUES ('4', '42131', '1', '-1');
INSERT INTO `promosetitems` VALUES ('4', '42328', '1', '-1');
INSERT INTO `promosetitems` VALUES ('4', '42491', '1', '-1');
INSERT INTO `promosetitems` VALUES ('5', '41651', '1', '-1');
INSERT INTO `promosetitems` VALUES ('5', '41656', '1', '-1');
INSERT INTO `promosetitems` VALUES ('5', '41673', '1', '-1');
INSERT INTO `promosetitems` VALUES ('5', '41684', '1', '-1');
INSERT INTO `promosetitems` VALUES ('5', '41768', '1', '-1');
INSERT INTO `promosetitems` VALUES ('5', '41832', '1', '-1');
INSERT INTO `promosetitems` VALUES ('5', '41836', '1', '-1');
INSERT INTO `promosetitems` VALUES ('5', '41840', '1', '-1');
INSERT INTO `promosetitems` VALUES ('5', '42034', '1', '-1');
INSERT INTO `promosetitems` VALUES ('5', '42074', '1', '-1');
INSERT INTO `promosetitems` VALUES ('5', '42117', '1', '-1');
INSERT INTO `promosetitems` VALUES ('5', '42131', '1', '-1');
INSERT INTO `promosetitems` VALUES ('5', '42243', '1', '-1');
INSERT INTO `promosetitems` VALUES ('5', '42256', '1', '-1');
INSERT INTO `promosetitems` VALUES ('5', '42451', '1', '-1');
INSERT INTO `promosetitems` VALUES ('6', '41898', '1', '-1');
INSERT INTO `promosetitems` VALUES ('6', '41903', '1', '-1');
INSERT INTO `promosetitems` VALUES ('6', '41909', '1', '-1');
INSERT INTO `promosetitems` VALUES ('6', '41916', '1', '-1');
INSERT INTO `promosetitems` VALUES ('6', '41922', '1', '-1');
INSERT INTO `promosetitems` VALUES ('6', '41928', '1', '-1');
INSERT INTO `promosetitems` VALUES ('6', '41935', '1', '-1');
INSERT INTO `promosetitems` VALUES ('6', '41941', '1', '-1');
INSERT INTO `promosetitems` VALUES ('6', '42036', '1', '-1');
INSERT INTO `promosetitems` VALUES ('6', '42069', '1', '-1');
INSERT INTO `promosetitems` VALUES ('6', '42116', '1', '-1');
INSERT INTO `promosetitems` VALUES ('6', '42130', '1', '-1');
INSERT INTO `promosetitems` VALUES ('6', '42503', '1', '-1');
INSERT INTO `promosetitems` VALUES ('6', '44421', '1', '-1');
INSERT INTO `promosetitems` VALUES ('7', '41855', '1', '-1');
INSERT INTO `promosetitems` VALUES ('7', '41860', '1', '-1');
INSERT INTO `promosetitems` VALUES ('7', '41865', '1', '-1');
INSERT INTO `promosetitems` VALUES ('7', '41870', '1', '-1');
INSERT INTO `promosetitems` VALUES ('7', '41875', '1', '-1');
INSERT INTO `promosetitems` VALUES ('7', '41881', '1', '-1');
INSERT INTO `promosetitems` VALUES ('7', '41885', '1', '-1');
INSERT INTO `promosetitems` VALUES ('7', '41893', '1', '-1');
INSERT INTO `promosetitems` VALUES ('7', '42039', '1', '-1');
INSERT INTO `promosetitems` VALUES ('7', '42072', '1', '-1');
INSERT INTO `promosetitems` VALUES ('7', '42116', '1', '-1');
INSERT INTO `promosetitems` VALUES ('7', '42132', '1', '-1');
INSERT INTO `promosetitems` VALUES ('7', '42385', '1', '-1');
INSERT INTO `promosetitems` VALUES ('7', '42503', '1', '-1');
INSERT INTO `promosetitems` VALUES ('8', '40791', '1', '-1');
INSERT INTO `promosetitems` VALUES ('8', '40811', '1', '-1');
INSERT INTO `promosetitems` VALUES ('8', '40830', '1', '-1');
INSERT INTO `promosetitems` VALUES ('8', '40851', '1', '-1');
INSERT INTO `promosetitems` VALUES ('8', '40871', '1', '-1');
INSERT INTO `promosetitems` VALUES ('8', '40881', '1', '-1');
INSERT INTO `promosetitems` VALUES ('8', '40882', '1', '-1');
INSERT INTO `promosetitems` VALUES ('8', '40889', '1', '-1');
INSERT INTO `promosetitems` VALUES ('8', '42035', '1', '-1');
INSERT INTO `promosetitems` VALUES ('8', '42074', '1', '-1');
INSERT INTO `promosetitems` VALUES ('8', '42117', '1', '-1');
INSERT INTO `promosetitems` VALUES ('8', '42131', '1', '-1');
INSERT INTO `promosetitems` VALUES ('8', '42318', '1', '-1');
INSERT INTO `promosetitems` VALUES ('8', '42621', '1', '-1');
INSERT INTO `promosetitems` VALUES ('9', '40995', '1', '-1');
INSERT INTO `promosetitems` VALUES ('9', '41008', '1', '-1');
INSERT INTO `promosetitems` VALUES ('9', '41020', '1', '-1');
INSERT INTO `promosetitems` VALUES ('9', '41034', '1', '-1');
INSERT INTO `promosetitems` VALUES ('9', '41045', '1', '-1');
INSERT INTO `promosetitems` VALUES ('9', '41065', '1', '-1');
INSERT INTO `promosetitems` VALUES ('9', '41070', '1', '-1');
INSERT INTO `promosetitems` VALUES ('9', '41075', '1', '-1');
INSERT INTO `promosetitems` VALUES ('9', '42036', '1', '-1');
INSERT INTO `promosetitems` VALUES ('9', '42069', '1', '-1');
INSERT INTO `promosetitems` VALUES ('9', '42116', '1', '-1');
INSERT INTO `promosetitems` VALUES ('9', '42129', '1', '-1');
INSERT INTO `promosetitems` VALUES ('9', '42353', '1', '-1');
INSERT INTO `promosetitems` VALUES ('9', '42565', '1', '-1');
INSERT INTO `promosetitems` VALUES ('9', '42608', '1', '-1');
INSERT INTO `promosetitems` VALUES ('10', '41082', '1', '-1');
INSERT INTO `promosetitems` VALUES ('10', '41138', '1', '-1');
INSERT INTO `promosetitems` VALUES ('10', '41152', '1', '-1');
INSERT INTO `promosetitems` VALUES ('10', '41200', '1', '-1');
INSERT INTO `promosetitems` VALUES ('10', '41212', '1', '-1');
INSERT INTO `promosetitems` VALUES ('10', '41225', '1', '-1');
INSERT INTO `promosetitems` VALUES ('10', '41230', '1', '-1');
INSERT INTO `promosetitems` VALUES ('10', '41235', '1', '-1');
INSERT INTO `promosetitems` VALUES ('10', '42034', '1', '-1');
INSERT INTO `promosetitems` VALUES ('10', '42074', '1', '-1');
INSERT INTO `promosetitems` VALUES ('10', '42117', '1', '-1');
INSERT INTO `promosetitems` VALUES ('10', '42131', '1', '-1');
INSERT INTO `promosetitems` VALUES ('10', '42261', '1', '-1');
INSERT INTO `promosetitems` VALUES ('10', '42271', '1', '-1');
INSERT INTO `promosetitems` VALUES ('10', '42608', '1', '-1');
INSERT INTO `promosetitems` VALUES ('11', '40994', '1', '-1');
INSERT INTO `promosetitems` VALUES ('11', '41002', '1', '-1');
INSERT INTO `promosetitems` VALUES ('11', '41014', '1', '-1');
INSERT INTO `promosetitems` VALUES ('11', '41028', '1', '-1');
INSERT INTO `promosetitems` VALUES ('11', '41039', '1', '-1');
INSERT INTO `promosetitems` VALUES ('11', '41051', '1', '-1');
INSERT INTO `promosetitems` VALUES ('11', '41055', '1', '-1');
INSERT INTO `promosetitems` VALUES ('11', '41060', '1', '-1');
INSERT INTO `promosetitems` VALUES ('11', '42040', '1', '-1');
INSERT INTO `promosetitems` VALUES ('11', '42072', '1', '-1');
INSERT INTO `promosetitems` VALUES ('11', '42116', '1', '-1');
INSERT INTO `promosetitems` VALUES ('11', '42132', '1', '-1');
INSERT INTO `promosetitems` VALUES ('11', '42353', '1', '-1');
INSERT INTO `promosetitems` VALUES ('11', '42571', '1', '-1');
INSERT INTO `promosetitems` VALUES ('11', '42598', '1', '-1');
INSERT INTO `promosetitems` VALUES ('12', '41898', '1', '-1');
INSERT INTO `promosetitems` VALUES ('12', '41903', '1', '-1');
INSERT INTO `promosetitems` VALUES ('12', '41909', '1', '-1');
INSERT INTO `promosetitems` VALUES ('12', '41947', '1', '-1');
INSERT INTO `promosetitems` VALUES ('12', '41954', '1', '-1');
INSERT INTO `promosetitems` VALUES ('12', '41960', '1', '-1');
INSERT INTO `promosetitems` VALUES ('12', '41966', '1', '-1');
INSERT INTO `promosetitems` VALUES ('12', '41972', '1', '-1');
INSERT INTO `promosetitems` VALUES ('12', '42036', '1', '-1');
INSERT INTO `promosetitems` VALUES ('12', '42069', '1', '-1');
INSERT INTO `promosetitems` VALUES ('12', '42116', '1', '-1');
INSERT INTO `promosetitems` VALUES ('12', '42130', '1', '-1');
INSERT INTO `promosetitems` VALUES ('12', '42503', '1', '-1');
INSERT INTO `promosetitems` VALUES ('12', '44421', '1', '-1');
INSERT INTO `promosetitems` VALUES ('13', '41898', '1', '-1');
INSERT INTO `promosetitems` VALUES ('13', '41903', '1', '-1');
INSERT INTO `promosetitems` VALUES ('13', '41909', '1', '-1');
INSERT INTO `promosetitems` VALUES ('13', '41994', '1', '-1');
INSERT INTO `promosetitems` VALUES ('13', '41999', '1', '-1');
INSERT INTO `promosetitems` VALUES ('13', '42006', '1', '-1');
INSERT INTO `promosetitems` VALUES ('13', '42012', '1', '-1');
INSERT INTO `promosetitems` VALUES ('13', '42018', '1', '-1');
INSERT INTO `promosetitems` VALUES ('13', '42036', '1', '-1');
INSERT INTO `promosetitems` VALUES ('13', '42069', '1', '-1');
INSERT INTO `promosetitems` VALUES ('13', '42116', '1', '-1');
INSERT INTO `promosetitems` VALUES ('13', '42130', '1', '-1');
INSERT INTO `promosetitems` VALUES ('13', '42503', '1', '-1');
INSERT INTO `promosetitems` VALUES ('13', '44421', '1', '-1');
INSERT INTO `promosetitems` VALUES ('14', '41282', '1', '-1');
INSERT INTO `promosetitems` VALUES ('14', '41294', '1', '-1');
INSERT INTO `promosetitems` VALUES ('14', '41305', '1', '-1');
INSERT INTO `promosetitems` VALUES ('14', '41317', '1', '-1');
INSERT INTO `promosetitems` VALUES ('14', '41328', '1', '-1');
INSERT INTO `promosetitems` VALUES ('14', '41621', '1', '-1');
INSERT INTO `promosetitems` VALUES ('14', '41630', '1', '-1');
INSERT INTO `promosetitems` VALUES ('14', '41640', '1', '-1');
INSERT INTO `promosetitems` VALUES ('14', '42036', '1', '-1');
INSERT INTO `promosetitems` VALUES ('14', '42069', '1', '-1');
INSERT INTO `promosetitems` VALUES ('14', '42116', '1', '-1');
INSERT INTO `promosetitems` VALUES ('14', '42129', '1', '-1');
INSERT INTO `promosetitems` VALUES ('14', '42584', '1', '-1');
INSERT INTO `promosetitems` VALUES ('14', '45953', '1', '-1');
INSERT INTO `promosetitems` VALUES ('15', '41662', '1', '-1');
INSERT INTO `promosetitems` VALUES ('15', '41668', '1', '-1');
INSERT INTO `promosetitems` VALUES ('15', '41679', '1', '-1');
INSERT INTO `promosetitems` VALUES ('15', '41716', '1', '-1');
INSERT INTO `promosetitems` VALUES ('15', '41774', '1', '-1');
INSERT INTO `promosetitems` VALUES ('15', '41832', '1', '-1');
INSERT INTO `promosetitems` VALUES ('15', '41836', '1', '-1');
INSERT INTO `promosetitems` VALUES ('15', '41840', '1', '-1');
INSERT INTO `promosetitems` VALUES ('15', '42034', '1', '-1');
INSERT INTO `promosetitems` VALUES ('15', '42074', '1', '-1');
INSERT INTO `promosetitems` VALUES ('15', '42117', '1', '-1');
INSERT INTO `promosetitems` VALUES ('15', '42131', '1', '-1');
INSERT INTO `promosetitems` VALUES ('15', '42589', '1', '-1');
INSERT INTO `promosetitems` VALUES ('15', '45952', '1', '-1');
INSERT INTO `promosetitems` VALUES ('16', '41276', '1', '-1');
INSERT INTO `promosetitems` VALUES ('16', '41288', '1', '-1');
INSERT INTO `promosetitems` VALUES ('16', '41299', '1', '-1');
INSERT INTO `promosetitems` VALUES ('16', '41311', '1', '-1');
INSERT INTO `promosetitems` VALUES ('16', '41322', '1', '-1');
INSERT INTO `promosetitems` VALUES ('16', '41617', '1', '-1');
INSERT INTO `promosetitems` VALUES ('16', '41621', '1', '-1');
INSERT INTO `promosetitems` VALUES ('16', '41625', '1', '-1');
INSERT INTO `promosetitems` VALUES ('16', '42036', '1', '-1');
INSERT INTO `promosetitems` VALUES ('16', '42072', '1', '-1');
INSERT INTO `promosetitems` VALUES ('16', '42116', '1', '-1');
INSERT INTO `promosetitems` VALUES ('16', '42130', '1', '-1');
INSERT INTO `promosetitems` VALUES ('16', '42385', '1', '-1');
INSERT INTO `promosetitems` VALUES ('16', '42579', '1', '-1');
INSERT INTO `promosetitems` VALUES ('17', '40791', '1', '-1');
INSERT INTO `promosetitems` VALUES ('17', '40811', '1', '-1');
INSERT INTO `promosetitems` VALUES ('17', '40830', '1', '-1');
INSERT INTO `promosetitems` VALUES ('17', '40851', '1', '-1');
INSERT INTO `promosetitems` VALUES ('17', '40871', '1', '-1');
INSERT INTO `promosetitems` VALUES ('17', '40881', '1', '-1');
INSERT INTO `promosetitems` VALUES ('17', '40882', '1', '-1');
INSERT INTO `promosetitems` VALUES ('17', '40889', '1', '-1');
INSERT INTO `promosetitems` VALUES ('17', '42035', '1', '-1');
INSERT INTO `promosetitems` VALUES ('17', '42074', '1', '-1');
INSERT INTO `promosetitems` VALUES ('17', '42117', '1', '-1');
INSERT INTO `promosetitems` VALUES ('17', '42131', '1', '-1');
INSERT INTO `promosetitems` VALUES ('17', '42209', '2', '-1');
INSERT INTO `promosetitems` VALUES ('17', '42621', '1', '-1');
INSERT INTO `promosetitems` VALUES ('18', '40790', '1', '-1');
INSERT INTO `promosetitems` VALUES ('18', '40810', '1', '-1');
INSERT INTO `promosetitems` VALUES ('18', '40829', '1', '-1');
INSERT INTO `promosetitems` VALUES ('18', '40850', '1', '-1');
INSERT INTO `promosetitems` VALUES ('18', '40870', '1', '-1');
INSERT INTO `promosetitems` VALUES ('18', '40881', '1', '-1');
INSERT INTO `promosetitems` VALUES ('18', '40882', '1', '-1');
INSERT INTO `promosetitems` VALUES ('18', '40889', '1', '-1');
INSERT INTO `promosetitems` VALUES ('18', '42035', '1', '-1');
INSERT INTO `promosetitems` VALUES ('18', '42074', '1', '-1');
INSERT INTO `promosetitems` VALUES ('18', '42117', '1', '-1');
INSERT INTO `promosetitems` VALUES ('18', '42131', '1', '-1');
INSERT INTO `promosetitems` VALUES ('18', '42318', '2', '-1');
INSERT INTO `promosetitems` VALUES ('18', '42486', '1', '-1');
INSERT INTO `promosetitems` VALUES ('21', '40257', '1', '-1');
INSERT INTO `promosetitems` VALUES ('21', '40372', '1', '-1');
INSERT INTO `promosetitems` VALUES ('21', '40385', '1', '-1');
INSERT INTO `promosetitems` VALUES ('21', '40387', '1', '-1');
INSERT INTO `promosetitems` VALUES ('21', '45111', '1', '-1');
INSERT INTO `promosetitems` VALUES ('21', '45112', '1', '-1');
INSERT INTO `promosetitems` VALUES ('21', '45319', '1', '-1');
INSERT INTO `promosetitems` VALUES ('21', '45326', '1', '-1');
INSERT INTO `promosetitems` VALUES ('21', '45542', '1', '-1');
INSERT INTO `promosetitems` VALUES ('21', '45825', '1', '-1');
INSERT INTO `promosetitems` VALUES ('21', '45877', '1', '-1');
INSERT INTO `promosetitems` VALUES ('21', '48433', '1', '-1');
INSERT INTO `promosetitems` VALUES ('21', '48447', '1', '-1');
INSERT INTO `promosetitems` VALUES ('21', '48451', '1', '-1');
INSERT INTO `promosetitems` VALUES ('21', '48453', '1', '-1');
INSERT INTO `promosetitems` VALUES ('21', '48455', '1', '-1');
INSERT INTO `promosetitems` VALUES ('21', '50290', '1', '-1');
INSERT INTO `promosetitems` VALUES ('22', '40256', '1', '-1');
INSERT INTO `promosetitems` VALUES ('22', '40385', '1', '-1');
INSERT INTO `promosetitems` VALUES ('22', '40431', '1', '-1');
INSERT INTO `promosetitems` VALUES ('22', '45138', '1', '-1');
INSERT INTO `promosetitems` VALUES ('22', '45250', '1', '-1');
INSERT INTO `promosetitems` VALUES ('22', '45501', '1', '-1');
INSERT INTO `promosetitems` VALUES ('22', '45540', '1', '-1');
INSERT INTO `promosetitems` VALUES ('22', '45888', '1', '-1');
INSERT INTO `promosetitems` VALUES ('22', '46040', '1', '-1');
INSERT INTO `promosetitems` VALUES ('22', '46041', '1', '-1');
INSERT INTO `promosetitems` VALUES ('22', '48381', '1', '-1');
INSERT INTO `promosetitems` VALUES ('22', '48382', '1', '-1');
INSERT INTO `promosetitems` VALUES ('22', '48383', '1', '-1');
INSERT INTO `promosetitems` VALUES ('22', '48384', '1', '-1');
INSERT INTO `promosetitems` VALUES ('22', '48385', '1', '-1');
INSERT INTO `promosetitems` VALUES ('22', '50267', '2', '-1');
INSERT INTO `promosetitems` VALUES ('23', '40257', '1', '-1');
INSERT INTO `promosetitems` VALUES ('23', '40372', '1', '-1');
INSERT INTO `promosetitems` VALUES ('23', '40387', '1', '-1');
INSERT INTO `promosetitems` VALUES ('23', '45111', '1', '-1');
INSERT INTO `promosetitems` VALUES ('23', '45112', '1', '-1');
INSERT INTO `promosetitems` VALUES ('23', '45139', '1', '-1');
INSERT INTO `promosetitems` VALUES ('23', '45145', '1', '-1');
INSERT INTO `promosetitems` VALUES ('23', '45319', '1', '-1');
INSERT INTO `promosetitems` VALUES ('23', '45326', '1', '-1');
INSERT INTO `promosetitems` VALUES ('23', '45542', '1', '-1');
INSERT INTO `promosetitems` VALUES ('23', '45877', '1', '-1');
INSERT INTO `promosetitems` VALUES ('23', '48642', '1', '-1');
INSERT INTO `promosetitems` VALUES ('23', '48643', '1', '-1');
INSERT INTO `promosetitems` VALUES ('23', '48644', '1', '-1');
INSERT INTO `promosetitems` VALUES ('23', '48645', '1', '-1');
INSERT INTO `promosetitems` VALUES ('23', '48646', '1', '-1');
INSERT INTO `promosetitems` VALUES ('23', '50290', '1', '-1');
INSERT INTO `promosetitems` VALUES ('24', '40258', '1', '-1');
INSERT INTO `promosetitems` VALUES ('24', '40399', '1', '-1');
INSERT INTO `promosetitems` VALUES ('24', '40432', '1', '-1');
INSERT INTO `promosetitems` VALUES ('24', '40592', '1', '-1');
INSERT INTO `promosetitems` VALUES ('24', '44005', '1', '-1');
INSERT INTO `promosetitems` VALUES ('24', '45147', '1', '-1');
INSERT INTO `promosetitems` VALUES ('24', '45235', '1', '-1');
INSERT INTO `promosetitems` VALUES ('24', '45252', '1', '-1');
INSERT INTO `promosetitems` VALUES ('24', '45436', '1', '-1');
INSERT INTO `promosetitems` VALUES ('24', '45505', '1', '-1');
INSERT INTO `promosetitems` VALUES ('24', '45887', '1', '-1');
INSERT INTO `promosetitems` VALUES ('24', '46047', '1', '-1');
INSERT INTO `promosetitems` VALUES ('24', '48580', '1', '-1');
INSERT INTO `promosetitems` VALUES ('24', '48581', '1', '-1');
INSERT INTO `promosetitems` VALUES ('24', '48582', '1', '-1');
INSERT INTO `promosetitems` VALUES ('24', '48583', '1', '-1');
INSERT INTO `promosetitems` VALUES ('24', '48584', '1', '-1');
INSERT INTO `promosetitems` VALUES ('25', '40256', '1', '-1');
INSERT INTO `promosetitems` VALUES ('25', '40431', '1', '-1');
INSERT INTO `promosetitems` VALUES ('25', '40591', '1', '-1');
INSERT INTO `promosetitems` VALUES ('25', '45106', '1', '-1');
INSERT INTO `promosetitems` VALUES ('25', '45138', '1', '-1');
INSERT INTO `promosetitems` VALUES ('25', '45193', '1', '-1');
INSERT INTO `promosetitems` VALUES ('25', '45250', '1', '-1');
INSERT INTO `promosetitems` VALUES ('25', '45510', '1', '-1');
INSERT INTO `promosetitems` VALUES ('25', '45824', '1', '-1');
INSERT INTO `promosetitems` VALUES ('25', '45888', '1', '-1');
INSERT INTO `promosetitems` VALUES ('25', '48612', '1', '-1');
INSERT INTO `promosetitems` VALUES ('25', '48613', '1', '-1');
INSERT INTO `promosetitems` VALUES ('25', '48614', '1', '-1');
INSERT INTO `promosetitems` VALUES ('25', '48615', '1', '-1');
INSERT INTO `promosetitems` VALUES ('25', '48616', '1', '-1');
INSERT INTO `promosetitems` VALUES ('25', '49299', '1', '-1');
INSERT INTO `promosetitems` VALUES ('26', '40256', '1', '-1');
INSERT INTO `promosetitems` VALUES ('26', '40403', '1', '-1');
INSERT INTO `promosetitems` VALUES ('26', '40431', '1', '-1');
INSERT INTO `promosetitems` VALUES ('26', '40549', '1', '-1');
INSERT INTO `promosetitems` VALUES ('26', '45157', '1', '-1');
INSERT INTO `promosetitems` VALUES ('26', '45327', '1', '-1');
INSERT INTO `promosetitems` VALUES ('26', '45454', '1', '-1');
INSERT INTO `promosetitems` VALUES ('26', '45456', '1', '-1');
INSERT INTO `promosetitems` VALUES ('26', '45498', '1', '-1');
INSERT INTO `promosetitems` VALUES ('26', '45827', '1', '-1');
INSERT INTO `promosetitems` VALUES ('26', '45945', '1', '-1');
INSERT INTO `promosetitems` VALUES ('26', '48260', '1', '-1');
INSERT INTO `promosetitems` VALUES ('26', '48261', '1', '-1');
INSERT INTO `promosetitems` VALUES ('26', '48262', '1', '-1');
INSERT INTO `promosetitems` VALUES ('26', '48263', '1', '-1');
INSERT INTO `promosetitems` VALUES ('26', '48264', '1', '-1');
INSERT INTO `promosetitems` VALUES ('27', '40256', '1', '-1');
INSERT INTO `promosetitems` VALUES ('27', '40371', '1', '-1');
INSERT INTO `promosetitems` VALUES ('27', '40403', '1', '-1');
INSERT INTO `promosetitems` VALUES ('27', '44664', '1', '-1');
INSERT INTO `promosetitems` VALUES ('27', '45086', '1', '-1');
INSERT INTO `promosetitems` VALUES ('27', '45108', '1', '-1');
INSERT INTO `promosetitems` VALUES ('27', '45157', '1', '-1');
INSERT INTO `promosetitems` VALUES ('27', '45162', '1', '-1');
INSERT INTO `promosetitems` VALUES ('27', '45456', '1', '-1');
INSERT INTO `promosetitems` VALUES ('27', '45547', '1', '-1');
INSERT INTO `promosetitems` VALUES ('27', '48228', '1', '-1');
INSERT INTO `promosetitems` VALUES ('27', '48229', '1', '-1');
INSERT INTO `promosetitems` VALUES ('27', '48230', '1', '-1');
INSERT INTO `promosetitems` VALUES ('27', '48231', '1', '-1');
INSERT INTO `promosetitems` VALUES ('27', '48232', '1', '-1');
INSERT INTO `promosetitems` VALUES ('27', '50203', '2', '-1');
INSERT INTO `promosetitems` VALUES ('28', '40258', '1', '-1');
INSERT INTO `promosetitems` VALUES ('28', '40432', '1', '-1');
INSERT INTO `promosetitems` VALUES ('28', '45113', '1', '-1');
INSERT INTO `promosetitems` VALUES ('28', '45146', '1', '-1');
INSERT INTO `promosetitems` VALUES ('28', '45171', '1', '-1');
INSERT INTO `promosetitems` VALUES ('28', '45257', '1', '-1');
INSERT INTO `promosetitems` VALUES ('28', '45483', '1', '-1');
INSERT INTO `promosetitems` VALUES ('28', '45508', '1', '-1');
INSERT INTO `promosetitems` VALUES ('28', '45529', '1', '-1');
INSERT INTO `promosetitems` VALUES ('28', '46047', '1', '-1');
INSERT INTO `promosetitems` VALUES ('28', '46096', '1', '-1');
INSERT INTO `promosetitems` VALUES ('28', '48029', '1', '-1');
INSERT INTO `promosetitems` VALUES ('28', '48031', '1', '-1');
INSERT INTO `promosetitems` VALUES ('28', '48033', '1', '-1');
INSERT INTO `promosetitems` VALUES ('28', '48035', '1', '-1');
INSERT INTO `promosetitems` VALUES ('28', '48037', '1', '-1');
INSERT INTO `promosetitems` VALUES ('29', '40255', '1', '-1');
INSERT INTO `promosetitems` VALUES ('29', '40373', '1', '-1');
INSERT INTO `promosetitems` VALUES ('29', '44005', '1', '-1');
INSERT INTO `promosetitems` VALUES ('29', '44661', '1', '-1');
INSERT INTO `promosetitems` VALUES ('29', '45171', '1', '-1');
INSERT INTO `promosetitems` VALUES ('29', '45257', '1', '-1');
INSERT INTO `promosetitems` VALUES ('29', '45258', '1', '-1');
INSERT INTO `promosetitems` VALUES ('29', '45275', '1', '-1');
INSERT INTO `promosetitems` VALUES ('29', '45508', '1', '-1');
INSERT INTO `promosetitems` VALUES ('29', '45515', '1', '-1');
INSERT INTO `promosetitems` VALUES ('29', '46046', '1', '-1');
INSERT INTO `promosetitems` VALUES ('29', '48082', '1', '-1');
INSERT INTO `promosetitems` VALUES ('29', '48083', '1', '-1');
INSERT INTO `promosetitems` VALUES ('29', '48084', '1', '-1');
INSERT INTO `promosetitems` VALUES ('29', '48085', '1', '-1');
INSERT INTO `promosetitems` VALUES ('29', '48086', '1', '-1');
INSERT INTO `promosetitems` VALUES ('30', '40257', '1', '-1');
INSERT INTO `promosetitems` VALUES ('30', '40372', '1', '-1');
INSERT INTO `promosetitems` VALUES ('30', '45108', '1', '-1');
INSERT INTO `promosetitems` VALUES ('30', '45111', '1', '-1');
INSERT INTO `promosetitems` VALUES ('30', '45112', '1', '-1');
INSERT INTO `promosetitems` VALUES ('30', '45144', '1', '-1');
INSERT INTO `promosetitems` VALUES ('30', '45319', '1', '-1');
INSERT INTO `promosetitems` VALUES ('30', '45542', '1', '-1');
INSERT INTO `promosetitems` VALUES ('30', '45551', '1', '-1');
INSERT INTO `promosetitems` VALUES ('30', '45821', '1', '-1');
INSERT INTO `promosetitems` VALUES ('30', '45871', '1', '-1');
INSERT INTO `promosetitems` VALUES ('30', '48543', '1', '-1');
INSERT INTO `promosetitems` VALUES ('30', '48544', '1', '-1');
INSERT INTO `promosetitems` VALUES ('30', '48545', '1', '-1');
INSERT INTO `promosetitems` VALUES ('30', '48546', '1', '-1');
INSERT INTO `promosetitems` VALUES ('30', '48547', '1', '-1');
INSERT INTO `promosetitems` VALUES ('30', '50268', '2', '-1');
INSERT INTO `promosetitems` VALUES ('31', '40256', '1', '-1');
INSERT INTO `promosetitems` VALUES ('31', '40431', '1', '-1');
INSERT INTO `promosetitems` VALUES ('31', '40591', '1', '-1');
INSERT INTO `promosetitems` VALUES ('31', '45106', '1', '-1');
INSERT INTO `promosetitems` VALUES ('31', '45138', '1', '-1');
INSERT INTO `promosetitems` VALUES ('31', '45193', '1', '-1');
INSERT INTO `promosetitems` VALUES ('31', '45250', '1', '-1');
INSERT INTO `promosetitems` VALUES ('31', '45254', '1', '-1');
INSERT INTO `promosetitems` VALUES ('31', '45824', '1', '-1');
INSERT INTO `promosetitems` VALUES ('31', '45888', '1', '-1');
INSERT INTO `promosetitems` VALUES ('31', '48486', '1', '-1');
INSERT INTO `promosetitems` VALUES ('31', '48487', '1', '-1');
INSERT INTO `promosetitems` VALUES ('31', '48488', '1', '-1');
INSERT INTO `promosetitems` VALUES ('31', '48489', '1', '-1');
INSERT INTO `promosetitems` VALUES ('31', '48490', '1', '-1');
INSERT INTO `promosetitems` VALUES ('31', '50191', '2', '-1');
INSERT INTO `promosetitems` VALUES ('32', '40258', '1', '-1');
INSERT INTO `promosetitems` VALUES ('32', '40399', '1', '-1');
INSERT INTO `promosetitems` VALUES ('32', '40432', '1', '-1');
INSERT INTO `promosetitems` VALUES ('32', '44005', '1', '-1');
INSERT INTO `promosetitems` VALUES ('32', '45114', '1', '-1');
INSERT INTO `promosetitems` VALUES ('32', '45147', '1', '-1');
INSERT INTO `promosetitems` VALUES ('32', '45187', '1', '-1');
INSERT INTO `promosetitems` VALUES ('32', '45235', '1', '-1');
INSERT INTO `promosetitems` VALUES ('32', '45513', '1', '-1');
INSERT INTO `promosetitems` VALUES ('32', '45828', '1', '-1');
INSERT INTO `promosetitems` VALUES ('32', '45887', '1', '-1');
INSERT INTO `promosetitems` VALUES ('32', '46047', '1', '-1');
INSERT INTO `promosetitems` VALUES ('32', '48290', '1', '-1');
INSERT INTO `promosetitems` VALUES ('32', '48291', '1', '-1');
INSERT INTO `promosetitems` VALUES ('32', '48292', '1', '-1');
INSERT INTO `promosetitems` VALUES ('32', '48293', '1', '-1');
INSERT INTO `promosetitems` VALUES ('32', '48294', '1', '-1');
INSERT INTO `promosetitems` VALUES ('33', '40373', '1', '-1');
INSERT INTO `promosetitems` VALUES ('33', '40401', '1', '-1');
INSERT INTO `promosetitems` VALUES ('33', '40432', '1', '-1');
INSERT INTO `promosetitems` VALUES ('33', '44005', '1', '-1');
INSERT INTO `promosetitems` VALUES ('33', '44661', '1', '-1');
INSERT INTO `promosetitems` VALUES ('33', '45151', '1', '-1');
INSERT INTO `promosetitems` VALUES ('33', '45187', '1', '-1');
INSERT INTO `promosetitems` VALUES ('33', '45255', '1', '-1');
INSERT INTO `promosetitems` VALUES ('33', '45513', '1', '-1');
INSERT INTO `promosetitems` VALUES ('33', '45515', '1', '-1');
INSERT INTO `promosetitems` VALUES ('33', '46035', '1', '-1');
INSERT INTO `promosetitems` VALUES ('33', '46046', '1', '-1');
INSERT INTO `promosetitems` VALUES ('33', '48321', '1', '-1');
INSERT INTO `promosetitems` VALUES ('33', '48322', '1', '-1');
INSERT INTO `promosetitems` VALUES ('33', '48323', '1', '-1');
INSERT INTO `promosetitems` VALUES ('33', '48324', '1', '-1');
INSERT INTO `promosetitems` VALUES ('33', '48325', '1', '-1');
INSERT INTO `promosetitems` VALUES ('34', '40375', '1', '-1');
INSERT INTO `promosetitems` VALUES ('34', '40403', '1', '-1');
INSERT INTO `promosetitems` VALUES ('34', '40431', '1', '-1');
INSERT INTO `promosetitems` VALUES ('34', '40549', '1', '-1');
INSERT INTO `promosetitems` VALUES ('34', '45169', '1', '-1');
INSERT INTO `promosetitems` VALUES ('34', '45454', '1', '-1');
INSERT INTO `promosetitems` VALUES ('34', '45467', '1', '-1');
INSERT INTO `promosetitems` VALUES ('34', '45503', '1', '-1');
INSERT INTO `promosetitems` VALUES ('34', '45945', '1', '-1');
INSERT INTO `promosetitems` VALUES ('34', '46048', '1', '-1');
INSERT INTO `promosetitems` VALUES ('34', '48351', '1', '-1');
INSERT INTO `promosetitems` VALUES ('34', '48352', '1', '-1');
INSERT INTO `promosetitems` VALUES ('34', '48353', '1', '-1');
INSERT INTO `promosetitems` VALUES ('34', '48354', '1', '-1');
INSERT INTO `promosetitems` VALUES ('34', '48355', '1', '-1');
INSERT INTO `promosetitems` VALUES ('34', '50191', '2', '-1');
INSERT INTO `promosetitems` VALUES ('35', '40255', '1', '-1');
INSERT INTO `promosetitems` VALUES ('35', '40373', '1', '-1');
INSERT INTO `promosetitems` VALUES ('35', '44005', '1', '-1');
INSERT INTO `promosetitems` VALUES ('35', '44661', '1', '-1');
INSERT INTO `promosetitems` VALUES ('35', '45171', '1', '-1');
INSERT INTO `promosetitems` VALUES ('35', '45257', '1', '-1');
INSERT INTO `promosetitems` VALUES ('35', '45258', '1', '-1');
INSERT INTO `promosetitems` VALUES ('35', '45275', '1', '-1');
INSERT INTO `promosetitems` VALUES ('35', '45508', '1', '-1');
INSERT INTO `promosetitems` VALUES ('35', '45515', '1', '-1');
INSERT INTO `promosetitems` VALUES ('35', '46046', '1', '-1');
INSERT INTO `promosetitems` VALUES ('35', '47758', '1', '-1');
INSERT INTO `promosetitems` VALUES ('35', '47759', '1', '-1');
INSERT INTO `promosetitems` VALUES ('35', '47760', '1', '-1');
INSERT INTO `promosetitems` VALUES ('35', '47761', '1', '-1');
INSERT INTO `promosetitems` VALUES ('35', '47762', '1', '-1');
INSERT INTO `promosetitems` VALUES ('36', '40255', '1', '-1');
INSERT INTO `promosetitems` VALUES ('36', '40373', '1', '-1');
INSERT INTO `promosetitems` VALUES ('36', '44005', '1', '-1');
INSERT INTO `promosetitems` VALUES ('36', '44661', '1', '-1');
INSERT INTO `promosetitems` VALUES ('36', '45171', '1', '-1');
INSERT INTO `promosetitems` VALUES ('36', '45257', '1', '-1');
INSERT INTO `promosetitems` VALUES ('36', '45258', '1', '-1');
INSERT INTO `promosetitems` VALUES ('36', '45275', '1', '-1');
INSERT INTO `promosetitems` VALUES ('36', '45508', '1', '-1');
INSERT INTO `promosetitems` VALUES ('36', '45515', '1', '-1');
INSERT INTO `promosetitems` VALUES ('36', '46046', '1', '-1');
INSERT INTO `promosetitems` VALUES ('36', '47788', '1', '-1');
INSERT INTO `promosetitems` VALUES ('36', '47789', '1', '-1');
INSERT INTO `promosetitems` VALUES ('36', '47790', '1', '-1');
INSERT INTO `promosetitems` VALUES ('36', '47791', '1', '-1');
INSERT INTO `promosetitems` VALUES ('36', '47792', '1', '-1');
INSERT INTO `promosetitems` VALUES ('37', '40257', '1', '-1');
INSERT INTO `promosetitems` VALUES ('37', '40372', '1', '-1');
INSERT INTO `promosetitems` VALUES ('37', '40403', '1', '-1');
INSERT INTO `promosetitems` VALUES ('37', '44664', '1', '-1');
INSERT INTO `promosetitems` VALUES ('37', '45108', '1', '-1');
INSERT INTO `promosetitems` VALUES ('37', '45162', '1', '-1');
INSERT INTO `promosetitems` VALUES ('37', '45503', '1', '-1');
INSERT INTO `promosetitems` VALUES ('37', '45509', '1', '-1');
INSERT INTO `promosetitems` VALUES ('37', '45547', '1', '-1');
INSERT INTO `promosetitems` VALUES ('37', '46048', '1', '-1');
INSERT INTO `promosetitems` VALUES ('37', '47834', '1', '-1');
INSERT INTO `promosetitems` VALUES ('37', '48203', '1', '-1');
INSERT INTO `promosetitems` VALUES ('37', '48204', '1', '-1');
INSERT INTO `promosetitems` VALUES ('37', '48205', '1', '-1');
INSERT INTO `promosetitems` VALUES ('37', '48206', '1', '-1');
INSERT INTO `promosetitems` VALUES ('37', '48207', '1', '-1');
INSERT INTO `promosetitems` VALUES ('38', '40258', '1', '-1');
INSERT INTO `promosetitems` VALUES ('38', '40432', '1', '-1');
INSERT INTO `promosetitems` VALUES ('38', '40566', '1', '-1');
INSERT INTO `promosetitems` VALUES ('38', '45113', '1', '-1');
INSERT INTO `promosetitems` VALUES ('38', '45149', '1', '-1');
INSERT INTO `promosetitems` VALUES ('38', '45171', '1', '-1');
INSERT INTO `promosetitems` VALUES ('38', '45260', '1', '-1');
INSERT INTO `promosetitems` VALUES ('38', '45529', '1', '-1');
INSERT INTO `promosetitems` VALUES ('38', '46047', '1', '-1');
INSERT INTO `promosetitems` VALUES ('38', '46096', '1', '-1');
INSERT INTO `promosetitems` VALUES ('38', '46138', '1', '-1');
INSERT INTO `promosetitems` VALUES ('38', '48138', '1', '-1');
INSERT INTO `promosetitems` VALUES ('38', '48139', '1', '-1');
INSERT INTO `promosetitems` VALUES ('38', '48140', '1', '-1');
INSERT INTO `promosetitems` VALUES ('38', '48141', '1', '-1');
INSERT INTO `promosetitems` VALUES ('38', '48142', '1', '-1');
INSERT INTO `promosetitems` VALUES ('39', '40373', '1', '-1');
INSERT INTO `promosetitems` VALUES ('39', '40432', '1', '-1');
INSERT INTO `promosetitems` VALUES ('39', '44005', '1', '-1');
INSERT INTO `promosetitems` VALUES ('39', '44661', '1', '-1');
INSERT INTO `promosetitems` VALUES ('39', '45149', '1', '-1');
INSERT INTO `promosetitems` VALUES ('39', '45260', '1', '-1');
INSERT INTO `promosetitems` VALUES ('39', '45270', '1', '-1');
INSERT INTO `promosetitems` VALUES ('39', '45515', '1', '-1');
INSERT INTO `promosetitems` VALUES ('39', '45830', '1', '-1');
INSERT INTO `promosetitems` VALUES ('39', '46046', '1', '-1');
INSERT INTO `promosetitems` VALUES ('39', '48168', '1', '-1');
INSERT INTO `promosetitems` VALUES ('39', '48169', '1', '-1');
INSERT INTO `promosetitems` VALUES ('39', '48170', '1', '-1');
INSERT INTO `promosetitems` VALUES ('39', '48171', '1', '-1');
INSERT INTO `promosetitems` VALUES ('39', '48172', '1', '-1');
INSERT INTO `promosetitems` VALUES ('39', '50273', '1', '-1');
INSERT INTO `promosetitems` VALUES ('40', '40256', '1', '-1');
INSERT INTO `promosetitems` VALUES ('40', '40403', '1', '-1');
INSERT INTO `promosetitems` VALUES ('40', '40431', '1', '-1');
INSERT INTO `promosetitems` VALUES ('40', '44664', '1', '-1');
INSERT INTO `promosetitems` VALUES ('40', '45108', '1', '-1');
INSERT INTO `promosetitems` VALUES ('40', '45157', '1', '-1');
INSERT INTO `promosetitems` VALUES ('40', '45162', '1', '-1');
INSERT INTO `promosetitems` VALUES ('40', '45498', '1', '-1');
INSERT INTO `promosetitems` VALUES ('40', '45503', '1', '-1');
INSERT INTO `promosetitems` VALUES ('40', '45509', '1', '-1');
INSERT INTO `promosetitems` VALUES ('40', '45547', '1', '-1');
INSERT INTO `promosetitems` VALUES ('40', '48203', '1', '-1');
INSERT INTO `promosetitems` VALUES ('40', '48204', '1', '-1');
INSERT INTO `promosetitems` VALUES ('40', '48205', '1', '-1');
INSERT INTO `promosetitems` VALUES ('40', '48206', '1', '-1');
INSERT INTO `promosetitems` VALUES ('40', '48207', '1', '-1');
INSERT INTO `promosetitems` VALUES ('41', '40257', '1', '-1');
INSERT INTO `promosetitems` VALUES ('41', '40372', '1', '-1');
INSERT INTO `promosetitems` VALUES ('41', '40387', '1', '-1');
INSERT INTO `promosetitems` VALUES ('41', '45111', '1', '-1');
INSERT INTO `promosetitems` VALUES ('41', '45112', '1', '-1');
INSERT INTO `promosetitems` VALUES ('41', '45137', '1', '-1');
INSERT INTO `promosetitems` VALUES ('41', '45319', '1', '-1');
INSERT INTO `promosetitems` VALUES ('41', '45326', '1', '-1');
INSERT INTO `promosetitems` VALUES ('41', '45542', '1', '-1');
INSERT INTO `promosetitems` VALUES ('41', '45825', '1', '-1');
INSERT INTO `promosetitems` VALUES ('41', '45877', '1', '-1');
INSERT INTO `promosetitems` VALUES ('41', '48466', '1', '-1');
INSERT INTO `promosetitems` VALUES ('41', '48467', '1', '-1');
INSERT INTO `promosetitems` VALUES ('41', '48468', '1', '-1');
INSERT INTO `promosetitems` VALUES ('41', '48469', '1', '-1');
INSERT INTO `promosetitems` VALUES ('41', '48470', '1', '-1');
INSERT INTO `promosetitems` VALUES ('41', '50290', '1', '-1');
INSERT INTO `promosetitems` VALUES ('42', '40256', '1', '-1');
INSERT INTO `promosetitems` VALUES ('42', '40431', '1', '-1');
INSERT INTO `promosetitems` VALUES ('42', '45137', '1', '-1');
INSERT INTO `promosetitems` VALUES ('42', '45138', '1', '-1');
INSERT INTO `promosetitems` VALUES ('42', '45250', '1', '-1');
INSERT INTO `promosetitems` VALUES ('42', '45501', '1', '-1');
INSERT INTO `promosetitems` VALUES ('42', '45540', '1', '-1');
INSERT INTO `promosetitems` VALUES ('42', '45888', '1', '-1');
INSERT INTO `promosetitems` VALUES ('42', '46040', '1', '-1');
INSERT INTO `promosetitems` VALUES ('42', '46041', '1', '-1');
INSERT INTO `promosetitems` VALUES ('42', '48396', '1', '-1');
INSERT INTO `promosetitems` VALUES ('42', '48397', '1', '-1');
INSERT INTO `promosetitems` VALUES ('42', '48398', '1', '-1');
INSERT INTO `promosetitems` VALUES ('42', '48399', '1', '-1');
INSERT INTO `promosetitems` VALUES ('42', '48400', '1', '-1');
INSERT INTO `promosetitems` VALUES ('42', '50267', '2', '-1');
INSERT INTO `promosetitems` VALUES ('43', '40257', '1', '-1');
INSERT INTO `promosetitems` VALUES ('43', '40372', '1', '-1');
INSERT INTO `promosetitems` VALUES ('43', '40387', '1', '-1');
INSERT INTO `promosetitems` VALUES ('43', '45111', '1', '-1');
INSERT INTO `promosetitems` VALUES ('43', '45112', '1', '-1');
INSERT INTO `promosetitems` VALUES ('43', '45145', '1', '-1');
INSERT INTO `promosetitems` VALUES ('43', '45319', '1', '-1');
INSERT INTO `promosetitems` VALUES ('43', '45326', '1', '-1');
INSERT INTO `promosetitems` VALUES ('43', '45542', '1', '-1');
INSERT INTO `promosetitems` VALUES ('43', '45825', '1', '-1');
INSERT INTO `promosetitems` VALUES ('43', '45877', '1', '-1');
INSERT INTO `promosetitems` VALUES ('43', '48647', '1', '-1');
INSERT INTO `promosetitems` VALUES ('43', '48648', '1', '-1');
INSERT INTO `promosetitems` VALUES ('43', '48649', '1', '-1');
INSERT INTO `promosetitems` VALUES ('43', '48650', '1', '-1');
INSERT INTO `promosetitems` VALUES ('43', '48651', '1', '-1');
INSERT INTO `promosetitems` VALUES ('43', '50290', '1', '-1');
INSERT INTO `promosetitems` VALUES ('44', '40258', '1', '-1');
INSERT INTO `promosetitems` VALUES ('44', '40399', '1', '-1');
INSERT INTO `promosetitems` VALUES ('44', '40432', '1', '-1');
INSERT INTO `promosetitems` VALUES ('44', '40592', '1', '-1');
INSERT INTO `promosetitems` VALUES ('44', '44005', '1', '-1');
INSERT INTO `promosetitems` VALUES ('44', '45147', '1', '-1');
INSERT INTO `promosetitems` VALUES ('44', '45235', '1', '-1');
INSERT INTO `promosetitems` VALUES ('44', '45252', '1', '-1');
INSERT INTO `promosetitems` VALUES ('44', '45436', '1', '-1');
INSERT INTO `promosetitems` VALUES ('44', '45505', '1', '-1');
INSERT INTO `promosetitems` VALUES ('44', '45887', '1', '-1');
INSERT INTO `promosetitems` VALUES ('44', '46047', '1', '-1');
INSERT INTO `promosetitems` VALUES ('44', '48585', '1', '-1');
INSERT INTO `promosetitems` VALUES ('44', '48586', '1', '-1');
INSERT INTO `promosetitems` VALUES ('44', '48587', '1', '-1');
INSERT INTO `promosetitems` VALUES ('44', '48588', '1', '-1');
INSERT INTO `promosetitems` VALUES ('44', '48589', '1', '-1');
INSERT INTO `promosetitems` VALUES ('45', '40256', '1', '-1');
INSERT INTO `promosetitems` VALUES ('45', '40431', '1', '-1');
INSERT INTO `promosetitems` VALUES ('45', '40591', '1', '-1');
INSERT INTO `promosetitems` VALUES ('45', '45106', '1', '-1');
INSERT INTO `promosetitems` VALUES ('45', '45138', '1', '-1');
INSERT INTO `promosetitems` VALUES ('45', '45193', '1', '-1');
INSERT INTO `promosetitems` VALUES ('45', '45250', '1', '-1');
INSERT INTO `promosetitems` VALUES ('45', '45510', '1', '-1');
INSERT INTO `promosetitems` VALUES ('45', '45824', '1', '-1');
INSERT INTO `promosetitems` VALUES ('45', '45888', '1', '-1');
INSERT INTO `promosetitems` VALUES ('45', '48617', '1', '-1');
INSERT INTO `promosetitems` VALUES ('45', '48618', '1', '-1');
INSERT INTO `promosetitems` VALUES ('45', '48619', '1', '-1');
INSERT INTO `promosetitems` VALUES ('45', '48620', '1', '-1');
INSERT INTO `promosetitems` VALUES ('45', '48621', '1', '-1');
INSERT INTO `promosetitems` VALUES ('45', '49299', '1', '-1');
INSERT INTO `promosetitems` VALUES ('46', '264', '0', '-1');
INSERT INTO `promosetitems` VALUES ('46', '40256', '1', '-1');
INSERT INTO `promosetitems` VALUES ('46', '40403', '1', '-1');
INSERT INTO `promosetitems` VALUES ('46', '40431', '1', '-1');
INSERT INTO `promosetitems` VALUES ('46', '40549', '1', '-1');
INSERT INTO `promosetitems` VALUES ('46', '45327', '1', '-1');
INSERT INTO `promosetitems` VALUES ('46', '45454', '1', '-1');
INSERT INTO `promosetitems` VALUES ('46', '45498', '1', '-1');
INSERT INTO `promosetitems` VALUES ('46', '45503', '1', '-1');
INSERT INTO `promosetitems` VALUES ('46', '45827', '1', '-1');
INSERT INTO `promosetitems` VALUES ('46', '45945', '1', '-1');
INSERT INTO `promosetitems` VALUES ('46', '47868', '1', '-1');
INSERT INTO `promosetitems` VALUES ('46', '48265', '1', '-1');
INSERT INTO `promosetitems` VALUES ('46', '48266', '1', '-1');
INSERT INTO `promosetitems` VALUES ('46', '48267', '1', '-1');
INSERT INTO `promosetitems` VALUES ('46', '48268', '1', '-1');
INSERT INTO `promosetitems` VALUES ('46', '48269', '1', '-1');
INSERT INTO `promosetitems` VALUES ('47', '40256', '1', '-1');
INSERT INTO `promosetitems` VALUES ('47', '40371', '1', '-1');
INSERT INTO `promosetitems` VALUES ('47', '40403', '1', '-1');
INSERT INTO `promosetitems` VALUES ('47', '44664', '1', '-1');
INSERT INTO `promosetitems` VALUES ('47', '45086', '1', '-1');
INSERT INTO `promosetitems` VALUES ('47', '45108', '1', '-1');
INSERT INTO `promosetitems` VALUES ('47', '45157', '1', '-1');
INSERT INTO `promosetitems` VALUES ('47', '45162', '1', '-1');
INSERT INTO `promosetitems` VALUES ('47', '45456', '1', '-1');
INSERT INTO `promosetitems` VALUES ('47', '45547', '1', '-1');
INSERT INTO `promosetitems` VALUES ('47', '48233', '1', '-1');
INSERT INTO `promosetitems` VALUES ('47', '48234', '1', '-1');
INSERT INTO `promosetitems` VALUES ('47', '48235', '1', '-1');
INSERT INTO `promosetitems` VALUES ('47', '48236', '1', '-1');
INSERT INTO `promosetitems` VALUES ('47', '48237', '1', '-1');
INSERT INTO `promosetitems` VALUES ('47', '50203', '2', '-1');
INSERT INTO `promosetitems` VALUES ('48', '40258', '1', '-1');
INSERT INTO `promosetitems` VALUES ('48', '40432', '1', '-1');
INSERT INTO `promosetitems` VALUES ('48', '45113', '1', '-1');
INSERT INTO `promosetitems` VALUES ('48', '45146', '1', '-1');
INSERT INTO `promosetitems` VALUES ('48', '45171', '1', '-1');
INSERT INTO `promosetitems` VALUES ('48', '45257', '1', '-1');
INSERT INTO `promosetitems` VALUES ('48', '45483', '1', '-1');
INSERT INTO `promosetitems` VALUES ('48', '45508', '1', '-1');
INSERT INTO `promosetitems` VALUES ('48', '45529', '1', '-1');
INSERT INTO `promosetitems` VALUES ('48', '46047', '1', '-1');
INSERT INTO `promosetitems` VALUES ('48', '46096', '1', '-1');
INSERT INTO `promosetitems` VALUES ('48', '48057', '1', '-1');
INSERT INTO `promosetitems` VALUES ('48', '48058', '1', '-1');
INSERT INTO `promosetitems` VALUES ('48', '48059', '1', '-1');
INSERT INTO `promosetitems` VALUES ('48', '48060', '1', '-1');
INSERT INTO `promosetitems` VALUES ('48', '48061', '1', '-1');
INSERT INTO `promosetitems` VALUES ('49', '40255', '1', '-1');
INSERT INTO `promosetitems` VALUES ('49', '40373', '1', '-1');
INSERT INTO `promosetitems` VALUES ('49', '44005', '1', '-1');
INSERT INTO `promosetitems` VALUES ('49', '44661', '1', '-1');
INSERT INTO `promosetitems` VALUES ('49', '45171', '1', '-1');
INSERT INTO `promosetitems` VALUES ('49', '45257', '1', '-1');
INSERT INTO `promosetitems` VALUES ('49', '45258', '1', '-1');
INSERT INTO `promosetitems` VALUES ('49', '45275', '1', '-1');
INSERT INTO `promosetitems` VALUES ('49', '45508', '1', '-1');
INSERT INTO `promosetitems` VALUES ('49', '45515', '1', '-1');
INSERT INTO `promosetitems` VALUES ('49', '46046', '1', '-1');
INSERT INTO `promosetitems` VALUES ('49', '48087', '1', '-1');
INSERT INTO `promosetitems` VALUES ('49', '48088', '1', '-1');
INSERT INTO `promosetitems` VALUES ('49', '48089', '1', '-1');
INSERT INTO `promosetitems` VALUES ('49', '48090', '1', '-1');
INSERT INTO `promosetitems` VALUES ('49', '48091', '1', '-1');
INSERT INTO `promosetitems` VALUES ('50', '40257', '1', '-1');
INSERT INTO `promosetitems` VALUES ('50', '40372', '1', '-1');
INSERT INTO `promosetitems` VALUES ('50', '45108', '1', '-1');
INSERT INTO `promosetitems` VALUES ('50', '45111', '1', '-1');
INSERT INTO `promosetitems` VALUES ('50', '45112', '1', '-1');
INSERT INTO `promosetitems` VALUES ('50', '45144', '1', '-1');
INSERT INTO `promosetitems` VALUES ('50', '45319', '1', '-1');
INSERT INTO `promosetitems` VALUES ('50', '45542', '1', '-1');
INSERT INTO `promosetitems` VALUES ('50', '45821', '1', '-1');
INSERT INTO `promosetitems` VALUES ('50', '45871', '1', '-1');
INSERT INTO `promosetitems` VALUES ('50', '48548', '1', '-1');
INSERT INTO `promosetitems` VALUES ('50', '48549', '1', '-1');
INSERT INTO `promosetitems` VALUES ('50', '48550', '1', '-1');
INSERT INTO `promosetitems` VALUES ('50', '48551', '1', '-1');
INSERT INTO `promosetitems` VALUES ('50', '48552', '1', '-1');
INSERT INTO `promosetitems` VALUES ('50', '50268', '2', '-1');
INSERT INTO `promosetitems` VALUES ('51', '40256', '1', '-1');
INSERT INTO `promosetitems` VALUES ('51', '40431', '1', '-1');
INSERT INTO `promosetitems` VALUES ('51', '40591', '1', '-1');
INSERT INTO `promosetitems` VALUES ('51', '45106', '1', '-1');
INSERT INTO `promosetitems` VALUES ('51', '45138', '1', '-1');
INSERT INTO `promosetitems` VALUES ('51', '45193', '1', '-1');
INSERT INTO `promosetitems` VALUES ('51', '45250', '1', '-1');
INSERT INTO `promosetitems` VALUES ('51', '45254', '1', '-1');
INSERT INTO `promosetitems` VALUES ('51', '45824', '1', '-1');
INSERT INTO `promosetitems` VALUES ('51', '45888', '1', '-1');
INSERT INTO `promosetitems` VALUES ('51', '48491', '1', '-1');
INSERT INTO `promosetitems` VALUES ('51', '48492', '1', '-1');
INSERT INTO `promosetitems` VALUES ('51', '48493', '1', '-1');
INSERT INTO `promosetitems` VALUES ('51', '48494', '1', '-1');
INSERT INTO `promosetitems` VALUES ('51', '48495', '1', '-1');
INSERT INTO `promosetitems` VALUES ('51', '50191', '2', '-1');
INSERT INTO `promosetitems` VALUES ('52', '40258', '1', '-1');
INSERT INTO `promosetitems` VALUES ('52', '40399', '1', '-1');
INSERT INTO `promosetitems` VALUES ('52', '40432', '1', '-1');
INSERT INTO `promosetitems` VALUES ('52', '44005', '1', '-1');
INSERT INTO `promosetitems` VALUES ('52', '45114', '1', '-1');
INSERT INTO `promosetitems` VALUES ('52', '45147', '1', '-1');
INSERT INTO `promosetitems` VALUES ('52', '45187', '1', '-1');
INSERT INTO `promosetitems` VALUES ('52', '45235', '1', '-1');
INSERT INTO `promosetitems` VALUES ('52', '45513', '1', '-1');
INSERT INTO `promosetitems` VALUES ('52', '45828', '1', '-1');
INSERT INTO `promosetitems` VALUES ('52', '45887', '1', '-1');
INSERT INTO `promosetitems` VALUES ('52', '46047', '1', '-1');
INSERT INTO `promosetitems` VALUES ('52', '48305', '1', '-1');
INSERT INTO `promosetitems` VALUES ('52', '48306', '1', '-1');
INSERT INTO `promosetitems` VALUES ('52', '48307', '1', '-1');
INSERT INTO `promosetitems` VALUES ('52', '48308', '1', '-1');
INSERT INTO `promosetitems` VALUES ('52', '48309', '1', '-1');
INSERT INTO `promosetitems` VALUES ('53', '40373', '1', '-1');
INSERT INTO `promosetitems` VALUES ('53', '40432', '1', '-1');
INSERT INTO `promosetitems` VALUES ('53', '44005', '1', '-1');
INSERT INTO `promosetitems` VALUES ('53', '44661', '1', '-1');
INSERT INTO `promosetitems` VALUES ('53', '45151', '1', '-1');
INSERT INTO `promosetitems` VALUES ('53', '45187', '1', '-1');
INSERT INTO `promosetitems` VALUES ('53', '45255', '1', '-1');
INSERT INTO `promosetitems` VALUES ('53', '45513', '1', '-1');
INSERT INTO `promosetitems` VALUES ('53', '45515', '1', '-1');
INSERT INTO `promosetitems` VALUES ('53', '45887', '1', '-1');
INSERT INTO `promosetitems` VALUES ('53', '46035', '1', '-1');
INSERT INTO `promosetitems` VALUES ('53', '46046', '1', '-1');
INSERT INTO `promosetitems` VALUES ('53', '48326', '1', '-1');
INSERT INTO `promosetitems` VALUES ('53', '48327', '1', '-1');
INSERT INTO `promosetitems` VALUES ('53', '48328', '1', '-1');
INSERT INTO `promosetitems` VALUES ('53', '48329', '1', '-1');
INSERT INTO `promosetitems` VALUES ('53', '48330', '1', '-1');
INSERT INTO `promosetitems` VALUES ('54', '40256', '1', '-1');
INSERT INTO `promosetitems` VALUES ('54', '40403', '1', '-1');
INSERT INTO `promosetitems` VALUES ('54', '40431', '1', '-1');
INSERT INTO `promosetitems` VALUES ('54', '40549', '1', '-1');
INSERT INTO `promosetitems` VALUES ('54', '44664', '1', '-1');
INSERT INTO `promosetitems` VALUES ('54', '45157', '1', '-1');
INSERT INTO `promosetitems` VALUES ('54', '45169', '1', '-1');
INSERT INTO `promosetitems` VALUES ('54', '45454', '1', '-1');
INSERT INTO `promosetitems` VALUES ('54', '45456', '1', '-1');
INSERT INTO `promosetitems` VALUES ('54', '45467', '1', '-1');
INSERT INTO `promosetitems` VALUES ('54', '48356', '1', '-1');
INSERT INTO `promosetitems` VALUES ('54', '48357', '1', '-1');
INSERT INTO `promosetitems` VALUES ('54', '48358', '1', '-1');
INSERT INTO `promosetitems` VALUES ('54', '48359', '1', '-1');
INSERT INTO `promosetitems` VALUES ('54', '48360', '1', '-1');
INSERT INTO `promosetitems` VALUES ('54', '50191', '2', '-1');
INSERT INTO `promosetitems` VALUES ('55', '40255', '1', '-1');
INSERT INTO `promosetitems` VALUES ('55', '40373', '1', '-1');
INSERT INTO `promosetitems` VALUES ('55', '44005', '1', '-1');
INSERT INTO `promosetitems` VALUES ('55', '44661', '1', '-1');
INSERT INTO `promosetitems` VALUES ('55', '45171', '1', '-1');
INSERT INTO `promosetitems` VALUES ('55', '45257', '1', '-1');
INSERT INTO `promosetitems` VALUES ('55', '45258', '1', '-1');
INSERT INTO `promosetitems` VALUES ('55', '45275', '1', '-1');
INSERT INTO `promosetitems` VALUES ('55', '45508', '1', '-1');
INSERT INTO `promosetitems` VALUES ('55', '45515', '1', '-1');
INSERT INTO `promosetitems` VALUES ('55', '46046', '1', '-1');
INSERT INTO `promosetitems` VALUES ('55', '47763', '1', '-1');
INSERT INTO `promosetitems` VALUES ('55', '47764', '1', '-1');
INSERT INTO `promosetitems` VALUES ('55', '47765', '1', '-1');
INSERT INTO `promosetitems` VALUES ('55', '47766', '1', '-1');
INSERT INTO `promosetitems` VALUES ('55', '47767', '1', '-1');
INSERT INTO `promosetitems` VALUES ('56', '40255', '1', '-1');
INSERT INTO `promosetitems` VALUES ('56', '40373', '1', '-1');
INSERT INTO `promosetitems` VALUES ('56', '44005', '1', '-1');
INSERT INTO `promosetitems` VALUES ('56', '44661', '1', '-1');
INSERT INTO `promosetitems` VALUES ('56', '45171', '1', '-1');
INSERT INTO `promosetitems` VALUES ('56', '45257', '1', '-1');
INSERT INTO `promosetitems` VALUES ('56', '45258', '1', '-1');
INSERT INTO `promosetitems` VALUES ('56', '45275', '1', '-1');
INSERT INTO `promosetitems` VALUES ('56', '45508', '1', '-1');
INSERT INTO `promosetitems` VALUES ('56', '45515', '1', '-1');
INSERT INTO `promosetitems` VALUES ('56', '46046', '1', '-1');
INSERT INTO `promosetitems` VALUES ('56', '47793', '1', '-1');
INSERT INTO `promosetitems` VALUES ('56', '47794', '1', '-1');
INSERT INTO `promosetitems` VALUES ('56', '47795', '1', '-1');
INSERT INTO `promosetitems` VALUES ('56', '47796', '1', '-1');
INSERT INTO `promosetitems` VALUES ('56', '47797', '1', '-1');
INSERT INTO `promosetitems` VALUES ('57', '40256', '1', '-1');
INSERT INTO `promosetitems` VALUES ('57', '40257', '1', '-1');
INSERT INTO `promosetitems` VALUES ('57', '40403', '1', '-1');
INSERT INTO `promosetitems` VALUES ('57', '44664', '1', '-1');
INSERT INTO `promosetitems` VALUES ('57', '45108', '1', '-1');
INSERT INTO `promosetitems` VALUES ('57', '45162', '1', '-1');
INSERT INTO `promosetitems` VALUES ('57', '45256', '1', '-1');
INSERT INTO `promosetitems` VALUES ('57', '45503', '1', '-1');
INSERT INTO `promosetitems` VALUES ('57', '45509', '1', '-1');
INSERT INTO `promosetitems` VALUES ('57', '45547', '1', '-1');
INSERT INTO `promosetitems` VALUES ('57', '46048', '1', '-1');
INSERT INTO `promosetitems` VALUES ('57', '48198', '1', '-1');
INSERT INTO `promosetitems` VALUES ('57', '48199', '1', '-1');
INSERT INTO `promosetitems` VALUES ('57', '48200', '1', '-1');
INSERT INTO `promosetitems` VALUES ('57', '48201', '1', '-1');
INSERT INTO `promosetitems` VALUES ('57', '48202', '1', '-1');
INSERT INTO `promosetitems` VALUES ('58', '40258', '1', '-1');
INSERT INTO `promosetitems` VALUES ('58', '40432', '1', '-1');
INSERT INTO `promosetitems` VALUES ('58', '40566', '1', '-1');
INSERT INTO `promosetitems` VALUES ('58', '45113', '1', '-1');
INSERT INTO `promosetitems` VALUES ('58', '45149', '1', '-1');
INSERT INTO `promosetitems` VALUES ('58', '45171', '1', '-1');
INSERT INTO `promosetitems` VALUES ('58', '45260', '1', '-1');
INSERT INTO `promosetitems` VALUES ('58', '45529', '1', '-1');
INSERT INTO `promosetitems` VALUES ('58', '46047', '1', '-1');
INSERT INTO `promosetitems` VALUES ('58', '46096', '1', '-1');
INSERT INTO `promosetitems` VALUES ('58', '46138', '1', '-1');
INSERT INTO `promosetitems` VALUES ('58', '48143', '1', '-1');
INSERT INTO `promosetitems` VALUES ('58', '48144', '1', '-1');
INSERT INTO `promosetitems` VALUES ('58', '48145', '1', '-1');
INSERT INTO `promosetitems` VALUES ('58', '48146', '1', '-1');
INSERT INTO `promosetitems` VALUES ('58', '48147', '1', '-1');
INSERT INTO `promosetitems` VALUES ('59', '40373', '1', '-1');
INSERT INTO `promosetitems` VALUES ('59', '40432', '1', '-1');
INSERT INTO `promosetitems` VALUES ('59', '44005', '1', '-1');
INSERT INTO `promosetitems` VALUES ('59', '44661', '1', '-1');
INSERT INTO `promosetitems` VALUES ('59', '45149', '1', '-1');
INSERT INTO `promosetitems` VALUES ('59', '45260', '1', '-1');
INSERT INTO `promosetitems` VALUES ('59', '45270', '1', '-1');
INSERT INTO `promosetitems` VALUES ('59', '45515', '1', '-1');
INSERT INTO `promosetitems` VALUES ('59', '45830', '1', '-1');
INSERT INTO `promosetitems` VALUES ('59', '46046', '1', '-1');
INSERT INTO `promosetitems` VALUES ('59', '48173', '1', '-1');
INSERT INTO `promosetitems` VALUES ('59', '48174', '1', '-1');
INSERT INTO `promosetitems` VALUES ('59', '48175', '1', '-1');
INSERT INTO `promosetitems` VALUES ('59', '48176', '1', '-1');
INSERT INTO `promosetitems` VALUES ('59', '48177', '1', '-1');
INSERT INTO `promosetitems` VALUES ('59', '50273', '1', '-1');
INSERT INTO `promosetitems` VALUES ('60', '40403', '1', '-1');
INSERT INTO `promosetitems` VALUES ('60', '40431', '1', '-1');
INSERT INTO `promosetitems` VALUES ('60', '44664', '1', '-1');
INSERT INTO `promosetitems` VALUES ('60', '45108', '1', '-1');
INSERT INTO `promosetitems` VALUES ('60', '45112', '1', '-1');
INSERT INTO `promosetitems` VALUES ('60', '45157', '1', '-1');
INSERT INTO `promosetitems` VALUES ('60', '45162', '1', '-1');
INSERT INTO `promosetitems` VALUES ('60', '45498', '1', '-1');
INSERT INTO `promosetitems` VALUES ('60', '45509', '1', '-1');
INSERT INTO `promosetitems` VALUES ('60', '45547', '1', '-1');
INSERT INTO `promosetitems` VALUES ('60', '48198', '1', '-1');
INSERT INTO `promosetitems` VALUES ('60', '48199', '1', '-1');
INSERT INTO `promosetitems` VALUES ('60', '48200', '1', '-1');
INSERT INTO `promosetitems` VALUES ('60', '48201', '1', '-1');
INSERT INTO `promosetitems` VALUES ('60', '48202', '1', '-1');

-- ----------------------------
-- Table structure for promospells
-- ----------------------------
DROP TABLE IF EXISTS `promospells`;
CREATE TABLE `promospells` (
  `class` int(11) NOT NULL,
  `spell` int(11) NOT NULL,
  `reino` int(11) NOT NULL,
  PRIMARY KEY (`class`,`spell`,`reino`)
) ENGINE=InnoDB DEFAULT CHARSET=utf8;

-- ----------------------------
-- Records of promospells
-- ----------------------------
INSERT INTO `promospells` VALUES ('1', '266', '-1');
INSERT INTO `promospells` VALUES ('1', '674', '-1');
INSERT INTO `promospells` VALUES ('1', '750', '-1');
INSERT INTO `promospells` VALUES ('2', '0', '-1');
INSERT INTO `promospells` VALUES ('2', '196', '-1');
INSERT INTO `promospells` VALUES ('2', '750', '-1');
INSERT INTO `promospells` VALUES ('3', '0', '-1');
INSERT INTO `promospells` VALUES ('3', '200', '-1');
INSERT INTO `promospells` VALUES ('3', '264', '-1');
INSERT INTO `promospells` VALUES ('3', '8737', '-1');
INSERT INTO `promospells` VALUES ('4', '0', '-1');
INSERT INTO `promospells` VALUES ('5', '0', '-1');
INSERT INTO `promospells` VALUES ('6', '0', '-1');
INSERT INTO `promospells` VALUES ('7', '196', '-1');
INSERT INTO `promospells` VALUES ('7', '8737', '-1');
INSERT INTO `promospells` VALUES ('8', '0', '-1');
INSERT INTO `promospells` VALUES ('9', '0', '-1');
INSERT INTO `promospells` VALUES ('11', '0', '-1');
INSERT INTO `promospells` VALUES ('11', '200', '-1');
INSERT INTO `promospells` VALUES ('11', '5487', '-1');

-- ----------------------------
-- Table structure for rbac_account_groups
-- ----------------------------
DROP TABLE IF EXISTS `rbac_account_groups`;
CREATE TABLE `rbac_account_groups` (
  `accountId` int(10) unsigned NOT NULL COMMENT 'Account id',
  `groupId` int(10) unsigned NOT NULL COMMENT 'Group id',
  `realmId` int(11) NOT NULL DEFAULT '-1' COMMENT 'Realm Id, -1 means all',
  PRIMARY KEY (`accountId`,`groupId`,`realmId`)
) ENGINE=InnoDB DEFAULT CHARSET=utf8;

-- ----------------------------
-- Records of rbac_account_groups
-- ----------------------------
INSERT INTO `rbac_account_groups` VALUES ('235', '1', '-1');
INSERT INTO `rbac_account_groups` VALUES ('236', '1', '-1');
INSERT INTO `rbac_account_groups` VALUES ('237', '1', '-1');
INSERT INTO `rbac_account_groups` VALUES ('238', '1', '-1');
INSERT INTO `rbac_account_groups` VALUES ('239', '1', '-1');
INSERT INTO `rbac_account_groups` VALUES ('240', '1', '-1');
INSERT INTO `rbac_account_groups` VALUES ('241', '1', '-1');
INSERT INTO `rbac_account_groups` VALUES ('242', '1', '-1');
INSERT INTO `rbac_account_groups` VALUES ('243', '1', '-1');
INSERT INTO `rbac_account_groups` VALUES ('244', '1', '-1');
INSERT INTO `rbac_account_groups` VALUES ('245', '1', '-1');
INSERT INTO `rbac_account_groups` VALUES ('246', '1', '-1');
INSERT INTO `rbac_account_groups` VALUES ('247', '1', '-1');
INSERT INTO `rbac_account_groups` VALUES ('248', '1', '-1');
INSERT INTO `rbac_account_groups` VALUES ('249', '1', '-1');
INSERT INTO `rbac_account_groups` VALUES ('250', '1', '-1');
INSERT INTO `rbac_account_groups` VALUES ('251', '1', '-1');
INSERT INTO `rbac_account_groups` VALUES ('252', '1', '-1');
INSERT INTO `rbac_account_groups` VALUES ('253', '1', '-1');
INSERT INTO `rbac_account_groups` VALUES ('254', '1', '-1');
INSERT INTO `rbac_account_groups` VALUES ('255', '1', '-1');
INSERT INTO `rbac_account_groups` VALUES ('256', '1', '-1');
INSERT INTO `rbac_account_groups` VALUES ('257', '1', '-1');
INSERT INTO `rbac_account_groups` VALUES ('258', '1', '-1');
INSERT INTO `rbac_account_groups` VALUES ('259', '1', '-1');
INSERT INTO `rbac_account_groups` VALUES ('260', '1', '-1');
INSERT INTO `rbac_account_groups` VALUES ('261', '1', '-1');
INSERT INTO `rbac_account_groups` VALUES ('262', '1', '-1');
INSERT INTO `rbac_account_groups` VALUES ('263', '1', '-1');
INSERT INTO `rbac_account_groups` VALUES ('264', '1', '-1');
INSERT INTO `rbac_account_groups` VALUES ('265', '1', '-1');
INSERT INTO `rbac_account_groups` VALUES ('266', '1', '-1');
INSERT INTO `rbac_account_groups` VALUES ('267', '1', '-1');
INSERT INTO `rbac_account_groups` VALUES ('268', '1', '-1');
INSERT INTO `rbac_account_groups` VALUES ('269', '1', '-1');
INSERT INTO `rbac_account_groups` VALUES ('270', '1', '-1');
INSERT INTO `rbac_account_groups` VALUES ('271', '1', '-1');
INSERT INTO `rbac_account_groups` VALUES ('272', '1', '-1');
INSERT INTO `rbac_account_groups` VALUES ('273', '1', '-1');
INSERT INTO `rbac_account_groups` VALUES ('274', '1', '-1');
INSERT INTO `rbac_account_groups` VALUES ('275', '1', '-1');
INSERT INTO `rbac_account_groups` VALUES ('276', '1', '-1');
INSERT INTO `rbac_account_groups` VALUES ('277', '1', '-1');
INSERT INTO `rbac_account_groups` VALUES ('278', '1', '-1');
INSERT INTO `rbac_account_groups` VALUES ('279', '1', '-1');
INSERT INTO `rbac_account_groups` VALUES ('280', '1', '-1');
INSERT INTO `rbac_account_groups` VALUES ('281', '1', '-1');
INSERT INTO `rbac_account_groups` VALUES ('282', '1', '-1');
INSERT INTO `rbac_account_groups` VALUES ('283', '1', '-1');
INSERT INTO `rbac_account_groups` VALUES ('284', '1', '-1');
INSERT INTO `rbac_account_groups` VALUES ('285', '1', '-1');
INSERT INTO `rbac_account_groups` VALUES ('286', '1', '-1');
INSERT INTO `rbac_account_groups` VALUES ('287', '1', '-1');
INSERT INTO `rbac_account_groups` VALUES ('288', '1', '-1');
INSERT INTO `rbac_account_groups` VALUES ('289', '1', '-1');
INSERT INTO `rbac_account_groups` VALUES ('290', '1', '-1');
INSERT INTO `rbac_account_groups` VALUES ('291', '1', '-1');
INSERT INTO `rbac_account_groups` VALUES ('292', '1', '-1');
INSERT INTO `rbac_account_groups` VALUES ('293', '1', '-1');
INSERT INTO `rbac_account_groups` VALUES ('294', '1', '-1');
INSERT INTO `rbac_account_groups` VALUES ('295', '1', '-1');
INSERT INTO `rbac_account_groups` VALUES ('296', '1', '-1');
INSERT INTO `rbac_account_groups` VALUES ('297', '1', '-1');
INSERT INTO `rbac_account_groups` VALUES ('298', '1', '-1');
INSERT INTO `rbac_account_groups` VALUES ('299', '1', '-1');
INSERT INTO `rbac_account_groups` VALUES ('300', '1', '-1');
INSERT INTO `rbac_account_groups` VALUES ('301', '1', '-1');
INSERT INTO `rbac_account_groups` VALUES ('302', '1', '-1');
INSERT INTO `rbac_account_groups` VALUES ('303', '1', '-1');
INSERT INTO `rbac_account_groups` VALUES ('304', '1', '-1');
INSERT INTO `rbac_account_groups` VALUES ('305', '1', '-1');
INSERT INTO `rbac_account_groups` VALUES ('306', '1', '-1');
INSERT INTO `rbac_account_groups` VALUES ('307', '1', '-1');
INSERT INTO `rbac_account_groups` VALUES ('308', '1', '-1');
INSERT INTO `rbac_account_groups` VALUES ('309', '1', '-1');
INSERT INTO `rbac_account_groups` VALUES ('310', '1', '-1');
INSERT INTO `rbac_account_groups` VALUES ('311', '1', '-1');
INSERT INTO `rbac_account_groups` VALUES ('312', '1', '-1');
INSERT INTO `rbac_account_groups` VALUES ('313', '1', '-1');
INSERT INTO `rbac_account_groups` VALUES ('314', '1', '-1');
INSERT INTO `rbac_account_groups` VALUES ('315', '1', '-1');
INSERT INTO `rbac_account_groups` VALUES ('316', '1', '-1');
INSERT INTO `rbac_account_groups` VALUES ('317', '1', '-1');
INSERT INTO `rbac_account_groups` VALUES ('318', '1', '-1');
INSERT INTO `rbac_account_groups` VALUES ('319', '1', '-1');
INSERT INTO `rbac_account_groups` VALUES ('320', '1', '-1');
INSERT INTO `rbac_account_groups` VALUES ('321', '1', '-1');
INSERT INTO `rbac_account_groups` VALUES ('322', '1', '-1');
INSERT INTO `rbac_account_groups` VALUES ('323', '1', '-1');
INSERT INTO `rbac_account_groups` VALUES ('324', '1', '-1');
INSERT INTO `rbac_account_groups` VALUES ('325', '1', '-1');
INSERT INTO `rbac_account_groups` VALUES ('326', '1', '-1');
INSERT INTO `rbac_account_groups` VALUES ('327', '1', '-1');
INSERT INTO `rbac_account_groups` VALUES ('328', '1', '-1');
INSERT INTO `rbac_account_groups` VALUES ('329', '1', '-1');
INSERT INTO `rbac_account_groups` VALUES ('330', '1', '-1');
INSERT INTO `rbac_account_groups` VALUES ('331', '1', '-1');
INSERT INTO `rbac_account_groups` VALUES ('332', '1', '-1');
INSERT INTO `rbac_account_groups` VALUES ('333', '1', '-1');
INSERT INTO `rbac_account_groups` VALUES ('334', '1', '-1');
INSERT INTO `rbac_account_groups` VALUES ('335', '1', '-1');
INSERT INTO `rbac_account_groups` VALUES ('336', '1', '-1');
INSERT INTO `rbac_account_groups` VALUES ('337', '1', '-1');
INSERT INTO `rbac_account_groups` VALUES ('338', '1', '-1');
INSERT INTO `rbac_account_groups` VALUES ('339', '1', '-1');
INSERT INTO `rbac_account_groups` VALUES ('340', '1', '-1');
INSERT INTO `rbac_account_groups` VALUES ('341', '1', '-1');
INSERT INTO `rbac_account_groups` VALUES ('342', '1', '-1');
INSERT INTO `rbac_account_groups` VALUES ('343', '1', '-1');
INSERT INTO `rbac_account_groups` VALUES ('344', '1', '-1');
INSERT INTO `rbac_account_groups` VALUES ('345', '1', '-1');
INSERT INTO `rbac_account_groups` VALUES ('346', '1', '-1');
INSERT INTO `rbac_account_groups` VALUES ('347', '1', '-1');
INSERT INTO `rbac_account_groups` VALUES ('348', '1', '-1');
INSERT INTO `rbac_account_groups` VALUES ('349', '1', '-1');
INSERT INTO `rbac_account_groups` VALUES ('350', '1', '-1');
INSERT INTO `rbac_account_groups` VALUES ('351', '1', '-1');
INSERT INTO `rbac_account_groups` VALUES ('352', '1', '-1');
INSERT INTO `rbac_account_groups` VALUES ('353', '1', '-1');
INSERT INTO `rbac_account_groups` VALUES ('354', '1', '-1');
INSERT INTO `rbac_account_groups` VALUES ('355', '1', '-1');
INSERT INTO `rbac_account_groups` VALUES ('356', '1', '-1');
INSERT INTO `rbac_account_groups` VALUES ('357', '1', '-1');
INSERT INTO `rbac_account_groups` VALUES ('358', '1', '-1');
INSERT INTO `rbac_account_groups` VALUES ('359', '1', '-1');
INSERT INTO `rbac_account_groups` VALUES ('360', '1', '-1');
INSERT INTO `rbac_account_groups` VALUES ('361', '1', '-1');
INSERT INTO `rbac_account_groups` VALUES ('362', '1', '-1');
INSERT INTO `rbac_account_groups` VALUES ('363', '1', '-1');
INSERT INTO `rbac_account_groups` VALUES ('364', '1', '-1');
INSERT INTO `rbac_account_groups` VALUES ('365', '1', '-1');
INSERT INTO `rbac_account_groups` VALUES ('366', '1', '-1');
INSERT INTO `rbac_account_groups` VALUES ('367', '1', '-1');
INSERT INTO `rbac_account_groups` VALUES ('368', '1', '-1');
INSERT INTO `rbac_account_groups` VALUES ('369', '1', '-1');
INSERT INTO `rbac_account_groups` VALUES ('370', '1', '-1');
INSERT INTO `rbac_account_groups` VALUES ('371', '1', '-1');
INSERT INTO `rbac_account_groups` VALUES ('372', '1', '-1');
INSERT INTO `rbac_account_groups` VALUES ('373', '1', '-1');
INSERT INTO `rbac_account_groups` VALUES ('374', '1', '-1');
INSERT INTO `rbac_account_groups` VALUES ('375', '1', '-1');
INSERT INTO `rbac_account_groups` VALUES ('376', '1', '-1');
INSERT INTO `rbac_account_groups` VALUES ('377', '1', '-1');
INSERT INTO `rbac_account_groups` VALUES ('378', '1', '-1');
INSERT INTO `rbac_account_groups` VALUES ('379', '1', '-1');
INSERT INTO `rbac_account_groups` VALUES ('380', '1', '-1');
INSERT INTO `rbac_account_groups` VALUES ('381', '1', '-1');
INSERT INTO `rbac_account_groups` VALUES ('382', '1', '-1');
INSERT INTO `rbac_account_groups` VALUES ('383', '1', '-1');
INSERT INTO `rbac_account_groups` VALUES ('384', '1', '-1');
INSERT INTO `rbac_account_groups` VALUES ('385', '1', '-1');
INSERT INTO `rbac_account_groups` VALUES ('386', '1', '-1');
INSERT INTO `rbac_account_groups` VALUES ('387', '1', '-1');
INSERT INTO `rbac_account_groups` VALUES ('388', '1', '-1');
INSERT INTO `rbac_account_groups` VALUES ('389', '1', '-1');
INSERT INTO `rbac_account_groups` VALUES ('390', '1', '-1');
INSERT INTO `rbac_account_groups` VALUES ('391', '1', '-1');
INSERT INTO `rbac_account_groups` VALUES ('392', '1', '-1');
INSERT INTO `rbac_account_groups` VALUES ('393', '1', '-1');
INSERT INTO `rbac_account_groups` VALUES ('394', '1', '-1');
INSERT INTO `rbac_account_groups` VALUES ('395', '1', '-1');
INSERT INTO `rbac_account_groups` VALUES ('396', '1', '-1');
INSERT INTO `rbac_account_groups` VALUES ('397', '1', '-1');
INSERT INTO `rbac_account_groups` VALUES ('398', '1', '-1');
INSERT INTO `rbac_account_groups` VALUES ('399', '1', '-1');
INSERT INTO `rbac_account_groups` VALUES ('400', '1', '-1');
INSERT INTO `rbac_account_groups` VALUES ('401', '1', '-1');
INSERT INTO `rbac_account_groups` VALUES ('402', '1', '-1');
INSERT INTO `rbac_account_groups` VALUES ('403', '1', '-1');
INSERT INTO `rbac_account_groups` VALUES ('404', '1', '-1');
INSERT INTO `rbac_account_groups` VALUES ('405', '1', '-1');
INSERT INTO `rbac_account_groups` VALUES ('406', '1', '-1');
INSERT INTO `rbac_account_groups` VALUES ('407', '1', '-1');
INSERT INTO `rbac_account_groups` VALUES ('408', '1', '-1');
INSERT INTO `rbac_account_groups` VALUES ('409', '1', '-1');
INSERT INTO `rbac_account_groups` VALUES ('410', '1', '-1');
INSERT INTO `rbac_account_groups` VALUES ('411', '1', '-1');
INSERT INTO `rbac_account_groups` VALUES ('412', '1', '-1');
INSERT INTO `rbac_account_groups` VALUES ('413', '1', '-1');
INSERT INTO `rbac_account_groups` VALUES ('414', '1', '-1');
INSERT INTO `rbac_account_groups` VALUES ('415', '1', '-1');
INSERT INTO `rbac_account_groups` VALUES ('416', '1', '-1');
INSERT INTO `rbac_account_groups` VALUES ('417', '1', '-1');
INSERT INTO `rbac_account_groups` VALUES ('418', '1', '-1');
INSERT INTO `rbac_account_groups` VALUES ('419', '1', '-1');
INSERT INTO `rbac_account_groups` VALUES ('420', '1', '-1');
INSERT INTO `rbac_account_groups` VALUES ('421', '1', '-1');
INSERT INTO `rbac_account_groups` VALUES ('422', '1', '-1');
INSERT INTO `rbac_account_groups` VALUES ('423', '1', '-1');
INSERT INTO `rbac_account_groups` VALUES ('424', '1', '-1');
INSERT INTO `rbac_account_groups` VALUES ('425', '1', '-1');
INSERT INTO `rbac_account_groups` VALUES ('426', '1', '-1');
INSERT INTO `rbac_account_groups` VALUES ('427', '1', '-1');
INSERT INTO `rbac_account_groups` VALUES ('428', '1', '-1');
INSERT INTO `rbac_account_groups` VALUES ('429', '1', '-1');
INSERT INTO `rbac_account_groups` VALUES ('430', '1', '-1');
INSERT INTO `rbac_account_groups` VALUES ('431', '1', '-1');
INSERT INTO `rbac_account_groups` VALUES ('432', '1', '-1');
INSERT INTO `rbac_account_groups` VALUES ('433', '1', '-1');
INSERT INTO `rbac_account_groups` VALUES ('434', '1', '-1');
INSERT INTO `rbac_account_groups` VALUES ('435', '1', '-1');
INSERT INTO `rbac_account_groups` VALUES ('436', '1', '-1');
INSERT INTO `rbac_account_groups` VALUES ('437', '1', '-1');
INSERT INTO `rbac_account_groups` VALUES ('438', '1', '-1');
INSERT INTO `rbac_account_groups` VALUES ('439', '1', '-1');
INSERT INTO `rbac_account_groups` VALUES ('440', '1', '-1');
INSERT INTO `rbac_account_groups` VALUES ('441', '1', '-1');
INSERT INTO `rbac_account_groups` VALUES ('442', '1', '-1');
INSERT INTO `rbac_account_groups` VALUES ('443', '1', '-1');
INSERT INTO `rbac_account_groups` VALUES ('444', '1', '-1');
INSERT INTO `rbac_account_groups` VALUES ('445', '1', '-1');
INSERT INTO `rbac_account_groups` VALUES ('446', '1', '-1');
INSERT INTO `rbac_account_groups` VALUES ('447', '1', '-1');
INSERT INTO `rbac_account_groups` VALUES ('448', '1', '-1');
INSERT INTO `rbac_account_groups` VALUES ('449', '1', '-1');
INSERT INTO `rbac_account_groups` VALUES ('450', '1', '-1');
INSERT INTO `rbac_account_groups` VALUES ('451', '1', '-1');
INSERT INTO `rbac_account_groups` VALUES ('452', '1', '-1');
INSERT INTO `rbac_account_groups` VALUES ('453', '1', '-1');
INSERT INTO `rbac_account_groups` VALUES ('454', '1', '-1');
INSERT INTO `rbac_account_groups` VALUES ('455', '1', '-1');
INSERT INTO `rbac_account_groups` VALUES ('456', '1', '-1');
INSERT INTO `rbac_account_groups` VALUES ('457', '1', '-1');
INSERT INTO `rbac_account_groups` VALUES ('458', '1', '-1');
INSERT INTO `rbac_account_groups` VALUES ('459', '1', '-1');
INSERT INTO `rbac_account_groups` VALUES ('460', '1', '-1');
INSERT INTO `rbac_account_groups` VALUES ('462', '1', '-1');
INSERT INTO `rbac_account_groups` VALUES ('463', '1', '-1');
INSERT INTO `rbac_account_groups` VALUES ('464', '1', '-1');
INSERT INTO `rbac_account_groups` VALUES ('465', '1', '-1');
INSERT INTO `rbac_account_groups` VALUES ('466', '1', '-1');
INSERT INTO `rbac_account_groups` VALUES ('467', '1', '-1');
INSERT INTO `rbac_account_groups` VALUES ('468', '1', '-1');
INSERT INTO `rbac_account_groups` VALUES ('469', '1', '-1');
INSERT INTO `rbac_account_groups` VALUES ('470', '1', '-1');
INSERT INTO `rbac_account_groups` VALUES ('471', '1', '-1');
INSERT INTO `rbac_account_groups` VALUES ('472', '1', '-1');
INSERT INTO `rbac_account_groups` VALUES ('473', '1', '-1');
INSERT INTO `rbac_account_groups` VALUES ('474', '1', '-1');
INSERT INTO `rbac_account_groups` VALUES ('476', '1', '-1');
INSERT INTO `rbac_account_groups` VALUES ('477', '1', '-1');
INSERT INTO `rbac_account_groups` VALUES ('478', '1', '-1');
INSERT INTO `rbac_account_groups` VALUES ('479', '1', '-1');
INSERT INTO `rbac_account_groups` VALUES ('481', '1', '-1');
INSERT INTO `rbac_account_groups` VALUES ('482', '1', '-1');
INSERT INTO `rbac_account_groups` VALUES ('483', '1', '-1');
INSERT INTO `rbac_account_groups` VALUES ('484', '1', '-1');
INSERT INTO `rbac_account_groups` VALUES ('485', '1', '-1');
INSERT INTO `rbac_account_groups` VALUES ('486', '1', '-1');
INSERT INTO `rbac_account_groups` VALUES ('487', '1', '-1');
INSERT INTO `rbac_account_groups` VALUES ('488', '1', '-1');
INSERT INTO `rbac_account_groups` VALUES ('489', '1', '-1');
INSERT INTO `rbac_account_groups` VALUES ('490', '1', '-1');
INSERT INTO `rbac_account_groups` VALUES ('491', '1', '-1');
INSERT INTO `rbac_account_groups` VALUES ('492', '1', '-1');
INSERT INTO `rbac_account_groups` VALUES ('493', '1', '-1');
INSERT INTO `rbac_account_groups` VALUES ('494', '1', '-1');
INSERT INTO `rbac_account_groups` VALUES ('495', '1', '-1');
INSERT INTO `rbac_account_groups` VALUES ('496', '1', '-1');
INSERT INTO `rbac_account_groups` VALUES ('497', '1', '-1');
INSERT INTO `rbac_account_groups` VALUES ('498', '1', '-1');
INSERT INTO `rbac_account_groups` VALUES ('499', '1', '-1');
INSERT INTO `rbac_account_groups` VALUES ('500', '1', '-1');
INSERT INTO `rbac_account_groups` VALUES ('501', '1', '-1');
INSERT INTO `rbac_account_groups` VALUES ('502', '1', '-1');
INSERT INTO `rbac_account_groups` VALUES ('503', '1', '-1');
INSERT INTO `rbac_account_groups` VALUES ('504', '1', '-1');
INSERT INTO `rbac_account_groups` VALUES ('505', '1', '-1');
INSERT INTO `rbac_account_groups` VALUES ('506', '1', '-1');
INSERT INTO `rbac_account_groups` VALUES ('507', '1', '-1');
INSERT INTO `rbac_account_groups` VALUES ('508', '1', '-1');
INSERT INTO `rbac_account_groups` VALUES ('509', '1', '-1');
INSERT INTO `rbac_account_groups` VALUES ('510', '1', '-1');
INSERT INTO `rbac_account_groups` VALUES ('511', '1', '-1');
INSERT INTO `rbac_account_groups` VALUES ('512', '1', '-1');
INSERT INTO `rbac_account_groups` VALUES ('513', '1', '-1');
INSERT INTO `rbac_account_groups` VALUES ('514', '1', '-1');
INSERT INTO `rbac_account_groups` VALUES ('515', '1', '-1');
INSERT INTO `rbac_account_groups` VALUES ('516', '1', '-1');
INSERT INTO `rbac_account_groups` VALUES ('517', '1', '-1');
INSERT INTO `rbac_account_groups` VALUES ('518', '1', '-1');
INSERT INTO `rbac_account_groups` VALUES ('519', '1', '-1');
INSERT INTO `rbac_account_groups` VALUES ('520', '1', '-1');
INSERT INTO `rbac_account_groups` VALUES ('521', '1', '-1');
INSERT INTO `rbac_account_groups` VALUES ('522', '1', '-1');
INSERT INTO `rbac_account_groups` VALUES ('523', '1', '-1');
INSERT INTO `rbac_account_groups` VALUES ('524', '1', '-1');
INSERT INTO `rbac_account_groups` VALUES ('525', '1', '-1');
INSERT INTO `rbac_account_groups` VALUES ('526', '1', '-1');
INSERT INTO `rbac_account_groups` VALUES ('527', '1', '-1');
INSERT INTO `rbac_account_groups` VALUES ('528', '1', '-1');
INSERT INTO `rbac_account_groups` VALUES ('529', '1', '-1');
INSERT INTO `rbac_account_groups` VALUES ('530', '1', '-1');
INSERT INTO `rbac_account_groups` VALUES ('531', '1', '-1');
INSERT INTO `rbac_account_groups` VALUES ('532', '1', '-1');
INSERT INTO `rbac_account_groups` VALUES ('533', '1', '-1');
INSERT INTO `rbac_account_groups` VALUES ('534', '1', '-1');
INSERT INTO `rbac_account_groups` VALUES ('535', '1', '-1');
INSERT INTO `rbac_account_groups` VALUES ('536', '1', '-1');
INSERT INTO `rbac_account_groups` VALUES ('537', '1', '-1');
INSERT INTO `rbac_account_groups` VALUES ('538', '1', '-1');
INSERT INTO `rbac_account_groups` VALUES ('539', '1', '-1');
INSERT INTO `rbac_account_groups` VALUES ('540', '1', '-1');
INSERT INTO `rbac_account_groups` VALUES ('541', '1', '-1');
INSERT INTO `rbac_account_groups` VALUES ('542', '1', '-1');
INSERT INTO `rbac_account_groups` VALUES ('543', '1', '-1');
INSERT INTO `rbac_account_groups` VALUES ('544', '1', '-1');
INSERT INTO `rbac_account_groups` VALUES ('545', '1', '-1');
INSERT INTO `rbac_account_groups` VALUES ('546', '1', '-1');
INSERT INTO `rbac_account_groups` VALUES ('547', '1', '-1');
INSERT INTO `rbac_account_groups` VALUES ('548', '1', '-1');
INSERT INTO `rbac_account_groups` VALUES ('549', '1', '-1');
INSERT INTO `rbac_account_groups` VALUES ('550', '1', '-1');
INSERT INTO `rbac_account_groups` VALUES ('551', '1', '-1');
INSERT INTO `rbac_account_groups` VALUES ('552', '1', '-1');
INSERT INTO `rbac_account_groups` VALUES ('553', '1', '-1');
INSERT INTO `rbac_account_groups` VALUES ('554', '1', '-1');
INSERT INTO `rbac_account_groups` VALUES ('555', '1', '-1');
INSERT INTO `rbac_account_groups` VALUES ('556', '1', '-1');
INSERT INTO `rbac_account_groups` VALUES ('557', '1', '-1');
INSERT INTO `rbac_account_groups` VALUES ('558', '1', '-1');
INSERT INTO `rbac_account_groups` VALUES ('559', '1', '-1');
INSERT INTO `rbac_account_groups` VALUES ('560', '1', '-1');
INSERT INTO `rbac_account_groups` VALUES ('561', '1', '-1');
INSERT INTO `rbac_account_groups` VALUES ('562', '1', '-1');
INSERT INTO `rbac_account_groups` VALUES ('563', '1', '-1');
INSERT INTO `rbac_account_groups` VALUES ('564', '1', '-1');
INSERT INTO `rbac_account_groups` VALUES ('566', '1', '-1');
INSERT INTO `rbac_account_groups` VALUES ('567', '1', '-1');
INSERT INTO `rbac_account_groups` VALUES ('568', '1', '-1');
INSERT INTO `rbac_account_groups` VALUES ('569', '1', '-1');
INSERT INTO `rbac_account_groups` VALUES ('570', '1', '-1');
INSERT INTO `rbac_account_groups` VALUES ('571', '1', '-1');
INSERT INTO `rbac_account_groups` VALUES ('572', '1', '-1');
INSERT INTO `rbac_account_groups` VALUES ('573', '1', '-1');
INSERT INTO `rbac_account_groups` VALUES ('574', '1', '-1');
INSERT INTO `rbac_account_groups` VALUES ('575', '1', '-1');
INSERT INTO `rbac_account_groups` VALUES ('576', '1', '-1');
INSERT INTO `rbac_account_groups` VALUES ('577', '1', '-1');
INSERT INTO `rbac_account_groups` VALUES ('578', '1', '-1');
INSERT INTO `rbac_account_groups` VALUES ('579', '1', '-1');
INSERT INTO `rbac_account_groups` VALUES ('580', '1', '-1');
INSERT INTO `rbac_account_groups` VALUES ('581', '1', '-1');
INSERT INTO `rbac_account_groups` VALUES ('582', '1', '-1');
INSERT INTO `rbac_account_groups` VALUES ('583', '1', '-1');
INSERT INTO `rbac_account_groups` VALUES ('584', '1', '-1');
INSERT INTO `rbac_account_groups` VALUES ('585', '1', '-1');
INSERT INTO `rbac_account_groups` VALUES ('586', '1', '-1');
INSERT INTO `rbac_account_groups` VALUES ('587', '1', '-1');
INSERT INTO `rbac_account_groups` VALUES ('588', '1', '-1');
INSERT INTO `rbac_account_groups` VALUES ('589', '1', '-1');
INSERT INTO `rbac_account_groups` VALUES ('590', '1', '-1');
INSERT INTO `rbac_account_groups` VALUES ('591', '1', '-1');
INSERT INTO `rbac_account_groups` VALUES ('592', '1', '-1');
INSERT INTO `rbac_account_groups` VALUES ('593', '1', '-1');
INSERT INTO `rbac_account_groups` VALUES ('594', '1', '-1');
INSERT INTO `rbac_account_groups` VALUES ('595', '1', '-1');
INSERT INTO `rbac_account_groups` VALUES ('596', '1', '-1');
INSERT INTO `rbac_account_groups` VALUES ('597', '1', '-1');
INSERT INTO `rbac_account_groups` VALUES ('598', '1', '-1');
INSERT INTO `rbac_account_groups` VALUES ('599', '1', '-1');
INSERT INTO `rbac_account_groups` VALUES ('600', '1', '-1');
INSERT INTO `rbac_account_groups` VALUES ('601', '1', '-1');
INSERT INTO `rbac_account_groups` VALUES ('602', '1', '-1');
INSERT INTO `rbac_account_groups` VALUES ('603', '1', '-1');
INSERT INTO `rbac_account_groups` VALUES ('604', '1', '-1');
INSERT INTO `rbac_account_groups` VALUES ('605', '1', '-1');
INSERT INTO `rbac_account_groups` VALUES ('606', '1', '-1');
INSERT INTO `rbac_account_groups` VALUES ('607', '1', '-1');
INSERT INTO `rbac_account_groups` VALUES ('608', '1', '-1');
INSERT INTO `rbac_account_groups` VALUES ('609', '1', '-1');
INSERT INTO `rbac_account_groups` VALUES ('610', '1', '-1');
INSERT INTO `rbac_account_groups` VALUES ('611', '1', '-1');
INSERT INTO `rbac_account_groups` VALUES ('612', '1', '-1');
INSERT INTO `rbac_account_groups` VALUES ('613', '1', '-1');
INSERT INTO `rbac_account_groups` VALUES ('614', '1', '-1');
INSERT INTO `rbac_account_groups` VALUES ('615', '1', '-1');
INSERT INTO `rbac_account_groups` VALUES ('616', '1', '-1');
INSERT INTO `rbac_account_groups` VALUES ('617', '1', '-1');
INSERT INTO `rbac_account_groups` VALUES ('618', '1', '-1');
INSERT INTO `rbac_account_groups` VALUES ('619', '1', '-1');
INSERT INTO `rbac_account_groups` VALUES ('620', '1', '-1');
INSERT INTO `rbac_account_groups` VALUES ('621', '1', '-1');
INSERT INTO `rbac_account_groups` VALUES ('622', '1', '-1');
INSERT INTO `rbac_account_groups` VALUES ('623', '1', '-1');
INSERT INTO `rbac_account_groups` VALUES ('624', '1', '-1');
INSERT INTO `rbac_account_groups` VALUES ('625', '1', '-1');
INSERT INTO `rbac_account_groups` VALUES ('626', '1', '-1');
INSERT INTO `rbac_account_groups` VALUES ('627', '1', '-1');
INSERT INTO `rbac_account_groups` VALUES ('628', '1', '-1');
INSERT INTO `rbac_account_groups` VALUES ('629', '1', '-1');
INSERT INTO `rbac_account_groups` VALUES ('630', '1', '-1');
INSERT INTO `rbac_account_groups` VALUES ('631', '1', '-1');
INSERT INTO `rbac_account_groups` VALUES ('632', '1', '-1');
INSERT INTO `rbac_account_groups` VALUES ('633', '1', '-1');
INSERT INTO `rbac_account_groups` VALUES ('634', '1', '-1');
INSERT INTO `rbac_account_groups` VALUES ('635', '1', '-1');
INSERT INTO `rbac_account_groups` VALUES ('636', '1', '-1');
INSERT INTO `rbac_account_groups` VALUES ('637', '1', '-1');
INSERT INTO `rbac_account_groups` VALUES ('638', '1', '-1');
INSERT INTO `rbac_account_groups` VALUES ('639', '1', '-1');
INSERT INTO `rbac_account_groups` VALUES ('640', '1', '-1');
INSERT INTO `rbac_account_groups` VALUES ('641', '1', '-1');
INSERT INTO `rbac_account_groups` VALUES ('642', '1', '-1');
INSERT INTO `rbac_account_groups` VALUES ('643', '1', '-1');
INSERT INTO `rbac_account_groups` VALUES ('644', '1', '-1');
INSERT INTO `rbac_account_groups` VALUES ('645', '1', '-1');
INSERT INTO `rbac_account_groups` VALUES ('646', '1', '-1');
INSERT INTO `rbac_account_groups` VALUES ('647', '1', '-1');
INSERT INTO `rbac_account_groups` VALUES ('648', '1', '-1');
INSERT INTO `rbac_account_groups` VALUES ('649', '1', '-1');
INSERT INTO `rbac_account_groups` VALUES ('650', '1', '-1');
INSERT INTO `rbac_account_groups` VALUES ('651', '1', '-1');
INSERT INTO `rbac_account_groups` VALUES ('652', '1', '-1');
INSERT INTO `rbac_account_groups` VALUES ('653', '1', '-1');
INSERT INTO `rbac_account_groups` VALUES ('654', '1', '-1');
INSERT INTO `rbac_account_groups` VALUES ('655', '1', '-1');
INSERT INTO `rbac_account_groups` VALUES ('656', '1', '-1');
INSERT INTO `rbac_account_groups` VALUES ('657', '1', '-1');
INSERT INTO `rbac_account_groups` VALUES ('658', '1', '-1');
INSERT INTO `rbac_account_groups` VALUES ('659', '1', '-1');
INSERT INTO `rbac_account_groups` VALUES ('660', '1', '-1');
INSERT INTO `rbac_account_groups` VALUES ('661', '1', '-1');
INSERT INTO `rbac_account_groups` VALUES ('662', '1', '-1');
INSERT INTO `rbac_account_groups` VALUES ('663', '1', '-1');
INSERT INTO `rbac_account_groups` VALUES ('664', '1', '-1');
INSERT INTO `rbac_account_groups` VALUES ('665', '1', '-1');
INSERT INTO `rbac_account_groups` VALUES ('666', '1', '-1');
INSERT INTO `rbac_account_groups` VALUES ('667', '1', '-1');
INSERT INTO `rbac_account_groups` VALUES ('668', '1', '-1');
INSERT INTO `rbac_account_groups` VALUES ('669', '1', '-1');
INSERT INTO `rbac_account_groups` VALUES ('670', '1', '-1');
INSERT INTO `rbac_account_groups` VALUES ('671', '1', '-1');
INSERT INTO `rbac_account_groups` VALUES ('672', '1', '-1');
INSERT INTO `rbac_account_groups` VALUES ('673', '1', '-1');
INSERT INTO `rbac_account_groups` VALUES ('674', '1', '-1');
INSERT INTO `rbac_account_groups` VALUES ('675', '1', '-1');
INSERT INTO `rbac_account_groups` VALUES ('676', '1', '-1');
INSERT INTO `rbac_account_groups` VALUES ('677', '1', '-1');
INSERT INTO `rbac_account_groups` VALUES ('678', '1', '-1');
INSERT INTO `rbac_account_groups` VALUES ('679', '1', '-1');
INSERT INTO `rbac_account_groups` VALUES ('680', '1', '-1');
INSERT INTO `rbac_account_groups` VALUES ('681', '1', '-1');
INSERT INTO `rbac_account_groups` VALUES ('682', '1', '-1');
INSERT INTO `rbac_account_groups` VALUES ('683', '1', '-1');
INSERT INTO `rbac_account_groups` VALUES ('684', '1', '-1');
INSERT INTO `rbac_account_groups` VALUES ('685', '1', '-1');
INSERT INTO `rbac_account_groups` VALUES ('686', '1', '-1');
INSERT INTO `rbac_account_groups` VALUES ('687', '1', '-1');
INSERT INTO `rbac_account_groups` VALUES ('688', '1', '-1');
INSERT INTO `rbac_account_groups` VALUES ('689', '1', '-1');
INSERT INTO `rbac_account_groups` VALUES ('690', '1', '-1');
INSERT INTO `rbac_account_groups` VALUES ('691', '1', '-1');
INSERT INTO `rbac_account_groups` VALUES ('692', '1', '-1');
INSERT INTO `rbac_account_groups` VALUES ('693', '1', '-1');
INSERT INTO `rbac_account_groups` VALUES ('694', '1', '-1');
INSERT INTO `rbac_account_groups` VALUES ('695', '1', '-1');
INSERT INTO `rbac_account_groups` VALUES ('696', '1', '-1');
INSERT INTO `rbac_account_groups` VALUES ('697', '1', '-1');
INSERT INTO `rbac_account_groups` VALUES ('698', '1', '-1');
INSERT INTO `rbac_account_groups` VALUES ('699', '1', '-1');
INSERT INTO `rbac_account_groups` VALUES ('700', '1', '-1');
INSERT INTO `rbac_account_groups` VALUES ('701', '1', '-1');
INSERT INTO `rbac_account_groups` VALUES ('702', '1', '-1');
INSERT INTO `rbac_account_groups` VALUES ('703', '1', '-1');
INSERT INTO `rbac_account_groups` VALUES ('704', '1', '-1');
INSERT INTO `rbac_account_groups` VALUES ('705', '1', '-1');
INSERT INTO `rbac_account_groups` VALUES ('706', '1', '-1');
INSERT INTO `rbac_account_groups` VALUES ('707', '1', '-1');
INSERT INTO `rbac_account_groups` VALUES ('708', '1', '-1');
INSERT INTO `rbac_account_groups` VALUES ('709', '1', '-1');
INSERT INTO `rbac_account_groups` VALUES ('710', '1', '-1');
INSERT INTO `rbac_account_groups` VALUES ('711', '1', '-1');
INSERT INTO `rbac_account_groups` VALUES ('712', '1', '-1');
INSERT INTO `rbac_account_groups` VALUES ('713', '1', '-1');
INSERT INTO `rbac_account_groups` VALUES ('714', '1', '-1');
INSERT INTO `rbac_account_groups` VALUES ('715', '1', '-1');
INSERT INTO `rbac_account_groups` VALUES ('716', '1', '-1');
INSERT INTO `rbac_account_groups` VALUES ('717', '1', '-1');
INSERT INTO `rbac_account_groups` VALUES ('718', '1', '-1');
INSERT INTO `rbac_account_groups` VALUES ('719', '1', '-1');
INSERT INTO `rbac_account_groups` VALUES ('720', '1', '-1');
INSERT INTO `rbac_account_groups` VALUES ('721', '1', '-1');
INSERT INTO `rbac_account_groups` VALUES ('722', '1', '-1');
INSERT INTO `rbac_account_groups` VALUES ('723', '1', '-1');
INSERT INTO `rbac_account_groups` VALUES ('724', '1', '-1');
INSERT INTO `rbac_account_groups` VALUES ('725', '1', '-1');
INSERT INTO `rbac_account_groups` VALUES ('726', '1', '-1');
INSERT INTO `rbac_account_groups` VALUES ('727', '1', '-1');
INSERT INTO `rbac_account_groups` VALUES ('728', '1', '-1');
INSERT INTO `rbac_account_groups` VALUES ('729', '1', '-1');
INSERT INTO `rbac_account_groups` VALUES ('730', '1', '-1');
INSERT INTO `rbac_account_groups` VALUES ('731', '1', '-1');
INSERT INTO `rbac_account_groups` VALUES ('732', '1', '-1');
INSERT INTO `rbac_account_groups` VALUES ('733', '1', '-1');
INSERT INTO `rbac_account_groups` VALUES ('734', '1', '-1');
INSERT INTO `rbac_account_groups` VALUES ('735', '1', '-1');
INSERT INTO `rbac_account_groups` VALUES ('736', '1', '-1');
INSERT INTO `rbac_account_groups` VALUES ('737', '1', '-1');
INSERT INTO `rbac_account_groups` VALUES ('738', '1', '-1');
INSERT INTO `rbac_account_groups` VALUES ('739', '1', '-1');
INSERT INTO `rbac_account_groups` VALUES ('740', '1', '-1');
INSERT INTO `rbac_account_groups` VALUES ('741', '1', '-1');
INSERT INTO `rbac_account_groups` VALUES ('742', '1', '-1');
INSERT INTO `rbac_account_groups` VALUES ('743', '1', '-1');
INSERT INTO `rbac_account_groups` VALUES ('744', '1', '-1');
INSERT INTO `rbac_account_groups` VALUES ('745', '1', '-1');
INSERT INTO `rbac_account_groups` VALUES ('746', '1', '-1');
INSERT INTO `rbac_account_groups` VALUES ('747', '1', '-1');
INSERT INTO `rbac_account_groups` VALUES ('748', '1', '-1');
INSERT INTO `rbac_account_groups` VALUES ('749', '1', '-1');
INSERT INTO `rbac_account_groups` VALUES ('750', '1', '-1');
INSERT INTO `rbac_account_groups` VALUES ('751', '1', '-1');
INSERT INTO `rbac_account_groups` VALUES ('752', '1', '-1');
INSERT INTO `rbac_account_groups` VALUES ('753', '1', '-1');
INSERT INTO `rbac_account_groups` VALUES ('754', '1', '-1');
INSERT INTO `rbac_account_groups` VALUES ('755', '1', '-1');
INSERT INTO `rbac_account_groups` VALUES ('756', '1', '-1');
INSERT INTO `rbac_account_groups` VALUES ('757', '1', '-1');
INSERT INTO `rbac_account_groups` VALUES ('758', '1', '-1');
INSERT INTO `rbac_account_groups` VALUES ('759', '1', '-1');
INSERT INTO `rbac_account_groups` VALUES ('760', '1', '-1');
INSERT INTO `rbac_account_groups` VALUES ('761', '1', '-1');
INSERT INTO `rbac_account_groups` VALUES ('762', '1', '-1');
INSERT INTO `rbac_account_groups` VALUES ('763', '1', '-1');
INSERT INTO `rbac_account_groups` VALUES ('764', '1', '-1');
INSERT INTO `rbac_account_groups` VALUES ('765', '1', '-1');
INSERT INTO `rbac_account_groups` VALUES ('766', '1', '-1');
INSERT INTO `rbac_account_groups` VALUES ('767', '1', '-1');
INSERT INTO `rbac_account_groups` VALUES ('768', '1', '-1');
INSERT INTO `rbac_account_groups` VALUES ('769', '1', '-1');
INSERT INTO `rbac_account_groups` VALUES ('770', '1', '-1');
INSERT INTO `rbac_account_groups` VALUES ('771', '1', '-1');
INSERT INTO `rbac_account_groups` VALUES ('772', '1', '-1');
INSERT INTO `rbac_account_groups` VALUES ('773', '1', '-1');
INSERT INTO `rbac_account_groups` VALUES ('774', '1', '-1');
INSERT INTO `rbac_account_groups` VALUES ('775', '1', '-1');
INSERT INTO `rbac_account_groups` VALUES ('776', '1', '-1');
INSERT INTO `rbac_account_groups` VALUES ('777', '1', '-1');
INSERT INTO `rbac_account_groups` VALUES ('778', '1', '-1');
INSERT INTO `rbac_account_groups` VALUES ('779', '1', '-1');
INSERT INTO `rbac_account_groups` VALUES ('780', '1', '-1');
INSERT INTO `rbac_account_groups` VALUES ('781', '1', '-1');
INSERT INTO `rbac_account_groups` VALUES ('782', '1', '-1');
INSERT INTO `rbac_account_groups` VALUES ('783', '1', '-1');
INSERT INTO `rbac_account_groups` VALUES ('784', '1', '-1');
INSERT INTO `rbac_account_groups` VALUES ('785', '1', '-1');
INSERT INTO `rbac_account_groups` VALUES ('786', '1', '-1');
INSERT INTO `rbac_account_groups` VALUES ('787', '1', '-1');
INSERT INTO `rbac_account_groups` VALUES ('788', '1', '-1');
INSERT INTO `rbac_account_groups` VALUES ('789', '1', '-1');
INSERT INTO `rbac_account_groups` VALUES ('790', '1', '-1');
INSERT INTO `rbac_account_groups` VALUES ('791', '1', '-1');
INSERT INTO `rbac_account_groups` VALUES ('792', '1', '-1');
INSERT INTO `rbac_account_groups` VALUES ('793', '1', '-1');
INSERT INTO `rbac_account_groups` VALUES ('794', '1', '-1');
INSERT INTO `rbac_account_groups` VALUES ('795', '1', '-1');
INSERT INTO `rbac_account_groups` VALUES ('796', '1', '-1');
INSERT INTO `rbac_account_groups` VALUES ('797', '1', '-1');
INSERT INTO `rbac_account_groups` VALUES ('798', '1', '-1');
INSERT INTO `rbac_account_groups` VALUES ('799', '1', '-1');
INSERT INTO `rbac_account_groups` VALUES ('800', '1', '-1');
INSERT INTO `rbac_account_groups` VALUES ('801', '1', '-1');
INSERT INTO `rbac_account_groups` VALUES ('802', '1', '-1');
INSERT INTO `rbac_account_groups` VALUES ('803', '1', '-1');
INSERT INTO `rbac_account_groups` VALUES ('804', '1', '-1');
INSERT INTO `rbac_account_groups` VALUES ('805', '1', '-1');
INSERT INTO `rbac_account_groups` VALUES ('806', '1', '-1');
INSERT INTO `rbac_account_groups` VALUES ('807', '1', '-1');
INSERT INTO `rbac_account_groups` VALUES ('808', '1', '-1');
INSERT INTO `rbac_account_groups` VALUES ('809', '1', '-1');
INSERT INTO `rbac_account_groups` VALUES ('810', '1', '-1');
INSERT INTO `rbac_account_groups` VALUES ('811', '1', '-1');
INSERT INTO `rbac_account_groups` VALUES ('812', '1', '-1');
INSERT INTO `rbac_account_groups` VALUES ('813', '1', '-1');
INSERT INTO `rbac_account_groups` VALUES ('814', '1', '-1');
INSERT INTO `rbac_account_groups` VALUES ('815', '1', '-1');
INSERT INTO `rbac_account_groups` VALUES ('816', '1', '-1');
INSERT INTO `rbac_account_groups` VALUES ('817', '1', '-1');
INSERT INTO `rbac_account_groups` VALUES ('818', '1', '-1');
INSERT INTO `rbac_account_groups` VALUES ('819', '1', '-1');
INSERT INTO `rbac_account_groups` VALUES ('820', '1', '-1');
INSERT INTO `rbac_account_groups` VALUES ('821', '1', '-1');
INSERT INTO `rbac_account_groups` VALUES ('822', '1', '-1');
INSERT INTO `rbac_account_groups` VALUES ('823', '1', '-1');
INSERT INTO `rbac_account_groups` VALUES ('824', '1', '-1');
INSERT INTO `rbac_account_groups` VALUES ('825', '1', '-1');
INSERT INTO `rbac_account_groups` VALUES ('826', '1', '-1');
INSERT INTO `rbac_account_groups` VALUES ('827', '1', '-1');
INSERT INTO `rbac_account_groups` VALUES ('828', '1', '-1');
INSERT INTO `rbac_account_groups` VALUES ('829', '1', '-1');
INSERT INTO `rbac_account_groups` VALUES ('830', '1', '-1');
INSERT INTO `rbac_account_groups` VALUES ('831', '1', '-1');
INSERT INTO `rbac_account_groups` VALUES ('832', '1', '-1');
INSERT INTO `rbac_account_groups` VALUES ('833', '1', '-1');
INSERT INTO `rbac_account_groups` VALUES ('834', '1', '-1');
INSERT INTO `rbac_account_groups` VALUES ('835', '1', '-1');
INSERT INTO `rbac_account_groups` VALUES ('836', '1', '-1');
INSERT INTO `rbac_account_groups` VALUES ('837', '1', '-1');
INSERT INTO `rbac_account_groups` VALUES ('838', '1', '-1');
INSERT INTO `rbac_account_groups` VALUES ('839', '1', '-1');
INSERT INTO `rbac_account_groups` VALUES ('840', '1', '-1');
INSERT INTO `rbac_account_groups` VALUES ('841', '1', '-1');
INSERT INTO `rbac_account_groups` VALUES ('842', '1', '-1');
INSERT INTO `rbac_account_groups` VALUES ('843', '1', '-1');
INSERT INTO `rbac_account_groups` VALUES ('844', '1', '-1');
INSERT INTO `rbac_account_groups` VALUES ('845', '1', '-1');
INSERT INTO `rbac_account_groups` VALUES ('846', '1', '-1');
INSERT INTO `rbac_account_groups` VALUES ('847', '1', '-1');
INSERT INTO `rbac_account_groups` VALUES ('848', '1', '-1');
INSERT INTO `rbac_account_groups` VALUES ('849', '1', '-1');
INSERT INTO `rbac_account_groups` VALUES ('850', '1', '-1');
INSERT INTO `rbac_account_groups` VALUES ('851', '1', '-1');
INSERT INTO `rbac_account_groups` VALUES ('852', '1', '-1');
INSERT INTO `rbac_account_groups` VALUES ('853', '1', '-1');
INSERT INTO `rbac_account_groups` VALUES ('854', '1', '-1');
INSERT INTO `rbac_account_groups` VALUES ('855', '1', '-1');
INSERT INTO `rbac_account_groups` VALUES ('856', '1', '-1');
INSERT INTO `rbac_account_groups` VALUES ('857', '1', '-1');
INSERT INTO `rbac_account_groups` VALUES ('858', '1', '-1');
INSERT INTO `rbac_account_groups` VALUES ('859', '1', '-1');
INSERT INTO `rbac_account_groups` VALUES ('860', '1', '-1');
INSERT INTO `rbac_account_groups` VALUES ('861', '1', '-1');
INSERT INTO `rbac_account_groups` VALUES ('862', '1', '-1');
INSERT INTO `rbac_account_groups` VALUES ('863', '1', '-1');
INSERT INTO `rbac_account_groups` VALUES ('864', '1', '-1');
INSERT INTO `rbac_account_groups` VALUES ('865', '1', '-1');
INSERT INTO `rbac_account_groups` VALUES ('866', '1', '-1');
INSERT INTO `rbac_account_groups` VALUES ('867', '1', '-1');
INSERT INTO `rbac_account_groups` VALUES ('868', '1', '-1');
INSERT INTO `rbac_account_groups` VALUES ('869', '1', '-1');
INSERT INTO `rbac_account_groups` VALUES ('870', '1', '-1');
INSERT INTO `rbac_account_groups` VALUES ('871', '1', '-1');
INSERT INTO `rbac_account_groups` VALUES ('872', '1', '-1');
INSERT INTO `rbac_account_groups` VALUES ('873', '1', '-1');
INSERT INTO `rbac_account_groups` VALUES ('874', '1', '-1');
INSERT INTO `rbac_account_groups` VALUES ('875', '1', '-1');
INSERT INTO `rbac_account_groups` VALUES ('876', '1', '-1');
INSERT INTO `rbac_account_groups` VALUES ('877', '1', '-1');
INSERT INTO `rbac_account_groups` VALUES ('879', '1', '-1');
INSERT INTO `rbac_account_groups` VALUES ('880', '1', '-1');
INSERT INTO `rbac_account_groups` VALUES ('881', '1', '-1');
INSERT INTO `rbac_account_groups` VALUES ('882', '1', '-1');
INSERT INTO `rbac_account_groups` VALUES ('883', '1', '-1');
INSERT INTO `rbac_account_groups` VALUES ('884', '1', '-1');
INSERT INTO `rbac_account_groups` VALUES ('885', '1', '-1');
INSERT INTO `rbac_account_groups` VALUES ('886', '1', '-1');
INSERT INTO `rbac_account_groups` VALUES ('887', '1', '-1');
INSERT INTO `rbac_account_groups` VALUES ('888', '1', '-1');
INSERT INTO `rbac_account_groups` VALUES ('889', '1', '-1');
INSERT INTO `rbac_account_groups` VALUES ('890', '1', '-1');
INSERT INTO `rbac_account_groups` VALUES ('891', '1', '-1');
INSERT INTO `rbac_account_groups` VALUES ('892', '1', '-1');
INSERT INTO `rbac_account_groups` VALUES ('893', '1', '-1');
INSERT INTO `rbac_account_groups` VALUES ('894', '1', '-1');
INSERT INTO `rbac_account_groups` VALUES ('895', '1', '-1');
INSERT INTO `rbac_account_groups` VALUES ('896', '1', '-1');
INSERT INTO `rbac_account_groups` VALUES ('897', '1', '-1');
INSERT INTO `rbac_account_groups` VALUES ('898', '1', '-1');
INSERT INTO `rbac_account_groups` VALUES ('899', '1', '-1');
INSERT INTO `rbac_account_groups` VALUES ('900', '1', '-1');
INSERT INTO `rbac_account_groups` VALUES ('901', '1', '-1');
INSERT INTO `rbac_account_groups` VALUES ('902', '1', '-1');
INSERT INTO `rbac_account_groups` VALUES ('903', '1', '-1');
INSERT INTO `rbac_account_groups` VALUES ('904', '1', '-1');
INSERT INTO `rbac_account_groups` VALUES ('905', '1', '-1');
INSERT INTO `rbac_account_groups` VALUES ('906', '1', '-1');
INSERT INTO `rbac_account_groups` VALUES ('907', '1', '-1');
INSERT INTO `rbac_account_groups` VALUES ('908', '1', '-1');
INSERT INTO `rbac_account_groups` VALUES ('909', '1', '-1');
INSERT INTO `rbac_account_groups` VALUES ('910', '1', '-1');
INSERT INTO `rbac_account_groups` VALUES ('911', '1', '-1');
INSERT INTO `rbac_account_groups` VALUES ('912', '1', '-1');
INSERT INTO `rbac_account_groups` VALUES ('913', '1', '-1');
INSERT INTO `rbac_account_groups` VALUES ('914', '1', '-1');
INSERT INTO `rbac_account_groups` VALUES ('915', '1', '-1');
INSERT INTO `rbac_account_groups` VALUES ('916', '1', '-1');
INSERT INTO `rbac_account_groups` VALUES ('917', '1', '-1');
INSERT INTO `rbac_account_groups` VALUES ('918', '1', '-1');
INSERT INTO `rbac_account_groups` VALUES ('919', '1', '-1');
INSERT INTO `rbac_account_groups` VALUES ('920', '1', '-1');
INSERT INTO `rbac_account_groups` VALUES ('921', '1', '-1');
INSERT INTO `rbac_account_groups` VALUES ('922', '1', '-1');
INSERT INTO `rbac_account_groups` VALUES ('923', '1', '-1');
INSERT INTO `rbac_account_groups` VALUES ('924', '1', '-1');
INSERT INTO `rbac_account_groups` VALUES ('925', '1', '-1');
INSERT INTO `rbac_account_groups` VALUES ('926', '1', '-1');
INSERT INTO `rbac_account_groups` VALUES ('927', '1', '-1');
INSERT INTO `rbac_account_groups` VALUES ('928', '1', '-1');
INSERT INTO `rbac_account_groups` VALUES ('929', '1', '-1');
INSERT INTO `rbac_account_groups` VALUES ('930', '1', '-1');
INSERT INTO `rbac_account_groups` VALUES ('931', '1', '-1');
INSERT INTO `rbac_account_groups` VALUES ('932', '1', '-1');
INSERT INTO `rbac_account_groups` VALUES ('933', '1', '-1');
INSERT INTO `rbac_account_groups` VALUES ('934', '1', '-1');
INSERT INTO `rbac_account_groups` VALUES ('935', '1', '-1');
INSERT INTO `rbac_account_groups` VALUES ('936', '1', '-1');
INSERT INTO `rbac_account_groups` VALUES ('937', '1', '-1');
INSERT INTO `rbac_account_groups` VALUES ('938', '1', '-1');
INSERT INTO `rbac_account_groups` VALUES ('939', '1', '-1');
INSERT INTO `rbac_account_groups` VALUES ('940', '1', '-1');
INSERT INTO `rbac_account_groups` VALUES ('941', '1', '-1');
INSERT INTO `rbac_account_groups` VALUES ('942', '1', '-1');
INSERT INTO `rbac_account_groups` VALUES ('943', '1', '-1');
INSERT INTO `rbac_account_groups` VALUES ('944', '1', '-1');
INSERT INTO `rbac_account_groups` VALUES ('945', '1', '-1');
INSERT INTO `rbac_account_groups` VALUES ('946', '1', '-1');
INSERT INTO `rbac_account_groups` VALUES ('947', '1', '-1');
INSERT INTO `rbac_account_groups` VALUES ('948', '1', '-1');
INSERT INTO `rbac_account_groups` VALUES ('949', '1', '-1');
INSERT INTO `rbac_account_groups` VALUES ('950', '1', '-1');
INSERT INTO `rbac_account_groups` VALUES ('951', '1', '-1');
INSERT INTO `rbac_account_groups` VALUES ('952', '1', '-1');
INSERT INTO `rbac_account_groups` VALUES ('953', '1', '-1');
INSERT INTO `rbac_account_groups` VALUES ('954', '1', '-1');
INSERT INTO `rbac_account_groups` VALUES ('955', '1', '-1');
INSERT INTO `rbac_account_groups` VALUES ('956', '1', '-1');
INSERT INTO `rbac_account_groups` VALUES ('957', '1', '-1');
INSERT INTO `rbac_account_groups` VALUES ('958', '1', '-1');
INSERT INTO `rbac_account_groups` VALUES ('959', '1', '-1');
INSERT INTO `rbac_account_groups` VALUES ('960', '1', '-1');
INSERT INTO `rbac_account_groups` VALUES ('961', '1', '-1');
INSERT INTO `rbac_account_groups` VALUES ('962', '1', '-1');
INSERT INTO `rbac_account_groups` VALUES ('963', '1', '-1');
INSERT INTO `rbac_account_groups` VALUES ('964', '1', '-1');
INSERT INTO `rbac_account_groups` VALUES ('965', '1', '-1');
INSERT INTO `rbac_account_groups` VALUES ('966', '1', '-1');
INSERT INTO `rbac_account_groups` VALUES ('967', '1', '-1');
INSERT INTO `rbac_account_groups` VALUES ('968', '1', '-1');
INSERT INTO `rbac_account_groups` VALUES ('969', '1', '-1');
INSERT INTO `rbac_account_groups` VALUES ('970', '1', '-1');
INSERT INTO `rbac_account_groups` VALUES ('971', '1', '-1');
INSERT INTO `rbac_account_groups` VALUES ('972', '1', '-1');
INSERT INTO `rbac_account_groups` VALUES ('973', '1', '-1');
INSERT INTO `rbac_account_groups` VALUES ('974', '1', '-1');
INSERT INTO `rbac_account_groups` VALUES ('975', '1', '-1');
INSERT INTO `rbac_account_groups` VALUES ('976', '1', '-1');
INSERT INTO `rbac_account_groups` VALUES ('977', '1', '-1');
INSERT INTO `rbac_account_groups` VALUES ('978', '1', '-1');
INSERT INTO `rbac_account_groups` VALUES ('979', '1', '-1');
INSERT INTO `rbac_account_groups` VALUES ('980', '1', '-1');
INSERT INTO `rbac_account_groups` VALUES ('981', '1', '-1');
INSERT INTO `rbac_account_groups` VALUES ('982', '1', '-1');
INSERT INTO `rbac_account_groups` VALUES ('983', '1', '-1');
INSERT INTO `rbac_account_groups` VALUES ('984', '1', '-1');
INSERT INTO `rbac_account_groups` VALUES ('985', '1', '-1');
INSERT INTO `rbac_account_groups` VALUES ('986', '1', '-1');
INSERT INTO `rbac_account_groups` VALUES ('987', '1', '-1');
INSERT INTO `rbac_account_groups` VALUES ('988', '1', '-1');
INSERT INTO `rbac_account_groups` VALUES ('989', '1', '-1');
INSERT INTO `rbac_account_groups` VALUES ('990', '1', '-1');
INSERT INTO `rbac_account_groups` VALUES ('991', '1', '-1');
INSERT INTO `rbac_account_groups` VALUES ('992', '1', '-1');
INSERT INTO `rbac_account_groups` VALUES ('993', '1', '-1');
INSERT INTO `rbac_account_groups` VALUES ('994', '1', '-1');
INSERT INTO `rbac_account_groups` VALUES ('995', '1', '-1');
INSERT INTO `rbac_account_groups` VALUES ('996', '1', '-1');
INSERT INTO `rbac_account_groups` VALUES ('997', '1', '-1');
INSERT INTO `rbac_account_groups` VALUES ('998', '1', '-1');
INSERT INTO `rbac_account_groups` VALUES ('999', '1', '-1');
INSERT INTO `rbac_account_groups` VALUES ('1000', '1', '-1');
INSERT INTO `rbac_account_groups` VALUES ('1001', '1', '-1');
INSERT INTO `rbac_account_groups` VALUES ('1002', '1', '-1');
INSERT INTO `rbac_account_groups` VALUES ('1003', '1', '-1');
INSERT INTO `rbac_account_groups` VALUES ('1004', '1', '-1');
INSERT INTO `rbac_account_groups` VALUES ('1005', '1', '-1');
INSERT INTO `rbac_account_groups` VALUES ('1006', '1', '-1');
INSERT INTO `rbac_account_groups` VALUES ('1007', '1', '-1');
INSERT INTO `rbac_account_groups` VALUES ('1008', '1', '-1');
INSERT INTO `rbac_account_groups` VALUES ('1009', '1', '-1');
INSERT INTO `rbac_account_groups` VALUES ('1010', '1', '-1');
INSERT INTO `rbac_account_groups` VALUES ('1011', '1', '-1');
INSERT INTO `rbac_account_groups` VALUES ('1012', '1', '-1');
INSERT INTO `rbac_account_groups` VALUES ('1013', '1', '-1');
INSERT INTO `rbac_account_groups` VALUES ('1014', '1', '-1');
INSERT INTO `rbac_account_groups` VALUES ('1015', '1', '-1');
INSERT INTO `rbac_account_groups` VALUES ('1016', '1', '-1');
INSERT INTO `rbac_account_groups` VALUES ('1017', '1', '-1');
INSERT INTO `rbac_account_groups` VALUES ('1018', '1', '-1');
INSERT INTO `rbac_account_groups` VALUES ('1019', '1', '-1');
INSERT INTO `rbac_account_groups` VALUES ('1020', '1', '-1');
INSERT INTO `rbac_account_groups` VALUES ('1021', '1', '-1');
INSERT INTO `rbac_account_groups` VALUES ('1022', '1', '-1');
INSERT INTO `rbac_account_groups` VALUES ('1023', '1', '-1');
INSERT INTO `rbac_account_groups` VALUES ('1024', '1', '-1');
INSERT INTO `rbac_account_groups` VALUES ('1025', '1', '-1');
INSERT INTO `rbac_account_groups` VALUES ('1026', '1', '-1');
INSERT INTO `rbac_account_groups` VALUES ('1027', '1', '-1');
INSERT INTO `rbac_account_groups` VALUES ('1028', '1', '-1');
INSERT INTO `rbac_account_groups` VALUES ('1029', '1', '-1');
INSERT INTO `rbac_account_groups` VALUES ('1030', '1', '-1');
INSERT INTO `rbac_account_groups` VALUES ('1031', '1', '-1');
INSERT INTO `rbac_account_groups` VALUES ('1032', '1', '-1');
INSERT INTO `rbac_account_groups` VALUES ('1033', '1', '-1');
INSERT INTO `rbac_account_groups` VALUES ('1034', '1', '-1');
INSERT INTO `rbac_account_groups` VALUES ('1035', '1', '-1');
INSERT INTO `rbac_account_groups` VALUES ('1036', '1', '-1');
INSERT INTO `rbac_account_groups` VALUES ('1037', '1', '-1');
INSERT INTO `rbac_account_groups` VALUES ('1038', '1', '-1');
INSERT INTO `rbac_account_groups` VALUES ('1039', '1', '-1');
INSERT INTO `rbac_account_groups` VALUES ('1040', '1', '-1');
INSERT INTO `rbac_account_groups` VALUES ('1041', '1', '-1');
INSERT INTO `rbac_account_groups` VALUES ('1042', '1', '-1');
INSERT INTO `rbac_account_groups` VALUES ('1043', '1', '-1');
INSERT INTO `rbac_account_groups` VALUES ('1044', '1', '-1');
INSERT INTO `rbac_account_groups` VALUES ('1045', '1', '-1');
INSERT INTO `rbac_account_groups` VALUES ('1046', '1', '-1');
INSERT INTO `rbac_account_groups` VALUES ('1047', '1', '-1');
INSERT INTO `rbac_account_groups` VALUES ('1048', '1', '-1');
INSERT INTO `rbac_account_groups` VALUES ('1049', '1', '-1');
INSERT INTO `rbac_account_groups` VALUES ('1050', '1', '-1');
INSERT INTO `rbac_account_groups` VALUES ('1051', '1', '-1');
INSERT INTO `rbac_account_groups` VALUES ('1052', '1', '-1');
INSERT INTO `rbac_account_groups` VALUES ('1053', '1', '-1');
INSERT INTO `rbac_account_groups` VALUES ('1054', '1', '-1');
INSERT INTO `rbac_account_groups` VALUES ('1055', '1', '-1');
INSERT INTO `rbac_account_groups` VALUES ('1056', '1', '-1');
INSERT INTO `rbac_account_groups` VALUES ('1057', '1', '-1');
INSERT INTO `rbac_account_groups` VALUES ('1058', '1', '-1');
INSERT INTO `rbac_account_groups` VALUES ('1059', '1', '-1');
INSERT INTO `rbac_account_groups` VALUES ('1060', '1', '-1');
INSERT INTO `rbac_account_groups` VALUES ('1061', '1', '-1');
INSERT INTO `rbac_account_groups` VALUES ('1062', '1', '-1');
INSERT INTO `rbac_account_groups` VALUES ('1063', '1', '-1');
INSERT INTO `rbac_account_groups` VALUES ('1064', '1', '-1');
INSERT INTO `rbac_account_groups` VALUES ('1065', '1', '-1');
INSERT INTO `rbac_account_groups` VALUES ('1066', '1', '-1');
INSERT INTO `rbac_account_groups` VALUES ('1067', '1', '-1');
INSERT INTO `rbac_account_groups` VALUES ('1068', '1', '-1');
INSERT INTO `rbac_account_groups` VALUES ('1069', '1', '-1');
INSERT INTO `rbac_account_groups` VALUES ('1070', '1', '-1');
INSERT INTO `rbac_account_groups` VALUES ('1071', '1', '-1');
INSERT INTO `rbac_account_groups` VALUES ('1072', '1', '-1');
INSERT INTO `rbac_account_groups` VALUES ('1073', '1', '-1');
INSERT INTO `rbac_account_groups` VALUES ('1074', '1', '-1');
INSERT INTO `rbac_account_groups` VALUES ('1075', '1', '-1');
INSERT INTO `rbac_account_groups` VALUES ('1076', '1', '-1');
INSERT INTO `rbac_account_groups` VALUES ('1077', '1', '-1');
INSERT INTO `rbac_account_groups` VALUES ('1078', '1', '-1');
INSERT INTO `rbac_account_groups` VALUES ('1079', '1', '-1');
INSERT INTO `rbac_account_groups` VALUES ('1080', '1', '-1');
INSERT INTO `rbac_account_groups` VALUES ('1081', '1', '-1');
INSERT INTO `rbac_account_groups` VALUES ('1082', '1', '-1');
INSERT INTO `rbac_account_groups` VALUES ('1083', '1', '-1');
INSERT INTO `rbac_account_groups` VALUES ('1084', '1', '-1');
INSERT INTO `rbac_account_groups` VALUES ('1085', '1', '-1');
INSERT INTO `rbac_account_groups` VALUES ('1086', '1', '-1');
INSERT INTO `rbac_account_groups` VALUES ('1087', '1', '-1');
INSERT INTO `rbac_account_groups` VALUES ('1088', '1', '-1');
INSERT INTO `rbac_account_groups` VALUES ('1089', '1', '-1');
INSERT INTO `rbac_account_groups` VALUES ('1090', '1', '-1');
INSERT INTO `rbac_account_groups` VALUES ('1091', '1', '-1');
INSERT INTO `rbac_account_groups` VALUES ('1092', '1', '-1');
INSERT INTO `rbac_account_groups` VALUES ('1093', '1', '-1');
INSERT INTO `rbac_account_groups` VALUES ('1094', '1', '-1');
INSERT INTO `rbac_account_groups` VALUES ('1095', '1', '-1');
INSERT INTO `rbac_account_groups` VALUES ('1096', '1', '-1');
INSERT INTO `rbac_account_groups` VALUES ('1097', '1', '-1');
INSERT INTO `rbac_account_groups` VALUES ('1098', '1', '-1');
INSERT INTO `rbac_account_groups` VALUES ('1099', '1', '-1');
INSERT INTO `rbac_account_groups` VALUES ('1100', '1', '-1');
INSERT INTO `rbac_account_groups` VALUES ('1101', '1', '-1');
INSERT INTO `rbac_account_groups` VALUES ('1102', '1', '-1');
INSERT INTO `rbac_account_groups` VALUES ('1103', '1', '-1');
INSERT INTO `rbac_account_groups` VALUES ('1104', '1', '-1');
INSERT INTO `rbac_account_groups` VALUES ('1105', '1', '-1');
INSERT INTO `rbac_account_groups` VALUES ('1106', '1', '-1');
INSERT INTO `rbac_account_groups` VALUES ('1107', '1', '-1');
INSERT INTO `rbac_account_groups` VALUES ('1108', '1', '-1');
INSERT INTO `rbac_account_groups` VALUES ('1109', '1', '-1');
INSERT INTO `rbac_account_groups` VALUES ('1110', '1', '-1');
INSERT INTO `rbac_account_groups` VALUES ('1111', '1', '-1');
INSERT INTO `rbac_account_groups` VALUES ('1112', '1', '-1');
INSERT INTO `rbac_account_groups` VALUES ('1113', '1', '-1');
INSERT INTO `rbac_account_groups` VALUES ('1114', '1', '-1');
INSERT INTO `rbac_account_groups` VALUES ('1115', '1', '-1');
INSERT INTO `rbac_account_groups` VALUES ('1116', '1', '-1');
INSERT INTO `rbac_account_groups` VALUES ('1117', '1', '-1');
INSERT INTO `rbac_account_groups` VALUES ('1118', '1', '-1');
INSERT INTO `rbac_account_groups` VALUES ('1119', '1', '-1');
INSERT INTO `rbac_account_groups` VALUES ('1120', '1', '-1');
INSERT INTO `rbac_account_groups` VALUES ('1121', '1', '-1');
INSERT INTO `rbac_account_groups` VALUES ('1122', '1', '-1');
INSERT INTO `rbac_account_groups` VALUES ('1123', '1', '-1');
INSERT INTO `rbac_account_groups` VALUES ('1124', '1', '-1');
INSERT INTO `rbac_account_groups` VALUES ('1125', '1', '-1');
INSERT INTO `rbac_account_groups` VALUES ('1126', '1', '-1');
INSERT INTO `rbac_account_groups` VALUES ('1127', '1', '-1');
INSERT INTO `rbac_account_groups` VALUES ('1128', '1', '-1');
INSERT INTO `rbac_account_groups` VALUES ('1129', '1', '-1');
INSERT INTO `rbac_account_groups` VALUES ('1130', '1', '-1');
INSERT INTO `rbac_account_groups` VALUES ('1131', '1', '-1');
INSERT INTO `rbac_account_groups` VALUES ('1132', '1', '-1');
INSERT INTO `rbac_account_groups` VALUES ('1133', '1', '-1');
INSERT INTO `rbac_account_groups` VALUES ('1134', '1', '-1');
INSERT INTO `rbac_account_groups` VALUES ('1135', '1', '-1');
INSERT INTO `rbac_account_groups` VALUES ('1136', '1', '-1');
INSERT INTO `rbac_account_groups` VALUES ('1137', '1', '-1');
INSERT INTO `rbac_account_groups` VALUES ('1138', '1', '-1');
INSERT INTO `rbac_account_groups` VALUES ('1139', '1', '-1');
INSERT INTO `rbac_account_groups` VALUES ('1140', '1', '-1');
INSERT INTO `rbac_account_groups` VALUES ('1141', '1', '-1');
INSERT INTO `rbac_account_groups` VALUES ('1142', '1', '-1');
INSERT INTO `rbac_account_groups` VALUES ('1143', '1', '-1');
INSERT INTO `rbac_account_groups` VALUES ('1144', '1', '-1');
INSERT INTO `rbac_account_groups` VALUES ('1145', '1', '-1');
INSERT INTO `rbac_account_groups` VALUES ('1146', '1', '-1');
INSERT INTO `rbac_account_groups` VALUES ('1147', '1', '-1');
INSERT INTO `rbac_account_groups` VALUES ('1148', '1', '-1');
INSERT INTO `rbac_account_groups` VALUES ('1149', '1', '-1');
INSERT INTO `rbac_account_groups` VALUES ('1150', '1', '-1');
INSERT INTO `rbac_account_groups` VALUES ('1151', '1', '-1');
INSERT INTO `rbac_account_groups` VALUES ('1152', '1', '-1');
INSERT INTO `rbac_account_groups` VALUES ('1153', '1', '-1');
INSERT INTO `rbac_account_groups` VALUES ('1154', '1', '-1');
INSERT INTO `rbac_account_groups` VALUES ('1155', '1', '-1');
INSERT INTO `rbac_account_groups` VALUES ('1156', '1', '-1');
INSERT INTO `rbac_account_groups` VALUES ('1157', '1', '-1');
INSERT INTO `rbac_account_groups` VALUES ('1158', '1', '-1');
INSERT INTO `rbac_account_groups` VALUES ('1159', '1', '-1');
INSERT INTO `rbac_account_groups` VALUES ('1160', '1', '-1');
INSERT INTO `rbac_account_groups` VALUES ('1161', '1', '-1');
INSERT INTO `rbac_account_groups` VALUES ('1162', '1', '-1');
INSERT INTO `rbac_account_groups` VALUES ('1163', '1', '-1');
INSERT INTO `rbac_account_groups` VALUES ('1164', '1', '-1');
INSERT INTO `rbac_account_groups` VALUES ('1165', '1', '-1');
INSERT INTO `rbac_account_groups` VALUES ('1166', '1', '-1');
INSERT INTO `rbac_account_groups` VALUES ('1167', '1', '-1');
INSERT INTO `rbac_account_groups` VALUES ('1168', '1', '-1');
INSERT INTO `rbac_account_groups` VALUES ('1169', '1', '-1');
INSERT INTO `rbac_account_groups` VALUES ('1170', '1', '-1');
INSERT INTO `rbac_account_groups` VALUES ('1171', '1', '-1');
INSERT INTO `rbac_account_groups` VALUES ('1172', '1', '-1');
INSERT INTO `rbac_account_groups` VALUES ('1173', '1', '-1');
INSERT INTO `rbac_account_groups` VALUES ('1174', '1', '-1');
INSERT INTO `rbac_account_groups` VALUES ('1175', '1', '-1');
INSERT INTO `rbac_account_groups` VALUES ('1176', '1', '-1');
INSERT INTO `rbac_account_groups` VALUES ('1177', '1', '-1');
INSERT INTO `rbac_account_groups` VALUES ('1178', '1', '-1');
INSERT INTO `rbac_account_groups` VALUES ('1179', '1', '-1');
INSERT INTO `rbac_account_groups` VALUES ('1180', '1', '-1');
INSERT INTO `rbac_account_groups` VALUES ('1181', '1', '-1');
INSERT INTO `rbac_account_groups` VALUES ('1182', '1', '-1');
INSERT INTO `rbac_account_groups` VALUES ('1183', '1', '-1');
INSERT INTO `rbac_account_groups` VALUES ('1184', '1', '-1');
INSERT INTO `rbac_account_groups` VALUES ('1185', '1', '-1');
INSERT INTO `rbac_account_groups` VALUES ('1186', '1', '-1');
INSERT INTO `rbac_account_groups` VALUES ('1187', '1', '-1');
INSERT INTO `rbac_account_groups` VALUES ('1188', '1', '-1');
INSERT INTO `rbac_account_groups` VALUES ('1189', '1', '-1');
INSERT INTO `rbac_account_groups` VALUES ('1190', '1', '-1');
INSERT INTO `rbac_account_groups` VALUES ('1191', '1', '-1');
INSERT INTO `rbac_account_groups` VALUES ('1192', '1', '-1');
INSERT INTO `rbac_account_groups` VALUES ('1193', '1', '-1');
INSERT INTO `rbac_account_groups` VALUES ('1194', '1', '-1');
INSERT INTO `rbac_account_groups` VALUES ('1195', '1', '-1');
INSERT INTO `rbac_account_groups` VALUES ('1196', '1', '-1');
INSERT INTO `rbac_account_groups` VALUES ('1197', '1', '-1');
INSERT INTO `rbac_account_groups` VALUES ('1198', '1', '-1');
INSERT INTO `rbac_account_groups` VALUES ('1199', '1', '-1');
INSERT INTO `rbac_account_groups` VALUES ('1200', '1', '-1');
INSERT INTO `rbac_account_groups` VALUES ('1201', '1', '-1');
INSERT INTO `rbac_account_groups` VALUES ('1202', '1', '-1');
INSERT INTO `rbac_account_groups` VALUES ('1203', '1', '-1');
INSERT INTO `rbac_account_groups` VALUES ('1204', '1', '-1');
INSERT INTO `rbac_account_groups` VALUES ('1205', '1', '-1');
INSERT INTO `rbac_account_groups` VALUES ('1206', '1', '-1');
INSERT INTO `rbac_account_groups` VALUES ('1207', '1', '-1');
INSERT INTO `rbac_account_groups` VALUES ('1208', '1', '-1');
INSERT INTO `rbac_account_groups` VALUES ('1209', '1', '-1');
INSERT INTO `rbac_account_groups` VALUES ('1210', '1', '-1');
INSERT INTO `rbac_account_groups` VALUES ('1211', '1', '-1');
INSERT INTO `rbac_account_groups` VALUES ('1212', '1', '-1');
INSERT INTO `rbac_account_groups` VALUES ('1213', '1', '-1');
INSERT INTO `rbac_account_groups` VALUES ('1214', '1', '-1');
INSERT INTO `rbac_account_groups` VALUES ('1215', '1', '-1');
INSERT INTO `rbac_account_groups` VALUES ('1216', '1', '-1');
INSERT INTO `rbac_account_groups` VALUES ('1217', '1', '-1');
INSERT INTO `rbac_account_groups` VALUES ('1218', '1', '-1');
INSERT INTO `rbac_account_groups` VALUES ('1219', '1', '-1');
INSERT INTO `rbac_account_groups` VALUES ('1220', '1', '-1');
INSERT INTO `rbac_account_groups` VALUES ('1221', '1', '-1');
INSERT INTO `rbac_account_groups` VALUES ('1222', '1', '-1');
INSERT INTO `rbac_account_groups` VALUES ('1223', '1', '-1');
INSERT INTO `rbac_account_groups` VALUES ('1224', '1', '-1');
INSERT INTO `rbac_account_groups` VALUES ('1225', '1', '-1');
INSERT INTO `rbac_account_groups` VALUES ('1226', '1', '-1');
INSERT INTO `rbac_account_groups` VALUES ('1227', '1', '-1');
INSERT INTO `rbac_account_groups` VALUES ('1228', '1', '-1');
INSERT INTO `rbac_account_groups` VALUES ('1229', '1', '-1');
INSERT INTO `rbac_account_groups` VALUES ('1230', '1', '-1');
INSERT INTO `rbac_account_groups` VALUES ('1231', '1', '-1');
INSERT INTO `rbac_account_groups` VALUES ('1232', '1', '-1');
INSERT INTO `rbac_account_groups` VALUES ('1233', '1', '-1');
INSERT INTO `rbac_account_groups` VALUES ('1234', '1', '-1');
INSERT INTO `rbac_account_groups` VALUES ('1235', '1', '-1');
INSERT INTO `rbac_account_groups` VALUES ('1236', '1', '-1');
INSERT INTO `rbac_account_groups` VALUES ('1237', '1', '-1');
INSERT INTO `rbac_account_groups` VALUES ('1238', '1', '-1');
INSERT INTO `rbac_account_groups` VALUES ('1239', '1', '-1');
INSERT INTO `rbac_account_groups` VALUES ('1240', '1', '-1');
INSERT INTO `rbac_account_groups` VALUES ('1241', '1', '-1');
INSERT INTO `rbac_account_groups` VALUES ('1242', '1', '-1');
INSERT INTO `rbac_account_groups` VALUES ('1243', '1', '-1');
INSERT INTO `rbac_account_groups` VALUES ('1244', '1', '-1');
INSERT INTO `rbac_account_groups` VALUES ('1245', '1', '-1');
INSERT INTO `rbac_account_groups` VALUES ('1246', '1', '-1');
INSERT INTO `rbac_account_groups` VALUES ('1247', '1', '-1');
INSERT INTO `rbac_account_groups` VALUES ('1248', '1', '-1');
INSERT INTO `rbac_account_groups` VALUES ('1249', '1', '-1');
INSERT INTO `rbac_account_groups` VALUES ('1250', '1', '-1');
INSERT INTO `rbac_account_groups` VALUES ('1251', '1', '-1');
INSERT INTO `rbac_account_groups` VALUES ('1252', '1', '-1');
INSERT INTO `rbac_account_groups` VALUES ('1253', '1', '-1');
INSERT INTO `rbac_account_groups` VALUES ('1254', '1', '-1');
INSERT INTO `rbac_account_groups` VALUES ('1255', '1', '-1');
INSERT INTO `rbac_account_groups` VALUES ('1256', '1', '-1');
INSERT INTO `rbac_account_groups` VALUES ('1257', '1', '-1');
INSERT INTO `rbac_account_groups` VALUES ('1258', '1', '-1');
INSERT INTO `rbac_account_groups` VALUES ('1259', '1', '-1');
INSERT INTO `rbac_account_groups` VALUES ('1260', '1', '-1');
INSERT INTO `rbac_account_groups` VALUES ('1261', '1', '-1');
INSERT INTO `rbac_account_groups` VALUES ('1262', '1', '-1');
INSERT INTO `rbac_account_groups` VALUES ('1263', '1', '-1');
INSERT INTO `rbac_account_groups` VALUES ('1264', '1', '-1');
INSERT INTO `rbac_account_groups` VALUES ('1265', '1', '-1');
INSERT INTO `rbac_account_groups` VALUES ('1266', '1', '-1');
INSERT INTO `rbac_account_groups` VALUES ('1267', '1', '-1');
INSERT INTO `rbac_account_groups` VALUES ('1268', '1', '-1');
INSERT INTO `rbac_account_groups` VALUES ('1269', '1', '-1');
INSERT INTO `rbac_account_groups` VALUES ('1270', '1', '-1');
INSERT INTO `rbac_account_groups` VALUES ('1271', '1', '-1');
INSERT INTO `rbac_account_groups` VALUES ('1272', '1', '-1');
INSERT INTO `rbac_account_groups` VALUES ('1273', '1', '-1');
INSERT INTO `rbac_account_groups` VALUES ('1274', '1', '-1');
INSERT INTO `rbac_account_groups` VALUES ('1275', '1', '-1');
INSERT INTO `rbac_account_groups` VALUES ('1276', '1', '-1');
INSERT INTO `rbac_account_groups` VALUES ('1277', '1', '-1');
INSERT INTO `rbac_account_groups` VALUES ('1278', '1', '-1');
INSERT INTO `rbac_account_groups` VALUES ('1279', '1', '-1');
INSERT INTO `rbac_account_groups` VALUES ('1280', '1', '-1');
INSERT INTO `rbac_account_groups` VALUES ('1281', '1', '-1');
INSERT INTO `rbac_account_groups` VALUES ('1282', '1', '-1');
INSERT INTO `rbac_account_groups` VALUES ('1283', '1', '-1');
INSERT INTO `rbac_account_groups` VALUES ('1284', '1', '-1');
INSERT INTO `rbac_account_groups` VALUES ('1285', '1', '-1');
INSERT INTO `rbac_account_groups` VALUES ('1286', '1', '-1');
INSERT INTO `rbac_account_groups` VALUES ('1287', '1', '-1');
INSERT INTO `rbac_account_groups` VALUES ('1288', '1', '-1');

-- ----------------------------
-- Table structure for rbac_account_permissions
-- ----------------------------
DROP TABLE IF EXISTS `rbac_account_permissions`;
CREATE TABLE `rbac_account_permissions` (
  `accountId` int(10) unsigned NOT NULL COMMENT 'Account id',
  `permissionId` int(10) unsigned NOT NULL COMMENT 'Permission id',
  `granted` tinyint(1) NOT NULL DEFAULT '1' COMMENT 'Granted = 1, Denied = 0',
  `realmId` int(11) NOT NULL DEFAULT '-1' COMMENT 'Realm Id, -1 means all',
  PRIMARY KEY (`accountId`,`permissionId`,`realmId`),
  KEY `fk__rbac_account_roles__rbac_permissions` (`permissionId`),
  CONSTRAINT `fk__rbac_account_permissions__account` FOREIGN KEY (`accountId`) REFERENCES `account` (`id`) ON DELETE CASCADE,
  CONSTRAINT `fk__rbac_account_roles__rbac_permissions` FOREIGN KEY (`permissionId`) REFERENCES `rbac_permissions` (`id`) ON DELETE CASCADE
) ENGINE=InnoDB DEFAULT CHARSET=utf8 COMMENT='Account-Permission relation';

-- ----------------------------
-- Records of rbac_account_permissions
-- ----------------------------

-- ----------------------------
-- Table structure for rbac_default_permissions
-- ----------------------------
DROP TABLE IF EXISTS `rbac_default_permissions`;
CREATE TABLE `rbac_default_permissions` (
  `secId` int(10) unsigned NOT NULL COMMENT 'Security Level id',
  `permissionId` int(10) unsigned NOT NULL COMMENT 'permission id',
  `realmId` int(11) NOT NULL DEFAULT '-1' COMMENT 'Realm Id, -1 means all',
  PRIMARY KEY (`secId`,`permissionId`,`realmId`),
  KEY `fk__rbac_default_permissions__rbac_permissions` (`permissionId`),
  CONSTRAINT `fk__rbac_default_permissions__rbac_permissions` FOREIGN KEY (`permissionId`) REFERENCES `rbac_permissions` (`id`)
) ENGINE=InnoDB DEFAULT CHARSET=utf8 COMMENT='Default permission to assign to different account security levels';

-- ----------------------------
-- Records of rbac_default_permissions
-- ----------------------------
INSERT INTO `rbac_default_permissions` VALUES ('0', '190', '2');
INSERT INTO `rbac_default_permissions` VALUES ('0', '195', '-1');
INSERT INTO `rbac_default_permissions` VALUES ('1', '194', '-1');
INSERT INTO `rbac_default_permissions` VALUES ('2', '188', '2');
INSERT INTO `rbac_default_permissions` VALUES ('2', '193', '-1');
INSERT INTO `rbac_default_permissions` VALUES ('3', '193', '-1');
INSERT INTO `rbac_default_permissions` VALUES ('4', '192', '-1');
INSERT INTO `rbac_default_permissions` VALUES ('5', '192', '-1');
INSERT INTO `rbac_default_permissions` VALUES ('6', '191', '-1');
INSERT INTO `rbac_default_permissions` VALUES ('7', '191', '-1');
INSERT INTO `rbac_default_permissions` VALUES ('9', '191', '-1');

-- ----------------------------
-- Table structure for rbac_linked_permissions
-- ----------------------------
DROP TABLE IF EXISTS `rbac_linked_permissions`;
CREATE TABLE `rbac_linked_permissions` (
  `id` int(10) unsigned NOT NULL COMMENT 'Permission id',
  `linkedId` int(10) unsigned NOT NULL COMMENT 'Linked Permission id',
  PRIMARY KEY (`id`,`linkedId`),
  KEY `fk__rbac_linked_permissions__rbac_permissions1` (`id`),
  KEY `fk__rbac_linked_permissions__rbac_permissions2` (`linkedId`),
  CONSTRAINT `fk__rbac_linked_permissions__rbac_permissions1` FOREIGN KEY (`id`) REFERENCES `rbac_permissions` (`id`) ON DELETE CASCADE,
  CONSTRAINT `fk__rbac_linked_permissions__rbac_permissions2` FOREIGN KEY (`linkedId`) REFERENCES `rbac_permissions` (`id`) ON DELETE CASCADE
) ENGINE=InnoDB DEFAULT CHARSET=utf8 COMMENT='Permission - Linked Permission relation';

-- ----------------------------
-- Records of rbac_linked_permissions
-- ----------------------------
INSERT INTO `rbac_linked_permissions` VALUES ('188', '190');
INSERT INTO `rbac_linked_permissions` VALUES ('188', '194');
INSERT INTO `rbac_linked_permissions` VALUES ('189', '190');
INSERT INTO `rbac_linked_permissions` VALUES ('190', '1');
INSERT INTO `rbac_linked_permissions` VALUES ('190', '2');
INSERT INTO `rbac_linked_permissions` VALUES ('190', '11');
INSERT INTO `rbac_linked_permissions` VALUES ('190', '13');
INSERT INTO `rbac_linked_permissions` VALUES ('190', '14');
INSERT INTO `rbac_linked_permissions` VALUES ('190', '15');
INSERT INTO `rbac_linked_permissions` VALUES ('190', '16');
INSERT INTO `rbac_linked_permissions` VALUES ('190', '17');
INSERT INTO `rbac_linked_permissions` VALUES ('190', '18');
INSERT INTO `rbac_linked_permissions` VALUES ('190', '19');
INSERT INTO `rbac_linked_permissions` VALUES ('190', '20');
INSERT INTO `rbac_linked_permissions` VALUES ('190', '22');
INSERT INTO `rbac_linked_permissions` VALUES ('190', '23');
INSERT INTO `rbac_linked_permissions` VALUES ('190', '25');
INSERT INTO `rbac_linked_permissions` VALUES ('190', '26');
INSERT INTO `rbac_linked_permissions` VALUES ('190', '27');
INSERT INTO `rbac_linked_permissions` VALUES ('190', '28');
INSERT INTO `rbac_linked_permissions` VALUES ('190', '29');
INSERT INTO `rbac_linked_permissions` VALUES ('190', '30');
INSERT INTO `rbac_linked_permissions` VALUES ('190', '31');
INSERT INTO `rbac_linked_permissions` VALUES ('190', '32');
INSERT INTO `rbac_linked_permissions` VALUES ('190', '33');
INSERT INTO `rbac_linked_permissions` VALUES ('190', '34');
INSERT INTO `rbac_linked_permissions` VALUES ('190', '35');
INSERT INTO `rbac_linked_permissions` VALUES ('190', '36');
INSERT INTO `rbac_linked_permissions` VALUES ('190', '37');
INSERT INTO `rbac_linked_permissions` VALUES ('190', '38');
INSERT INTO `rbac_linked_permissions` VALUES ('190', '39');
INSERT INTO `rbac_linked_permissions` VALUES ('190', '40');
INSERT INTO `rbac_linked_permissions` VALUES ('190', '41');
INSERT INTO `rbac_linked_permissions` VALUES ('190', '44');
INSERT INTO `rbac_linked_permissions` VALUES ('190', '46');
INSERT INTO `rbac_linked_permissions` VALUES ('190', '47');
INSERT INTO `rbac_linked_permissions` VALUES ('190', '51');
INSERT INTO `rbac_linked_permissions` VALUES ('190', '195');
INSERT INTO `rbac_linked_permissions` VALUES ('190', '198');
INSERT INTO `rbac_linked_permissions` VALUES ('190', '232');
INSERT INTO `rbac_linked_permissions` VALUES ('190', '236');
INSERT INTO `rbac_linked_permissions` VALUES ('190', '237');
INSERT INTO `rbac_linked_permissions` VALUES ('190', '273');
INSERT INTO `rbac_linked_permissions` VALUES ('190', '274');
INSERT INTO `rbac_linked_permissions` VALUES ('190', '275');
INSERT INTO `rbac_linked_permissions` VALUES ('190', '276');
INSERT INTO `rbac_linked_permissions` VALUES ('190', '277');
INSERT INTO `rbac_linked_permissions` VALUES ('190', '283');
INSERT INTO `rbac_linked_permissions` VALUES ('190', '284');
INSERT INTO `rbac_linked_permissions` VALUES ('190', '285');
INSERT INTO `rbac_linked_permissions` VALUES ('190', '286');
INSERT INTO `rbac_linked_permissions` VALUES ('190', '287');
INSERT INTO `rbac_linked_permissions` VALUES ('190', '301');
INSERT INTO `rbac_linked_permissions` VALUES ('190', '311');
INSERT INTO `rbac_linked_permissions` VALUES ('190', '371');
INSERT INTO `rbac_linked_permissions` VALUES ('190', '373');
INSERT INTO `rbac_linked_permissions` VALUES ('190', '417');
INSERT INTO `rbac_linked_permissions` VALUES ('190', '418');
INSERT INTO `rbac_linked_permissions` VALUES ('190', '419');
INSERT INTO `rbac_linked_permissions` VALUES ('190', '420');
INSERT INTO `rbac_linked_permissions` VALUES ('190', '421');
INSERT INTO `rbac_linked_permissions` VALUES ('190', '422');
INSERT INTO `rbac_linked_permissions` VALUES ('190', '423');
INSERT INTO `rbac_linked_permissions` VALUES ('190', '424');
INSERT INTO `rbac_linked_permissions` VALUES ('190', '429');
INSERT INTO `rbac_linked_permissions` VALUES ('190', '479');
INSERT INTO `rbac_linked_permissions` VALUES ('190', '480');
INSERT INTO `rbac_linked_permissions` VALUES ('190', '481');
INSERT INTO `rbac_linked_permissions` VALUES ('190', '482');
INSERT INTO `rbac_linked_permissions` VALUES ('190', '485');
INSERT INTO `rbac_linked_permissions` VALUES ('190', '486');
INSERT INTO `rbac_linked_permissions` VALUES ('190', '487');
INSERT INTO `rbac_linked_permissions` VALUES ('190', '488');
INSERT INTO `rbac_linked_permissions` VALUES ('190', '491');
INSERT INTO `rbac_linked_permissions` VALUES ('190', '494');
INSERT INTO `rbac_linked_permissions` VALUES ('190', '506');
INSERT INTO `rbac_linked_permissions` VALUES ('190', '509');
INSERT INTO `rbac_linked_permissions` VALUES ('190', '513');
INSERT INTO `rbac_linked_permissions` VALUES ('190', '517');
INSERT INTO `rbac_linked_permissions` VALUES ('190', '518');
INSERT INTO `rbac_linked_permissions` VALUES ('190', '521');
INSERT INTO `rbac_linked_permissions` VALUES ('190', '523');
INSERT INTO `rbac_linked_permissions` VALUES ('190', '542');
INSERT INTO `rbac_linked_permissions` VALUES ('190', '543');
INSERT INTO `rbac_linked_permissions` VALUES ('190', '550');
INSERT INTO `rbac_linked_permissions` VALUES ('190', '554');
INSERT INTO `rbac_linked_permissions` VALUES ('190', '558');
INSERT INTO `rbac_linked_permissions` VALUES ('190', '568');
INSERT INTO `rbac_linked_permissions` VALUES ('190', '587');
INSERT INTO `rbac_linked_permissions` VALUES ('190', '588');
INSERT INTO `rbac_linked_permissions` VALUES ('190', '589');
INSERT INTO `rbac_linked_permissions` VALUES ('190', '590');
INSERT INTO `rbac_linked_permissions` VALUES ('190', '591');
INSERT INTO `rbac_linked_permissions` VALUES ('190', '594');
INSERT INTO `rbac_linked_permissions` VALUES ('190', '595');
INSERT INTO `rbac_linked_permissions` VALUES ('190', '601');
INSERT INTO `rbac_linked_permissions` VALUES ('190', '632');
INSERT INTO `rbac_linked_permissions` VALUES ('190', '713');
INSERT INTO `rbac_linked_permissions` VALUES ('190', '743');
INSERT INTO `rbac_linked_permissions` VALUES ('190', '750');
INSERT INTO `rbac_linked_permissions` VALUES ('190', '758');
INSERT INTO `rbac_linked_permissions` VALUES ('190', '761');
INSERT INTO `rbac_linked_permissions` VALUES ('190', '762');
INSERT INTO `rbac_linked_permissions` VALUES ('190', '763');
INSERT INTO `rbac_linked_permissions` VALUES ('190', '764');
INSERT INTO `rbac_linked_permissions` VALUES ('190', '765');
INSERT INTO `rbac_linked_permissions` VALUES ('190', '766');
INSERT INTO `rbac_linked_permissions` VALUES ('190', '767');
INSERT INTO `rbac_linked_permissions` VALUES ('190', '768');
INSERT INTO `rbac_linked_permissions` VALUES ('190', '769');
INSERT INTO `rbac_linked_permissions` VALUES ('190', '770');
INSERT INTO `rbac_linked_permissions` VALUES ('190', '771');
INSERT INTO `rbac_linked_permissions` VALUES ('190', '772');
INSERT INTO `rbac_linked_permissions` VALUES ('190', '774');
INSERT INTO `rbac_linked_permissions` VALUES ('190', '798');
INSERT INTO `rbac_linked_permissions` VALUES ('191', '1');
INSERT INTO `rbac_linked_permissions` VALUES ('191', '2');
INSERT INTO `rbac_linked_permissions` VALUES ('191', '3');
INSERT INTO `rbac_linked_permissions` VALUES ('191', '4');
INSERT INTO `rbac_linked_permissions` VALUES ('191', '5');
INSERT INTO `rbac_linked_permissions` VALUES ('191', '6');
INSERT INTO `rbac_linked_permissions` VALUES ('191', '11');
INSERT INTO `rbac_linked_permissions` VALUES ('191', '13');
INSERT INTO `rbac_linked_permissions` VALUES ('191', '14');
INSERT INTO `rbac_linked_permissions` VALUES ('191', '15');
INSERT INTO `rbac_linked_permissions` VALUES ('191', '16');
INSERT INTO `rbac_linked_permissions` VALUES ('191', '17');
INSERT INTO `rbac_linked_permissions` VALUES ('191', '18');
INSERT INTO `rbac_linked_permissions` VALUES ('191', '19');
INSERT INTO `rbac_linked_permissions` VALUES ('191', '20');
INSERT INTO `rbac_linked_permissions` VALUES ('191', '21');
INSERT INTO `rbac_linked_permissions` VALUES ('191', '22');
INSERT INTO `rbac_linked_permissions` VALUES ('191', '23');
INSERT INTO `rbac_linked_permissions` VALUES ('191', '24');
INSERT INTO `rbac_linked_permissions` VALUES ('191', '25');
INSERT INTO `rbac_linked_permissions` VALUES ('191', '26');
INSERT INTO `rbac_linked_permissions` VALUES ('191', '27');
INSERT INTO `rbac_linked_permissions` VALUES ('191', '28');
INSERT INTO `rbac_linked_permissions` VALUES ('191', '29');
INSERT INTO `rbac_linked_permissions` VALUES ('191', '30');
INSERT INTO `rbac_linked_permissions` VALUES ('191', '31');
INSERT INTO `rbac_linked_permissions` VALUES ('191', '32');
INSERT INTO `rbac_linked_permissions` VALUES ('191', '33');
INSERT INTO `rbac_linked_permissions` VALUES ('191', '34');
INSERT INTO `rbac_linked_permissions` VALUES ('191', '35');
INSERT INTO `rbac_linked_permissions` VALUES ('191', '36');
INSERT INTO `rbac_linked_permissions` VALUES ('191', '37');
INSERT INTO `rbac_linked_permissions` VALUES ('191', '38');
INSERT INTO `rbac_linked_permissions` VALUES ('191', '39');
INSERT INTO `rbac_linked_permissions` VALUES ('191', '40');
INSERT INTO `rbac_linked_permissions` VALUES ('191', '41');
INSERT INTO `rbac_linked_permissions` VALUES ('191', '42');
INSERT INTO `rbac_linked_permissions` VALUES ('191', '43');
INSERT INTO `rbac_linked_permissions` VALUES ('191', '44');
INSERT INTO `rbac_linked_permissions` VALUES ('191', '45');
INSERT INTO `rbac_linked_permissions` VALUES ('191', '46');
INSERT INTO `rbac_linked_permissions` VALUES ('191', '47');
INSERT INTO `rbac_linked_permissions` VALUES ('191', '48');
INSERT INTO `rbac_linked_permissions` VALUES ('191', '49');
INSERT INTO `rbac_linked_permissions` VALUES ('191', '50');
INSERT INTO `rbac_linked_permissions` VALUES ('191', '51');
INSERT INTO `rbac_linked_permissions` VALUES ('191', '200');
INSERT INTO `rbac_linked_permissions` VALUES ('191', '201');
INSERT INTO `rbac_linked_permissions` VALUES ('191', '202');
INSERT INTO `rbac_linked_permissions` VALUES ('191', '203');
INSERT INTO `rbac_linked_permissions` VALUES ('191', '204');
INSERT INTO `rbac_linked_permissions` VALUES ('191', '205');
INSERT INTO `rbac_linked_permissions` VALUES ('191', '206');
INSERT INTO `rbac_linked_permissions` VALUES ('191', '217');
INSERT INTO `rbac_linked_permissions` VALUES ('191', '218');
INSERT INTO `rbac_linked_permissions` VALUES ('191', '219');
INSERT INTO `rbac_linked_permissions` VALUES ('191', '220');
INSERT INTO `rbac_linked_permissions` VALUES ('191', '221');
INSERT INTO `rbac_linked_permissions` VALUES ('191', '222');
INSERT INTO `rbac_linked_permissions` VALUES ('191', '223');
INSERT INTO `rbac_linked_permissions` VALUES ('191', '224');
INSERT INTO `rbac_linked_permissions` VALUES ('191', '225');
INSERT INTO `rbac_linked_permissions` VALUES ('191', '226');
INSERT INTO `rbac_linked_permissions` VALUES ('191', '227');
INSERT INTO `rbac_linked_permissions` VALUES ('191', '228');
INSERT INTO `rbac_linked_permissions` VALUES ('191', '229');
INSERT INTO `rbac_linked_permissions` VALUES ('191', '230');
INSERT INTO `rbac_linked_permissions` VALUES ('191', '231');
INSERT INTO `rbac_linked_permissions` VALUES ('191', '232');
INSERT INTO `rbac_linked_permissions` VALUES ('191', '233');
INSERT INTO `rbac_linked_permissions` VALUES ('191', '234');
INSERT INTO `rbac_linked_permissions` VALUES ('191', '235');
INSERT INTO `rbac_linked_permissions` VALUES ('191', '236');
INSERT INTO `rbac_linked_permissions` VALUES ('191', '237');
INSERT INTO `rbac_linked_permissions` VALUES ('191', '238');
INSERT INTO `rbac_linked_permissions` VALUES ('191', '239');
INSERT INTO `rbac_linked_permissions` VALUES ('191', '240');
INSERT INTO `rbac_linked_permissions` VALUES ('191', '241');
INSERT INTO `rbac_linked_permissions` VALUES ('191', '242');
INSERT INTO `rbac_linked_permissions` VALUES ('191', '243');
INSERT INTO `rbac_linked_permissions` VALUES ('191', '244');
INSERT INTO `rbac_linked_permissions` VALUES ('191', '245');
INSERT INTO `rbac_linked_permissions` VALUES ('191', '246');
INSERT INTO `rbac_linked_permissions` VALUES ('191', '247');
INSERT INTO `rbac_linked_permissions` VALUES ('191', '248');
INSERT INTO `rbac_linked_permissions` VALUES ('191', '249');
INSERT INTO `rbac_linked_permissions` VALUES ('191', '250');
INSERT INTO `rbac_linked_permissions` VALUES ('191', '251');
INSERT INTO `rbac_linked_permissions` VALUES ('191', '252');
INSERT INTO `rbac_linked_permissions` VALUES ('191', '253');
INSERT INTO `rbac_linked_permissions` VALUES ('191', '254');
INSERT INTO `rbac_linked_permissions` VALUES ('191', '255');
INSERT INTO `rbac_linked_permissions` VALUES ('191', '256');
INSERT INTO `rbac_linked_permissions` VALUES ('191', '257');
INSERT INTO `rbac_linked_permissions` VALUES ('191', '258');
INSERT INTO `rbac_linked_permissions` VALUES ('191', '259');
INSERT INTO `rbac_linked_permissions` VALUES ('191', '260');
INSERT INTO `rbac_linked_permissions` VALUES ('191', '261');
INSERT INTO `rbac_linked_permissions` VALUES ('191', '262');
INSERT INTO `rbac_linked_permissions` VALUES ('191', '263');
INSERT INTO `rbac_linked_permissions` VALUES ('191', '264');
INSERT INTO `rbac_linked_permissions` VALUES ('191', '265');
INSERT INTO `rbac_linked_permissions` VALUES ('191', '266');
INSERT INTO `rbac_linked_permissions` VALUES ('191', '267');
INSERT INTO `rbac_linked_permissions` VALUES ('191', '268');
INSERT INTO `rbac_linked_permissions` VALUES ('191', '269');
INSERT INTO `rbac_linked_permissions` VALUES ('191', '270');
INSERT INTO `rbac_linked_permissions` VALUES ('191', '271');
INSERT INTO `rbac_linked_permissions` VALUES ('191', '272');
INSERT INTO `rbac_linked_permissions` VALUES ('191', '273');
INSERT INTO `rbac_linked_permissions` VALUES ('191', '274');
INSERT INTO `rbac_linked_permissions` VALUES ('191', '275');
INSERT INTO `rbac_linked_permissions` VALUES ('191', '276');
INSERT INTO `rbac_linked_permissions` VALUES ('191', '277');
INSERT INTO `rbac_linked_permissions` VALUES ('191', '279');
INSERT INTO `rbac_linked_permissions` VALUES ('191', '280');
INSERT INTO `rbac_linked_permissions` VALUES ('191', '283');
INSERT INTO `rbac_linked_permissions` VALUES ('191', '284');
INSERT INTO `rbac_linked_permissions` VALUES ('191', '285');
INSERT INTO `rbac_linked_permissions` VALUES ('191', '286');
INSERT INTO `rbac_linked_permissions` VALUES ('191', '287');
INSERT INTO `rbac_linked_permissions` VALUES ('191', '288');
INSERT INTO `rbac_linked_permissions` VALUES ('191', '289');
INSERT INTO `rbac_linked_permissions` VALUES ('191', '290');
INSERT INTO `rbac_linked_permissions` VALUES ('191', '291');
INSERT INTO `rbac_linked_permissions` VALUES ('191', '292');
INSERT INTO `rbac_linked_permissions` VALUES ('191', '293');
INSERT INTO `rbac_linked_permissions` VALUES ('191', '294');
INSERT INTO `rbac_linked_permissions` VALUES ('191', '295');
INSERT INTO `rbac_linked_permissions` VALUES ('191', '296');
INSERT INTO `rbac_linked_permissions` VALUES ('191', '297');
INSERT INTO `rbac_linked_permissions` VALUES ('191', '298');
INSERT INTO `rbac_linked_permissions` VALUES ('191', '299');
INSERT INTO `rbac_linked_permissions` VALUES ('191', '300');
INSERT INTO `rbac_linked_permissions` VALUES ('191', '301');
INSERT INTO `rbac_linked_permissions` VALUES ('191', '302');
INSERT INTO `rbac_linked_permissions` VALUES ('191', '303');
INSERT INTO `rbac_linked_permissions` VALUES ('191', '304');
INSERT INTO `rbac_linked_permissions` VALUES ('191', '305');
INSERT INTO `rbac_linked_permissions` VALUES ('191', '306');
INSERT INTO `rbac_linked_permissions` VALUES ('191', '307');
INSERT INTO `rbac_linked_permissions` VALUES ('191', '308');
INSERT INTO `rbac_linked_permissions` VALUES ('191', '309');
INSERT INTO `rbac_linked_permissions` VALUES ('191', '310');
INSERT INTO `rbac_linked_permissions` VALUES ('191', '311');
INSERT INTO `rbac_linked_permissions` VALUES ('191', '312');
INSERT INTO `rbac_linked_permissions` VALUES ('191', '313');
INSERT INTO `rbac_linked_permissions` VALUES ('191', '314');
INSERT INTO `rbac_linked_permissions` VALUES ('191', '315');
INSERT INTO `rbac_linked_permissions` VALUES ('191', '316');
INSERT INTO `rbac_linked_permissions` VALUES ('191', '317');
INSERT INTO `rbac_linked_permissions` VALUES ('191', '318');
INSERT INTO `rbac_linked_permissions` VALUES ('191', '319');
INSERT INTO `rbac_linked_permissions` VALUES ('191', '320');
INSERT INTO `rbac_linked_permissions` VALUES ('191', '321');
INSERT INTO `rbac_linked_permissions` VALUES ('191', '322');
INSERT INTO `rbac_linked_permissions` VALUES ('191', '323');
INSERT INTO `rbac_linked_permissions` VALUES ('191', '324');
INSERT INTO `rbac_linked_permissions` VALUES ('191', '325');
INSERT INTO `rbac_linked_permissions` VALUES ('191', '326');
INSERT INTO `rbac_linked_permissions` VALUES ('191', '327');
INSERT INTO `rbac_linked_permissions` VALUES ('191', '328');
INSERT INTO `rbac_linked_permissions` VALUES ('191', '329');
INSERT INTO `rbac_linked_permissions` VALUES ('191', '330');
INSERT INTO `rbac_linked_permissions` VALUES ('191', '331');
INSERT INTO `rbac_linked_permissions` VALUES ('191', '332');
INSERT INTO `rbac_linked_permissions` VALUES ('191', '333');
INSERT INTO `rbac_linked_permissions` VALUES ('191', '334');
INSERT INTO `rbac_linked_permissions` VALUES ('191', '335');
INSERT INTO `rbac_linked_permissions` VALUES ('191', '336');
INSERT INTO `rbac_linked_permissions` VALUES ('191', '337');
INSERT INTO `rbac_linked_permissions` VALUES ('191', '338');
INSERT INTO `rbac_linked_permissions` VALUES ('191', '339');
INSERT INTO `rbac_linked_permissions` VALUES ('191', '340');
INSERT INTO `rbac_linked_permissions` VALUES ('191', '341');
INSERT INTO `rbac_linked_permissions` VALUES ('191', '342');
INSERT INTO `rbac_linked_permissions` VALUES ('191', '343');
INSERT INTO `rbac_linked_permissions` VALUES ('191', '344');
INSERT INTO `rbac_linked_permissions` VALUES ('191', '345');
INSERT INTO `rbac_linked_permissions` VALUES ('191', '346');
INSERT INTO `rbac_linked_permissions` VALUES ('191', '347');
INSERT INTO `rbac_linked_permissions` VALUES ('191', '348');
INSERT INTO `rbac_linked_permissions` VALUES ('191', '349');
INSERT INTO `rbac_linked_permissions` VALUES ('191', '350');
INSERT INTO `rbac_linked_permissions` VALUES ('191', '351');
INSERT INTO `rbac_linked_permissions` VALUES ('191', '352');
INSERT INTO `rbac_linked_permissions` VALUES ('191', '353');
INSERT INTO `rbac_linked_permissions` VALUES ('191', '354');
INSERT INTO `rbac_linked_permissions` VALUES ('191', '355');
INSERT INTO `rbac_linked_permissions` VALUES ('191', '356');
INSERT INTO `rbac_linked_permissions` VALUES ('191', '357');
INSERT INTO `rbac_linked_permissions` VALUES ('191', '358');
INSERT INTO `rbac_linked_permissions` VALUES ('191', '359');
INSERT INTO `rbac_linked_permissions` VALUES ('191', '360');
INSERT INTO `rbac_linked_permissions` VALUES ('191', '361');
INSERT INTO `rbac_linked_permissions` VALUES ('191', '362');
INSERT INTO `rbac_linked_permissions` VALUES ('191', '363');
INSERT INTO `rbac_linked_permissions` VALUES ('191', '364');
INSERT INTO `rbac_linked_permissions` VALUES ('191', '365');
INSERT INTO `rbac_linked_permissions` VALUES ('191', '366');
INSERT INTO `rbac_linked_permissions` VALUES ('191', '367');
INSERT INTO `rbac_linked_permissions` VALUES ('191', '368');
INSERT INTO `rbac_linked_permissions` VALUES ('191', '369');
INSERT INTO `rbac_linked_permissions` VALUES ('191', '370');
INSERT INTO `rbac_linked_permissions` VALUES ('191', '371');
INSERT INTO `rbac_linked_permissions` VALUES ('191', '372');
INSERT INTO `rbac_linked_permissions` VALUES ('191', '373');
INSERT INTO `rbac_linked_permissions` VALUES ('191', '374');
INSERT INTO `rbac_linked_permissions` VALUES ('191', '375');
INSERT INTO `rbac_linked_permissions` VALUES ('191', '376');
INSERT INTO `rbac_linked_permissions` VALUES ('191', '377');
INSERT INTO `rbac_linked_permissions` VALUES ('191', '378');
INSERT INTO `rbac_linked_permissions` VALUES ('191', '379');
INSERT INTO `rbac_linked_permissions` VALUES ('191', '380');
INSERT INTO `rbac_linked_permissions` VALUES ('191', '381');
INSERT INTO `rbac_linked_permissions` VALUES ('191', '382');
INSERT INTO `rbac_linked_permissions` VALUES ('191', '383');
INSERT INTO `rbac_linked_permissions` VALUES ('191', '384');
INSERT INTO `rbac_linked_permissions` VALUES ('191', '385');
INSERT INTO `rbac_linked_permissions` VALUES ('191', '386');
INSERT INTO `rbac_linked_permissions` VALUES ('191', '387');
INSERT INTO `rbac_linked_permissions` VALUES ('191', '388');
INSERT INTO `rbac_linked_permissions` VALUES ('191', '389');
INSERT INTO `rbac_linked_permissions` VALUES ('191', '390');
INSERT INTO `rbac_linked_permissions` VALUES ('191', '391');
INSERT INTO `rbac_linked_permissions` VALUES ('191', '392');
INSERT INTO `rbac_linked_permissions` VALUES ('191', '393');
INSERT INTO `rbac_linked_permissions` VALUES ('191', '394');
INSERT INTO `rbac_linked_permissions` VALUES ('191', '395');
INSERT INTO `rbac_linked_permissions` VALUES ('191', '396');
INSERT INTO `rbac_linked_permissions` VALUES ('191', '397');
INSERT INTO `rbac_linked_permissions` VALUES ('191', '398');
INSERT INTO `rbac_linked_permissions` VALUES ('191', '399');
INSERT INTO `rbac_linked_permissions` VALUES ('191', '401');
INSERT INTO `rbac_linked_permissions` VALUES ('191', '402');
INSERT INTO `rbac_linked_permissions` VALUES ('191', '403');
INSERT INTO `rbac_linked_permissions` VALUES ('191', '404');
INSERT INTO `rbac_linked_permissions` VALUES ('191', '405');
INSERT INTO `rbac_linked_permissions` VALUES ('191', '406');
INSERT INTO `rbac_linked_permissions` VALUES ('191', '407');
INSERT INTO `rbac_linked_permissions` VALUES ('191', '408');
INSERT INTO `rbac_linked_permissions` VALUES ('191', '409');
INSERT INTO `rbac_linked_permissions` VALUES ('191', '410');
INSERT INTO `rbac_linked_permissions` VALUES ('191', '411');
INSERT INTO `rbac_linked_permissions` VALUES ('191', '412');
INSERT INTO `rbac_linked_permissions` VALUES ('191', '413');
INSERT INTO `rbac_linked_permissions` VALUES ('191', '414');
INSERT INTO `rbac_linked_permissions` VALUES ('191', '415');
INSERT INTO `rbac_linked_permissions` VALUES ('191', '416');
INSERT INTO `rbac_linked_permissions` VALUES ('191', '417');
INSERT INTO `rbac_linked_permissions` VALUES ('191', '418');
INSERT INTO `rbac_linked_permissions` VALUES ('191', '419');
INSERT INTO `rbac_linked_permissions` VALUES ('191', '420');
INSERT INTO `rbac_linked_permissions` VALUES ('191', '421');
INSERT INTO `rbac_linked_permissions` VALUES ('191', '422');
INSERT INTO `rbac_linked_permissions` VALUES ('191', '423');
INSERT INTO `rbac_linked_permissions` VALUES ('191', '424');
INSERT INTO `rbac_linked_permissions` VALUES ('191', '425');
INSERT INTO `rbac_linked_permissions` VALUES ('191', '426');
INSERT INTO `rbac_linked_permissions` VALUES ('191', '427');
INSERT INTO `rbac_linked_permissions` VALUES ('191', '428');
INSERT INTO `rbac_linked_permissions` VALUES ('191', '429');
INSERT INTO `rbac_linked_permissions` VALUES ('191', '430');
INSERT INTO `rbac_linked_permissions` VALUES ('191', '431');
INSERT INTO `rbac_linked_permissions` VALUES ('191', '432');
INSERT INTO `rbac_linked_permissions` VALUES ('191', '433');
INSERT INTO `rbac_linked_permissions` VALUES ('191', '434');
INSERT INTO `rbac_linked_permissions` VALUES ('191', '435');
INSERT INTO `rbac_linked_permissions` VALUES ('191', '436');
INSERT INTO `rbac_linked_permissions` VALUES ('191', '437');
INSERT INTO `rbac_linked_permissions` VALUES ('191', '438');
INSERT INTO `rbac_linked_permissions` VALUES ('191', '439');
INSERT INTO `rbac_linked_permissions` VALUES ('191', '440');
INSERT INTO `rbac_linked_permissions` VALUES ('191', '441');
INSERT INTO `rbac_linked_permissions` VALUES ('191', '442');
INSERT INTO `rbac_linked_permissions` VALUES ('191', '443');
INSERT INTO `rbac_linked_permissions` VALUES ('191', '444');
INSERT INTO `rbac_linked_permissions` VALUES ('191', '445');
INSERT INTO `rbac_linked_permissions` VALUES ('191', '446');
INSERT INTO `rbac_linked_permissions` VALUES ('191', '447');
INSERT INTO `rbac_linked_permissions` VALUES ('191', '448');
INSERT INTO `rbac_linked_permissions` VALUES ('191', '449');
INSERT INTO `rbac_linked_permissions` VALUES ('191', '450');
INSERT INTO `rbac_linked_permissions` VALUES ('191', '451');
INSERT INTO `rbac_linked_permissions` VALUES ('191', '452');
INSERT INTO `rbac_linked_permissions` VALUES ('191', '453');
INSERT INTO `rbac_linked_permissions` VALUES ('191', '454');
INSERT INTO `rbac_linked_permissions` VALUES ('191', '455');
INSERT INTO `rbac_linked_permissions` VALUES ('191', '456');
INSERT INTO `rbac_linked_permissions` VALUES ('191', '457');
INSERT INTO `rbac_linked_permissions` VALUES ('191', '458');
INSERT INTO `rbac_linked_permissions` VALUES ('191', '459');
INSERT INTO `rbac_linked_permissions` VALUES ('191', '460');
INSERT INTO `rbac_linked_permissions` VALUES ('191', '461');
INSERT INTO `rbac_linked_permissions` VALUES ('191', '462');
INSERT INTO `rbac_linked_permissions` VALUES ('191', '463');
INSERT INTO `rbac_linked_permissions` VALUES ('191', '464');
INSERT INTO `rbac_linked_permissions` VALUES ('191', '465');
INSERT INTO `rbac_linked_permissions` VALUES ('191', '466');
INSERT INTO `rbac_linked_permissions` VALUES ('191', '467');
INSERT INTO `rbac_linked_permissions` VALUES ('191', '468');
INSERT INTO `rbac_linked_permissions` VALUES ('191', '469');
INSERT INTO `rbac_linked_permissions` VALUES ('191', '470');
INSERT INTO `rbac_linked_permissions` VALUES ('191', '471');
INSERT INTO `rbac_linked_permissions` VALUES ('191', '472');
INSERT INTO `rbac_linked_permissions` VALUES ('191', '473');
INSERT INTO `rbac_linked_permissions` VALUES ('191', '474');
INSERT INTO `rbac_linked_permissions` VALUES ('191', '475');
INSERT INTO `rbac_linked_permissions` VALUES ('191', '476');
INSERT INTO `rbac_linked_permissions` VALUES ('191', '477');
INSERT INTO `rbac_linked_permissions` VALUES ('191', '478');
INSERT INTO `rbac_linked_permissions` VALUES ('191', '479');
INSERT INTO `rbac_linked_permissions` VALUES ('191', '480');
INSERT INTO `rbac_linked_permissions` VALUES ('191', '481');
INSERT INTO `rbac_linked_permissions` VALUES ('191', '482');
INSERT INTO `rbac_linked_permissions` VALUES ('191', '488');
INSERT INTO `rbac_linked_permissions` VALUES ('191', '489');
INSERT INTO `rbac_linked_permissions` VALUES ('191', '490');
INSERT INTO `rbac_linked_permissions` VALUES ('191', '491');
INSERT INTO `rbac_linked_permissions` VALUES ('191', '492');
INSERT INTO `rbac_linked_permissions` VALUES ('191', '493');
INSERT INTO `rbac_linked_permissions` VALUES ('191', '494');
INSERT INTO `rbac_linked_permissions` VALUES ('191', '495');
INSERT INTO `rbac_linked_permissions` VALUES ('191', '496');
INSERT INTO `rbac_linked_permissions` VALUES ('191', '497');
INSERT INTO `rbac_linked_permissions` VALUES ('191', '498');
INSERT INTO `rbac_linked_permissions` VALUES ('191', '499');
INSERT INTO `rbac_linked_permissions` VALUES ('191', '500');
INSERT INTO `rbac_linked_permissions` VALUES ('191', '501');
INSERT INTO `rbac_linked_permissions` VALUES ('191', '502');
INSERT INTO `rbac_linked_permissions` VALUES ('191', '503');
INSERT INTO `rbac_linked_permissions` VALUES ('191', '504');
INSERT INTO `rbac_linked_permissions` VALUES ('191', '505');
INSERT INTO `rbac_linked_permissions` VALUES ('191', '506');
INSERT INTO `rbac_linked_permissions` VALUES ('191', '507');
INSERT INTO `rbac_linked_permissions` VALUES ('191', '508');
INSERT INTO `rbac_linked_permissions` VALUES ('191', '509');
INSERT INTO `rbac_linked_permissions` VALUES ('191', '510');
INSERT INTO `rbac_linked_permissions` VALUES ('191', '511');
INSERT INTO `rbac_linked_permissions` VALUES ('191', '512');
INSERT INTO `rbac_linked_permissions` VALUES ('191', '513');
INSERT INTO `rbac_linked_permissions` VALUES ('191', '514');
INSERT INTO `rbac_linked_permissions` VALUES ('191', '515');
INSERT INTO `rbac_linked_permissions` VALUES ('191', '516');
INSERT INTO `rbac_linked_permissions` VALUES ('191', '517');
INSERT INTO `rbac_linked_permissions` VALUES ('191', '518');
INSERT INTO `rbac_linked_permissions` VALUES ('191', '519');
INSERT INTO `rbac_linked_permissions` VALUES ('191', '520');
INSERT INTO `rbac_linked_permissions` VALUES ('191', '521');
INSERT INTO `rbac_linked_permissions` VALUES ('191', '522');
INSERT INTO `rbac_linked_permissions` VALUES ('191', '523');
INSERT INTO `rbac_linked_permissions` VALUES ('191', '524');
INSERT INTO `rbac_linked_permissions` VALUES ('191', '525');
INSERT INTO `rbac_linked_permissions` VALUES ('191', '526');
INSERT INTO `rbac_linked_permissions` VALUES ('191', '527');
INSERT INTO `rbac_linked_permissions` VALUES ('191', '528');
INSERT INTO `rbac_linked_permissions` VALUES ('191', '529');
INSERT INTO `rbac_linked_permissions` VALUES ('191', '530');
INSERT INTO `rbac_linked_permissions` VALUES ('191', '531');
INSERT INTO `rbac_linked_permissions` VALUES ('191', '532');
INSERT INTO `rbac_linked_permissions` VALUES ('191', '533');
INSERT INTO `rbac_linked_permissions` VALUES ('191', '534');
INSERT INTO `rbac_linked_permissions` VALUES ('191', '535');
INSERT INTO `rbac_linked_permissions` VALUES ('191', '536');
INSERT INTO `rbac_linked_permissions` VALUES ('191', '537');
INSERT INTO `rbac_linked_permissions` VALUES ('191', '538');
INSERT INTO `rbac_linked_permissions` VALUES ('191', '539');
INSERT INTO `rbac_linked_permissions` VALUES ('191', '540');
INSERT INTO `rbac_linked_permissions` VALUES ('191', '541');
INSERT INTO `rbac_linked_permissions` VALUES ('191', '542');
INSERT INTO `rbac_linked_permissions` VALUES ('191', '543');
INSERT INTO `rbac_linked_permissions` VALUES ('191', '544');
INSERT INTO `rbac_linked_permissions` VALUES ('191', '545');
INSERT INTO `rbac_linked_permissions` VALUES ('191', '546');
INSERT INTO `rbac_linked_permissions` VALUES ('191', '547');
INSERT INTO `rbac_linked_permissions` VALUES ('191', '548');
INSERT INTO `rbac_linked_permissions` VALUES ('191', '549');
INSERT INTO `rbac_linked_permissions` VALUES ('191', '550');
INSERT INTO `rbac_linked_permissions` VALUES ('191', '551');
INSERT INTO `rbac_linked_permissions` VALUES ('191', '552');
INSERT INTO `rbac_linked_permissions` VALUES ('191', '553');
INSERT INTO `rbac_linked_permissions` VALUES ('191', '554');
INSERT INTO `rbac_linked_permissions` VALUES ('191', '555');
INSERT INTO `rbac_linked_permissions` VALUES ('191', '556');
INSERT INTO `rbac_linked_permissions` VALUES ('191', '557');
INSERT INTO `rbac_linked_permissions` VALUES ('191', '558');
INSERT INTO `rbac_linked_permissions` VALUES ('191', '559');
INSERT INTO `rbac_linked_permissions` VALUES ('191', '560');
INSERT INTO `rbac_linked_permissions` VALUES ('191', '561');
INSERT INTO `rbac_linked_permissions` VALUES ('191', '562');
INSERT INTO `rbac_linked_permissions` VALUES ('191', '563');
INSERT INTO `rbac_linked_permissions` VALUES ('191', '564');
INSERT INTO `rbac_linked_permissions` VALUES ('191', '565');
INSERT INTO `rbac_linked_permissions` VALUES ('191', '566');
INSERT INTO `rbac_linked_permissions` VALUES ('191', '567');
INSERT INTO `rbac_linked_permissions` VALUES ('191', '568');
INSERT INTO `rbac_linked_permissions` VALUES ('191', '569');
INSERT INTO `rbac_linked_permissions` VALUES ('191', '570');
INSERT INTO `rbac_linked_permissions` VALUES ('191', '571');
INSERT INTO `rbac_linked_permissions` VALUES ('191', '572');
INSERT INTO `rbac_linked_permissions` VALUES ('191', '573');
INSERT INTO `rbac_linked_permissions` VALUES ('191', '574');
INSERT INTO `rbac_linked_permissions` VALUES ('191', '575');
INSERT INTO `rbac_linked_permissions` VALUES ('191', '576');
INSERT INTO `rbac_linked_permissions` VALUES ('191', '577');
INSERT INTO `rbac_linked_permissions` VALUES ('191', '578');
INSERT INTO `rbac_linked_permissions` VALUES ('191', '579');
INSERT INTO `rbac_linked_permissions` VALUES ('191', '580');
INSERT INTO `rbac_linked_permissions` VALUES ('191', '581');
INSERT INTO `rbac_linked_permissions` VALUES ('191', '582');
INSERT INTO `rbac_linked_permissions` VALUES ('191', '583');
INSERT INTO `rbac_linked_permissions` VALUES ('191', '584');
INSERT INTO `rbac_linked_permissions` VALUES ('191', '585');
INSERT INTO `rbac_linked_permissions` VALUES ('191', '586');
INSERT INTO `rbac_linked_permissions` VALUES ('191', '587');
INSERT INTO `rbac_linked_permissions` VALUES ('191', '588');
INSERT INTO `rbac_linked_permissions` VALUES ('191', '589');
INSERT INTO `rbac_linked_permissions` VALUES ('191', '590');
INSERT INTO `rbac_linked_permissions` VALUES ('191', '591');
INSERT INTO `rbac_linked_permissions` VALUES ('191', '592');
INSERT INTO `rbac_linked_permissions` VALUES ('191', '593');
INSERT INTO `rbac_linked_permissions` VALUES ('191', '594');
INSERT INTO `rbac_linked_permissions` VALUES ('191', '595');
INSERT INTO `rbac_linked_permissions` VALUES ('191', '596');
INSERT INTO `rbac_linked_permissions` VALUES ('191', '597');
INSERT INTO `rbac_linked_permissions` VALUES ('191', '598');
INSERT INTO `rbac_linked_permissions` VALUES ('191', '599');
INSERT INTO `rbac_linked_permissions` VALUES ('191', '600');
INSERT INTO `rbac_linked_permissions` VALUES ('191', '601');
INSERT INTO `rbac_linked_permissions` VALUES ('191', '602');
INSERT INTO `rbac_linked_permissions` VALUES ('191', '603');
INSERT INTO `rbac_linked_permissions` VALUES ('191', '604');
INSERT INTO `rbac_linked_permissions` VALUES ('191', '605');
INSERT INTO `rbac_linked_permissions` VALUES ('191', '606');
INSERT INTO `rbac_linked_permissions` VALUES ('191', '607');
INSERT INTO `rbac_linked_permissions` VALUES ('191', '608');
INSERT INTO `rbac_linked_permissions` VALUES ('191', '609');
INSERT INTO `rbac_linked_permissions` VALUES ('191', '610');
INSERT INTO `rbac_linked_permissions` VALUES ('191', '611');
INSERT INTO `rbac_linked_permissions` VALUES ('191', '612');
INSERT INTO `rbac_linked_permissions` VALUES ('191', '613');
INSERT INTO `rbac_linked_permissions` VALUES ('191', '614');
INSERT INTO `rbac_linked_permissions` VALUES ('191', '615');
INSERT INTO `rbac_linked_permissions` VALUES ('191', '616');
INSERT INTO `rbac_linked_permissions` VALUES ('191', '617');
INSERT INTO `rbac_linked_permissions` VALUES ('191', '618');
INSERT INTO `rbac_linked_permissions` VALUES ('191', '619');
INSERT INTO `rbac_linked_permissions` VALUES ('191', '620');
INSERT INTO `rbac_linked_permissions` VALUES ('191', '621');
INSERT INTO `rbac_linked_permissions` VALUES ('191', '622');
INSERT INTO `rbac_linked_permissions` VALUES ('191', '623');
INSERT INTO `rbac_linked_permissions` VALUES ('191', '624');
INSERT INTO `rbac_linked_permissions` VALUES ('191', '625');
INSERT INTO `rbac_linked_permissions` VALUES ('191', '626');
INSERT INTO `rbac_linked_permissions` VALUES ('191', '627');
INSERT INTO `rbac_linked_permissions` VALUES ('191', '628');
INSERT INTO `rbac_linked_permissions` VALUES ('191', '629');
INSERT INTO `rbac_linked_permissions` VALUES ('191', '630');
INSERT INTO `rbac_linked_permissions` VALUES ('191', '631');
INSERT INTO `rbac_linked_permissions` VALUES ('191', '632');
INSERT INTO `rbac_linked_permissions` VALUES ('191', '633');
INSERT INTO `rbac_linked_permissions` VALUES ('191', '634');
INSERT INTO `rbac_linked_permissions` VALUES ('191', '635');
INSERT INTO `rbac_linked_permissions` VALUES ('191', '636');
INSERT INTO `rbac_linked_permissions` VALUES ('191', '637');
INSERT INTO `rbac_linked_permissions` VALUES ('191', '638');
INSERT INTO `rbac_linked_permissions` VALUES ('191', '639');
INSERT INTO `rbac_linked_permissions` VALUES ('191', '640');
INSERT INTO `rbac_linked_permissions` VALUES ('191', '641');
INSERT INTO `rbac_linked_permissions` VALUES ('191', '642');
INSERT INTO `rbac_linked_permissions` VALUES ('191', '643');
INSERT INTO `rbac_linked_permissions` VALUES ('191', '644');
INSERT INTO `rbac_linked_permissions` VALUES ('191', '645');
INSERT INTO `rbac_linked_permissions` VALUES ('191', '646');
INSERT INTO `rbac_linked_permissions` VALUES ('191', '647');
INSERT INTO `rbac_linked_permissions` VALUES ('191', '648');
INSERT INTO `rbac_linked_permissions` VALUES ('191', '649');
INSERT INTO `rbac_linked_permissions` VALUES ('191', '650');
INSERT INTO `rbac_linked_permissions` VALUES ('191', '651');
INSERT INTO `rbac_linked_permissions` VALUES ('191', '652');
INSERT INTO `rbac_linked_permissions` VALUES ('191', '653');
INSERT INTO `rbac_linked_permissions` VALUES ('191', '654');
INSERT INTO `rbac_linked_permissions` VALUES ('191', '655');
INSERT INTO `rbac_linked_permissions` VALUES ('191', '656');
INSERT INTO `rbac_linked_permissions` VALUES ('191', '657');
INSERT INTO `rbac_linked_permissions` VALUES ('191', '658');
INSERT INTO `rbac_linked_permissions` VALUES ('191', '659');
INSERT INTO `rbac_linked_permissions` VALUES ('191', '660');
INSERT INTO `rbac_linked_permissions` VALUES ('191', '661');
INSERT INTO `rbac_linked_permissions` VALUES ('191', '662');
INSERT INTO `rbac_linked_permissions` VALUES ('191', '663');
INSERT INTO `rbac_linked_permissions` VALUES ('191', '664');
INSERT INTO `rbac_linked_permissions` VALUES ('191', '665');
INSERT INTO `rbac_linked_permissions` VALUES ('191', '666');
INSERT INTO `rbac_linked_permissions` VALUES ('191', '667');
INSERT INTO `rbac_linked_permissions` VALUES ('191', '668');
INSERT INTO `rbac_linked_permissions` VALUES ('191', '669');
INSERT INTO `rbac_linked_permissions` VALUES ('191', '670');
INSERT INTO `rbac_linked_permissions` VALUES ('191', '671');
INSERT INTO `rbac_linked_permissions` VALUES ('191', '672');
INSERT INTO `rbac_linked_permissions` VALUES ('191', '673');
INSERT INTO `rbac_linked_permissions` VALUES ('191', '674');
INSERT INTO `rbac_linked_permissions` VALUES ('191', '675');
INSERT INTO `rbac_linked_permissions` VALUES ('191', '676');
INSERT INTO `rbac_linked_permissions` VALUES ('191', '677');
INSERT INTO `rbac_linked_permissions` VALUES ('191', '678');
INSERT INTO `rbac_linked_permissions` VALUES ('191', '679');
INSERT INTO `rbac_linked_permissions` VALUES ('191', '680');
INSERT INTO `rbac_linked_permissions` VALUES ('191', '681');
INSERT INTO `rbac_linked_permissions` VALUES ('191', '682');
INSERT INTO `rbac_linked_permissions` VALUES ('191', '683');
INSERT INTO `rbac_linked_permissions` VALUES ('191', '684');
INSERT INTO `rbac_linked_permissions` VALUES ('191', '685');
INSERT INTO `rbac_linked_permissions` VALUES ('191', '686');
INSERT INTO `rbac_linked_permissions` VALUES ('191', '687');
INSERT INTO `rbac_linked_permissions` VALUES ('191', '688');
INSERT INTO `rbac_linked_permissions` VALUES ('191', '689');
INSERT INTO `rbac_linked_permissions` VALUES ('191', '690');
INSERT INTO `rbac_linked_permissions` VALUES ('191', '691');
INSERT INTO `rbac_linked_permissions` VALUES ('191', '692');
INSERT INTO `rbac_linked_permissions` VALUES ('191', '693');
INSERT INTO `rbac_linked_permissions` VALUES ('191', '694');
INSERT INTO `rbac_linked_permissions` VALUES ('191', '695');
INSERT INTO `rbac_linked_permissions` VALUES ('191', '696');
INSERT INTO `rbac_linked_permissions` VALUES ('191', '697');
INSERT INTO `rbac_linked_permissions` VALUES ('191', '698');
INSERT INTO `rbac_linked_permissions` VALUES ('191', '699');
INSERT INTO `rbac_linked_permissions` VALUES ('191', '700');
INSERT INTO `rbac_linked_permissions` VALUES ('191', '701');
INSERT INTO `rbac_linked_permissions` VALUES ('191', '702');
INSERT INTO `rbac_linked_permissions` VALUES ('191', '703');
INSERT INTO `rbac_linked_permissions` VALUES ('191', '704');
INSERT INTO `rbac_linked_permissions` VALUES ('191', '705');
INSERT INTO `rbac_linked_permissions` VALUES ('191', '706');
INSERT INTO `rbac_linked_permissions` VALUES ('191', '707');
INSERT INTO `rbac_linked_permissions` VALUES ('191', '708');
INSERT INTO `rbac_linked_permissions` VALUES ('191', '709');
INSERT INTO `rbac_linked_permissions` VALUES ('191', '710');
INSERT INTO `rbac_linked_permissions` VALUES ('191', '711');
INSERT INTO `rbac_linked_permissions` VALUES ('191', '712');
INSERT INTO `rbac_linked_permissions` VALUES ('191', '713');
INSERT INTO `rbac_linked_permissions` VALUES ('191', '714');
INSERT INTO `rbac_linked_permissions` VALUES ('191', '715');
INSERT INTO `rbac_linked_permissions` VALUES ('191', '716');
INSERT INTO `rbac_linked_permissions` VALUES ('191', '717');
INSERT INTO `rbac_linked_permissions` VALUES ('191', '718');
INSERT INTO `rbac_linked_permissions` VALUES ('191', '719');
INSERT INTO `rbac_linked_permissions` VALUES ('191', '720');
INSERT INTO `rbac_linked_permissions` VALUES ('191', '721');
INSERT INTO `rbac_linked_permissions` VALUES ('191', '722');
INSERT INTO `rbac_linked_permissions` VALUES ('191', '723');
INSERT INTO `rbac_linked_permissions` VALUES ('191', '724');
INSERT INTO `rbac_linked_permissions` VALUES ('191', '725');
INSERT INTO `rbac_linked_permissions` VALUES ('191', '726');
INSERT INTO `rbac_linked_permissions` VALUES ('191', '727');
INSERT INTO `rbac_linked_permissions` VALUES ('191', '728');
INSERT INTO `rbac_linked_permissions` VALUES ('191', '729');
INSERT INTO `rbac_linked_permissions` VALUES ('191', '730');
INSERT INTO `rbac_linked_permissions` VALUES ('191', '731');
INSERT INTO `rbac_linked_permissions` VALUES ('191', '732');
INSERT INTO `rbac_linked_permissions` VALUES ('191', '733');
INSERT INTO `rbac_linked_permissions` VALUES ('191', '734');
INSERT INTO `rbac_linked_permissions` VALUES ('191', '735');
INSERT INTO `rbac_linked_permissions` VALUES ('191', '736');
INSERT INTO `rbac_linked_permissions` VALUES ('191', '737');
INSERT INTO `rbac_linked_permissions` VALUES ('191', '738');
INSERT INTO `rbac_linked_permissions` VALUES ('191', '739');
INSERT INTO `rbac_linked_permissions` VALUES ('191', '740');
INSERT INTO `rbac_linked_permissions` VALUES ('191', '741');
INSERT INTO `rbac_linked_permissions` VALUES ('191', '742');
INSERT INTO `rbac_linked_permissions` VALUES ('191', '743');
INSERT INTO `rbac_linked_permissions` VALUES ('191', '744');
INSERT INTO `rbac_linked_permissions` VALUES ('191', '745');
INSERT INTO `rbac_linked_permissions` VALUES ('191', '746');
INSERT INTO `rbac_linked_permissions` VALUES ('191', '747');
INSERT INTO `rbac_linked_permissions` VALUES ('191', '748');
INSERT INTO `rbac_linked_permissions` VALUES ('191', '749');
INSERT INTO `rbac_linked_permissions` VALUES ('191', '750');
INSERT INTO `rbac_linked_permissions` VALUES ('191', '751');
INSERT INTO `rbac_linked_permissions` VALUES ('191', '752');
INSERT INTO `rbac_linked_permissions` VALUES ('191', '753');
INSERT INTO `rbac_linked_permissions` VALUES ('191', '754');
INSERT INTO `rbac_linked_permissions` VALUES ('191', '755');
INSERT INTO `rbac_linked_permissions` VALUES ('191', '756');
INSERT INTO `rbac_linked_permissions` VALUES ('191', '757');
INSERT INTO `rbac_linked_permissions` VALUES ('191', '758');
INSERT INTO `rbac_linked_permissions` VALUES ('191', '759');
INSERT INTO `rbac_linked_permissions` VALUES ('191', '760');
INSERT INTO `rbac_linked_permissions` VALUES ('191', '761');
INSERT INTO `rbac_linked_permissions` VALUES ('191', '762');
INSERT INTO `rbac_linked_permissions` VALUES ('191', '763');
INSERT INTO `rbac_linked_permissions` VALUES ('191', '764');
INSERT INTO `rbac_linked_permissions` VALUES ('191', '765');
INSERT INTO `rbac_linked_permissions` VALUES ('191', '766');
INSERT INTO `rbac_linked_permissions` VALUES ('191', '767');
INSERT INTO `rbac_linked_permissions` VALUES ('191', '768');
INSERT INTO `rbac_linked_permissions` VALUES ('191', '769');
INSERT INTO `rbac_linked_permissions` VALUES ('191', '770');
INSERT INTO `rbac_linked_permissions` VALUES ('191', '771');
INSERT INTO `rbac_linked_permissions` VALUES ('191', '772');
INSERT INTO `rbac_linked_permissions` VALUES ('191', '773');
INSERT INTO `rbac_linked_permissions` VALUES ('191', '774');
INSERT INTO `rbac_linked_permissions` VALUES ('191', '777');
INSERT INTO `rbac_linked_permissions` VALUES ('191', '778');
INSERT INTO `rbac_linked_permissions` VALUES ('191', '779');
INSERT INTO `rbac_linked_permissions` VALUES ('191', '780');
INSERT INTO `rbac_linked_permissions` VALUES ('191', '781');
INSERT INTO `rbac_linked_permissions` VALUES ('191', '782');
INSERT INTO `rbac_linked_permissions` VALUES ('191', '783');
INSERT INTO `rbac_linked_permissions` VALUES ('191', '784');
INSERT INTO `rbac_linked_permissions` VALUES ('191', '785');
INSERT INTO `rbac_linked_permissions` VALUES ('191', '786');
INSERT INTO `rbac_linked_permissions` VALUES ('191', '787');
INSERT INTO `rbac_linked_permissions` VALUES ('191', '788');
INSERT INTO `rbac_linked_permissions` VALUES ('191', '789');
INSERT INTO `rbac_linked_permissions` VALUES ('191', '790');
INSERT INTO `rbac_linked_permissions` VALUES ('191', '791');
INSERT INTO `rbac_linked_permissions` VALUES ('191', '792');
INSERT INTO `rbac_linked_permissions` VALUES ('191', '793');
INSERT INTO `rbac_linked_permissions` VALUES ('191', '794');
INSERT INTO `rbac_linked_permissions` VALUES ('191', '795');
INSERT INTO `rbac_linked_permissions` VALUES ('191', '796');
INSERT INTO `rbac_linked_permissions` VALUES ('191', '797');
INSERT INTO `rbac_linked_permissions` VALUES ('191', '798');
INSERT INTO `rbac_linked_permissions` VALUES ('191', '835');
INSERT INTO `rbac_linked_permissions` VALUES ('191', '1015');
INSERT INTO `rbac_linked_permissions` VALUES ('191', '1016');
INSERT INTO `rbac_linked_permissions` VALUES ('192', '1');
INSERT INTO `rbac_linked_permissions` VALUES ('192', '2');
INSERT INTO `rbac_linked_permissions` VALUES ('192', '11');
INSERT INTO `rbac_linked_permissions` VALUES ('192', '13');
INSERT INTO `rbac_linked_permissions` VALUES ('192', '14');
INSERT INTO `rbac_linked_permissions` VALUES ('192', '15');
INSERT INTO `rbac_linked_permissions` VALUES ('192', '16');
INSERT INTO `rbac_linked_permissions` VALUES ('192', '17');
INSERT INTO `rbac_linked_permissions` VALUES ('192', '18');
INSERT INTO `rbac_linked_permissions` VALUES ('192', '19');
INSERT INTO `rbac_linked_permissions` VALUES ('192', '20');
INSERT INTO `rbac_linked_permissions` VALUES ('192', '21');
INSERT INTO `rbac_linked_permissions` VALUES ('192', '22');
INSERT INTO `rbac_linked_permissions` VALUES ('192', '23');
INSERT INTO `rbac_linked_permissions` VALUES ('192', '25');
INSERT INTO `rbac_linked_permissions` VALUES ('192', '26');
INSERT INTO `rbac_linked_permissions` VALUES ('192', '27');
INSERT INTO `rbac_linked_permissions` VALUES ('192', '28');
INSERT INTO `rbac_linked_permissions` VALUES ('192', '29');
INSERT INTO `rbac_linked_permissions` VALUES ('192', '30');
INSERT INTO `rbac_linked_permissions` VALUES ('192', '31');
INSERT INTO `rbac_linked_permissions` VALUES ('192', '32');
INSERT INTO `rbac_linked_permissions` VALUES ('192', '33');
INSERT INTO `rbac_linked_permissions` VALUES ('192', '34');
INSERT INTO `rbac_linked_permissions` VALUES ('192', '35');
INSERT INTO `rbac_linked_permissions` VALUES ('192', '36');
INSERT INTO `rbac_linked_permissions` VALUES ('192', '37');
INSERT INTO `rbac_linked_permissions` VALUES ('192', '38');
INSERT INTO `rbac_linked_permissions` VALUES ('192', '39');
INSERT INTO `rbac_linked_permissions` VALUES ('192', '40');
INSERT INTO `rbac_linked_permissions` VALUES ('192', '44');
INSERT INTO `rbac_linked_permissions` VALUES ('192', '46');
INSERT INTO `rbac_linked_permissions` VALUES ('192', '47');
INSERT INTO `rbac_linked_permissions` VALUES ('192', '51');
INSERT INTO `rbac_linked_permissions` VALUES ('192', '193');
INSERT INTO `rbac_linked_permissions` VALUES ('192', '195');
INSERT INTO `rbac_linked_permissions` VALUES ('192', '217');
INSERT INTO `rbac_linked_permissions` VALUES ('192', '230');
INSERT INTO `rbac_linked_permissions` VALUES ('192', '231');
INSERT INTO `rbac_linked_permissions` VALUES ('192', '232');
INSERT INTO `rbac_linked_permissions` VALUES ('192', '233');
INSERT INTO `rbac_linked_permissions` VALUES ('192', '234');
INSERT INTO `rbac_linked_permissions` VALUES ('192', '236');
INSERT INTO `rbac_linked_permissions` VALUES ('192', '239');
INSERT INTO `rbac_linked_permissions` VALUES ('192', '240');
INSERT INTO `rbac_linked_permissions` VALUES ('192', '241');
INSERT INTO `rbac_linked_permissions` VALUES ('192', '242');
INSERT INTO `rbac_linked_permissions` VALUES ('192', '243');
INSERT INTO `rbac_linked_permissions` VALUES ('192', '244');
INSERT INTO `rbac_linked_permissions` VALUES ('192', '245');
INSERT INTO `rbac_linked_permissions` VALUES ('192', '246');
INSERT INTO `rbac_linked_permissions` VALUES ('192', '247');
INSERT INTO `rbac_linked_permissions` VALUES ('192', '248');
INSERT INTO `rbac_linked_permissions` VALUES ('192', '249');
INSERT INTO `rbac_linked_permissions` VALUES ('192', '250');
INSERT INTO `rbac_linked_permissions` VALUES ('192', '251');
INSERT INTO `rbac_linked_permissions` VALUES ('192', '252');
INSERT INTO `rbac_linked_permissions` VALUES ('192', '253');
INSERT INTO `rbac_linked_permissions` VALUES ('192', '254');
INSERT INTO `rbac_linked_permissions` VALUES ('192', '255');
INSERT INTO `rbac_linked_permissions` VALUES ('192', '256');
INSERT INTO `rbac_linked_permissions` VALUES ('192', '273');
INSERT INTO `rbac_linked_permissions` VALUES ('192', '274');
INSERT INTO `rbac_linked_permissions` VALUES ('192', '275');
INSERT INTO `rbac_linked_permissions` VALUES ('192', '276');
INSERT INTO `rbac_linked_permissions` VALUES ('192', '277');
INSERT INTO `rbac_linked_permissions` VALUES ('192', '279');
INSERT INTO `rbac_linked_permissions` VALUES ('192', '280');
INSERT INTO `rbac_linked_permissions` VALUES ('192', '283');
INSERT INTO `rbac_linked_permissions` VALUES ('192', '284');
INSERT INTO `rbac_linked_permissions` VALUES ('192', '285');
INSERT INTO `rbac_linked_permissions` VALUES ('192', '286');
INSERT INTO `rbac_linked_permissions` VALUES ('192', '287');
INSERT INTO `rbac_linked_permissions` VALUES ('192', '300');
INSERT INTO `rbac_linked_permissions` VALUES ('192', '303');
INSERT INTO `rbac_linked_permissions` VALUES ('192', '304');
INSERT INTO `rbac_linked_permissions` VALUES ('192', '341');
INSERT INTO `rbac_linked_permissions` VALUES ('192', '342');
INSERT INTO `rbac_linked_permissions` VALUES ('192', '343');
INSERT INTO `rbac_linked_permissions` VALUES ('192', '344');
INSERT INTO `rbac_linked_permissions` VALUES ('192', '345');
INSERT INTO `rbac_linked_permissions` VALUES ('192', '346');
INSERT INTO `rbac_linked_permissions` VALUES ('192', '347');
INSERT INTO `rbac_linked_permissions` VALUES ('192', '371');
INSERT INTO `rbac_linked_permissions` VALUES ('192', '372');
INSERT INTO `rbac_linked_permissions` VALUES ('192', '373');
INSERT INTO `rbac_linked_permissions` VALUES ('192', '374');
INSERT INTO `rbac_linked_permissions` VALUES ('192', '375');
INSERT INTO `rbac_linked_permissions` VALUES ('192', '376');
INSERT INTO `rbac_linked_permissions` VALUES ('192', '377');
INSERT INTO `rbac_linked_permissions` VALUES ('192', '378');
INSERT INTO `rbac_linked_permissions` VALUES ('192', '379');
INSERT INTO `rbac_linked_permissions` VALUES ('192', '380');
INSERT INTO `rbac_linked_permissions` VALUES ('192', '381');
INSERT INTO `rbac_linked_permissions` VALUES ('192', '382');
INSERT INTO `rbac_linked_permissions` VALUES ('192', '383');
INSERT INTO `rbac_linked_permissions` VALUES ('192', '384');
INSERT INTO `rbac_linked_permissions` VALUES ('192', '385');
INSERT INTO `rbac_linked_permissions` VALUES ('192', '402');
INSERT INTO `rbac_linked_permissions` VALUES ('192', '403');
INSERT INTO `rbac_linked_permissions` VALUES ('192', '404');
INSERT INTO `rbac_linked_permissions` VALUES ('192', '405');
INSERT INTO `rbac_linked_permissions` VALUES ('192', '406');
INSERT INTO `rbac_linked_permissions` VALUES ('192', '407');
INSERT INTO `rbac_linked_permissions` VALUES ('192', '412');
INSERT INTO `rbac_linked_permissions` VALUES ('192', '413');
INSERT INTO `rbac_linked_permissions` VALUES ('192', '414');
INSERT INTO `rbac_linked_permissions` VALUES ('192', '417');
INSERT INTO `rbac_linked_permissions` VALUES ('192', '420');
INSERT INTO `rbac_linked_permissions` VALUES ('192', '421');
INSERT INTO `rbac_linked_permissions` VALUES ('192', '422');
INSERT INTO `rbac_linked_permissions` VALUES ('192', '423');
INSERT INTO `rbac_linked_permissions` VALUES ('192', '424');
INSERT INTO `rbac_linked_permissions` VALUES ('192', '429');
INSERT INTO `rbac_linked_permissions` VALUES ('192', '436');
INSERT INTO `rbac_linked_permissions` VALUES ('192', '437');
INSERT INTO `rbac_linked_permissions` VALUES ('192', '438');
INSERT INTO `rbac_linked_permissions` VALUES ('192', '439');
INSERT INTO `rbac_linked_permissions` VALUES ('192', '440');
INSERT INTO `rbac_linked_permissions` VALUES ('192', '447');
INSERT INTO `rbac_linked_permissions` VALUES ('192', '449');
INSERT INTO `rbac_linked_permissions` VALUES ('192', '451');
INSERT INTO `rbac_linked_permissions` VALUES ('192', '452');
INSERT INTO `rbac_linked_permissions` VALUES ('192', '453');
INSERT INTO `rbac_linked_permissions` VALUES ('192', '462');
INSERT INTO `rbac_linked_permissions` VALUES ('192', '466');
INSERT INTO `rbac_linked_permissions` VALUES ('192', '467');
INSERT INTO `rbac_linked_permissions` VALUES ('192', '468');
INSERT INTO `rbac_linked_permissions` VALUES ('192', '469');
INSERT INTO `rbac_linked_permissions` VALUES ('192', '470');
INSERT INTO `rbac_linked_permissions` VALUES ('192', '471');
INSERT INTO `rbac_linked_permissions` VALUES ('192', '472');
INSERT INTO `rbac_linked_permissions` VALUES ('192', '473');
INSERT INTO `rbac_linked_permissions` VALUES ('192', '474');
INSERT INTO `rbac_linked_permissions` VALUES ('192', '475');
INSERT INTO `rbac_linked_permissions` VALUES ('192', '476');
INSERT INTO `rbac_linked_permissions` VALUES ('192', '477');
INSERT INTO `rbac_linked_permissions` VALUES ('192', '478');
INSERT INTO `rbac_linked_permissions` VALUES ('192', '479');
INSERT INTO `rbac_linked_permissions` VALUES ('192', '480');
INSERT INTO `rbac_linked_permissions` VALUES ('192', '481');
INSERT INTO `rbac_linked_permissions` VALUES ('192', '482');
INSERT INTO `rbac_linked_permissions` VALUES ('192', '483');
INSERT INTO `rbac_linked_permissions` VALUES ('192', '486');
INSERT INTO `rbac_linked_permissions` VALUES ('192', '490');
INSERT INTO `rbac_linked_permissions` VALUES ('192', '491');
INSERT INTO `rbac_linked_permissions` VALUES ('192', '492');
INSERT INTO `rbac_linked_permissions` VALUES ('192', '494');
INSERT INTO `rbac_linked_permissions` VALUES ('192', '496');
INSERT INTO `rbac_linked_permissions` VALUES ('192', '497');
INSERT INTO `rbac_linked_permissions` VALUES ('192', '501');
INSERT INTO `rbac_linked_permissions` VALUES ('192', '502');
INSERT INTO `rbac_linked_permissions` VALUES ('192', '504');
INSERT INTO `rbac_linked_permissions` VALUES ('192', '506');
INSERT INTO `rbac_linked_permissions` VALUES ('192', '507');
INSERT INTO `rbac_linked_permissions` VALUES ('192', '510');
INSERT INTO `rbac_linked_permissions` VALUES ('192', '512');
INSERT INTO `rbac_linked_permissions` VALUES ('192', '513');
INSERT INTO `rbac_linked_permissions` VALUES ('192', '515');
INSERT INTO `rbac_linked_permissions` VALUES ('192', '517');
INSERT INTO `rbac_linked_permissions` VALUES ('192', '518');
INSERT INTO `rbac_linked_permissions` VALUES ('192', '519');
INSERT INTO `rbac_linked_permissions` VALUES ('192', '520');
INSERT INTO `rbac_linked_permissions` VALUES ('192', '521');
INSERT INTO `rbac_linked_permissions` VALUES ('192', '522');
INSERT INTO `rbac_linked_permissions` VALUES ('192', '523');
INSERT INTO `rbac_linked_permissions` VALUES ('192', '524');
INSERT INTO `rbac_linked_permissions` VALUES ('192', '525');
INSERT INTO `rbac_linked_permissions` VALUES ('192', '527');
INSERT INTO `rbac_linked_permissions` VALUES ('192', '528');
INSERT INTO `rbac_linked_permissions` VALUES ('192', '529');
INSERT INTO `rbac_linked_permissions` VALUES ('192', '531');
INSERT INTO `rbac_linked_permissions` VALUES ('192', '532');
INSERT INTO `rbac_linked_permissions` VALUES ('192', '533');
INSERT INTO `rbac_linked_permissions` VALUES ('192', '534');
INSERT INTO `rbac_linked_permissions` VALUES ('192', '542');
INSERT INTO `rbac_linked_permissions` VALUES ('192', '543');
INSERT INTO `rbac_linked_permissions` VALUES ('192', '544');
INSERT INTO `rbac_linked_permissions` VALUES ('192', '548');
INSERT INTO `rbac_linked_permissions` VALUES ('192', '549');
INSERT INTO `rbac_linked_permissions` VALUES ('192', '550');
INSERT INTO `rbac_linked_permissions` VALUES ('192', '552');
INSERT INTO `rbac_linked_permissions` VALUES ('192', '553');
INSERT INTO `rbac_linked_permissions` VALUES ('192', '555');
INSERT INTO `rbac_linked_permissions` VALUES ('192', '556');
INSERT INTO `rbac_linked_permissions` VALUES ('192', '557');
INSERT INTO `rbac_linked_permissions` VALUES ('192', '558');
INSERT INTO `rbac_linked_permissions` VALUES ('192', '559');
INSERT INTO `rbac_linked_permissions` VALUES ('192', '560');
INSERT INTO `rbac_linked_permissions` VALUES ('192', '561');
INSERT INTO `rbac_linked_permissions` VALUES ('192', '562');
INSERT INTO `rbac_linked_permissions` VALUES ('192', '563');
INSERT INTO `rbac_linked_permissions` VALUES ('192', '564');
INSERT INTO `rbac_linked_permissions` VALUES ('192', '565');
INSERT INTO `rbac_linked_permissions` VALUES ('192', '566');
INSERT INTO `rbac_linked_permissions` VALUES ('192', '569');
INSERT INTO `rbac_linked_permissions` VALUES ('192', '570');
INSERT INTO `rbac_linked_permissions` VALUES ('192', '571');
INSERT INTO `rbac_linked_permissions` VALUES ('192', '572');
INSERT INTO `rbac_linked_permissions` VALUES ('192', '574');
INSERT INTO `rbac_linked_permissions` VALUES ('192', '576');
INSERT INTO `rbac_linked_permissions` VALUES ('192', '577');
INSERT INTO `rbac_linked_permissions` VALUES ('192', '578');
INSERT INTO `rbac_linked_permissions` VALUES ('192', '579');
INSERT INTO `rbac_linked_permissions` VALUES ('192', '581');
INSERT INTO `rbac_linked_permissions` VALUES ('192', '582');
INSERT INTO `rbac_linked_permissions` VALUES ('192', '583');
INSERT INTO `rbac_linked_permissions` VALUES ('192', '584');
INSERT INTO `rbac_linked_permissions` VALUES ('192', '585');
INSERT INTO `rbac_linked_permissions` VALUES ('192', '586');
INSERT INTO `rbac_linked_permissions` VALUES ('192', '587');
INSERT INTO `rbac_linked_permissions` VALUES ('192', '588');
INSERT INTO `rbac_linked_permissions` VALUES ('192', '592');
INSERT INTO `rbac_linked_permissions` VALUES ('192', '593');
INSERT INTO `rbac_linked_permissions` VALUES ('192', '594');
INSERT INTO `rbac_linked_permissions` VALUES ('192', '595');
INSERT INTO `rbac_linked_permissions` VALUES ('192', '596');
INSERT INTO `rbac_linked_permissions` VALUES ('192', '597');
INSERT INTO `rbac_linked_permissions` VALUES ('192', '598');
INSERT INTO `rbac_linked_permissions` VALUES ('192', '599');
INSERT INTO `rbac_linked_permissions` VALUES ('192', '600');
INSERT INTO `rbac_linked_permissions` VALUES ('192', '601');
INSERT INTO `rbac_linked_permissions` VALUES ('192', '602');
INSERT INTO `rbac_linked_permissions` VALUES ('192', '603');
INSERT INTO `rbac_linked_permissions` VALUES ('192', '604');
INSERT INTO `rbac_linked_permissions` VALUES ('192', '605');
INSERT INTO `rbac_linked_permissions` VALUES ('192', '632');
INSERT INTO `rbac_linked_permissions` VALUES ('192', '737');
INSERT INTO `rbac_linked_permissions` VALUES ('192', '738');
INSERT INTO `rbac_linked_permissions` VALUES ('192', '739');
INSERT INTO `rbac_linked_permissions` VALUES ('192', '740');
INSERT INTO `rbac_linked_permissions` VALUES ('192', '741');
INSERT INTO `rbac_linked_permissions` VALUES ('192', '742');
INSERT INTO `rbac_linked_permissions` VALUES ('192', '743');
INSERT INTO `rbac_linked_permissions` VALUES ('192', '744');
INSERT INTO `rbac_linked_permissions` VALUES ('192', '745');
INSERT INTO `rbac_linked_permissions` VALUES ('192', '746');
INSERT INTO `rbac_linked_permissions` VALUES ('192', '747');
INSERT INTO `rbac_linked_permissions` VALUES ('192', '748');
INSERT INTO `rbac_linked_permissions` VALUES ('192', '751');
INSERT INTO `rbac_linked_permissions` VALUES ('192', '752');
INSERT INTO `rbac_linked_permissions` VALUES ('192', '754');
INSERT INTO `rbac_linked_permissions` VALUES ('192', '758');
INSERT INTO `rbac_linked_permissions` VALUES ('192', '759');
INSERT INTO `rbac_linked_permissions` VALUES ('192', '760');
INSERT INTO `rbac_linked_permissions` VALUES ('192', '761');
INSERT INTO `rbac_linked_permissions` VALUES ('192', '762');
INSERT INTO `rbac_linked_permissions` VALUES ('192', '764');
INSERT INTO `rbac_linked_permissions` VALUES ('192', '765');
INSERT INTO `rbac_linked_permissions` VALUES ('192', '794');
INSERT INTO `rbac_linked_permissions` VALUES ('192', '795');
INSERT INTO `rbac_linked_permissions` VALUES ('192', '796');
INSERT INTO `rbac_linked_permissions` VALUES ('192', '835');
INSERT INTO `rbac_linked_permissions` VALUES ('192', '1015');
INSERT INTO `rbac_linked_permissions` VALUES ('193', '1');
INSERT INTO `rbac_linked_permissions` VALUES ('193', '2');
INSERT INTO `rbac_linked_permissions` VALUES ('193', '11');
INSERT INTO `rbac_linked_permissions` VALUES ('193', '13');
INSERT INTO `rbac_linked_permissions` VALUES ('193', '14');
INSERT INTO `rbac_linked_permissions` VALUES ('193', '15');
INSERT INTO `rbac_linked_permissions` VALUES ('193', '16');
INSERT INTO `rbac_linked_permissions` VALUES ('193', '17');
INSERT INTO `rbac_linked_permissions` VALUES ('193', '18');
INSERT INTO `rbac_linked_permissions` VALUES ('193', '19');
INSERT INTO `rbac_linked_permissions` VALUES ('193', '20');
INSERT INTO `rbac_linked_permissions` VALUES ('193', '22');
INSERT INTO `rbac_linked_permissions` VALUES ('193', '23');
INSERT INTO `rbac_linked_permissions` VALUES ('193', '25');
INSERT INTO `rbac_linked_permissions` VALUES ('193', '26');
INSERT INTO `rbac_linked_permissions` VALUES ('193', '27');
INSERT INTO `rbac_linked_permissions` VALUES ('193', '28');
INSERT INTO `rbac_linked_permissions` VALUES ('193', '29');
INSERT INTO `rbac_linked_permissions` VALUES ('193', '30');
INSERT INTO `rbac_linked_permissions` VALUES ('193', '31');
INSERT INTO `rbac_linked_permissions` VALUES ('193', '32');
INSERT INTO `rbac_linked_permissions` VALUES ('193', '33');
INSERT INTO `rbac_linked_permissions` VALUES ('193', '34');
INSERT INTO `rbac_linked_permissions` VALUES ('193', '35');
INSERT INTO `rbac_linked_permissions` VALUES ('193', '36');
INSERT INTO `rbac_linked_permissions` VALUES ('193', '37');
INSERT INTO `rbac_linked_permissions` VALUES ('193', '38');
INSERT INTO `rbac_linked_permissions` VALUES ('193', '39');
INSERT INTO `rbac_linked_permissions` VALUES ('193', '40');
INSERT INTO `rbac_linked_permissions` VALUES ('193', '44');
INSERT INTO `rbac_linked_permissions` VALUES ('193', '46');
INSERT INTO `rbac_linked_permissions` VALUES ('193', '47');
INSERT INTO `rbac_linked_permissions` VALUES ('193', '51');
INSERT INTO `rbac_linked_permissions` VALUES ('193', '193');
INSERT INTO `rbac_linked_permissions` VALUES ('193', '195');
INSERT INTO `rbac_linked_permissions` VALUES ('193', '217');
INSERT INTO `rbac_linked_permissions` VALUES ('193', '224');
INSERT INTO `rbac_linked_permissions` VALUES ('193', '263');
INSERT INTO `rbac_linked_permissions` VALUES ('193', '274');
INSERT INTO `rbac_linked_permissions` VALUES ('193', '275');
INSERT INTO `rbac_linked_permissions` VALUES ('193', '276');
INSERT INTO `rbac_linked_permissions` VALUES ('193', '341');
INSERT INTO `rbac_linked_permissions` VALUES ('193', '342');
INSERT INTO `rbac_linked_permissions` VALUES ('193', '343');
INSERT INTO `rbac_linked_permissions` VALUES ('193', '344');
INSERT INTO `rbac_linked_permissions` VALUES ('193', '345');
INSERT INTO `rbac_linked_permissions` VALUES ('193', '346');
INSERT INTO `rbac_linked_permissions` VALUES ('193', '347');
INSERT INTO `rbac_linked_permissions` VALUES ('193', '371');
INSERT INTO `rbac_linked_permissions` VALUES ('193', '372');
INSERT INTO `rbac_linked_permissions` VALUES ('193', '373');
INSERT INTO `rbac_linked_permissions` VALUES ('193', '374');
INSERT INTO `rbac_linked_permissions` VALUES ('193', '375');
INSERT INTO `rbac_linked_permissions` VALUES ('193', '376');
INSERT INTO `rbac_linked_permissions` VALUES ('193', '385');
INSERT INTO `rbac_linked_permissions` VALUES ('193', '412');
INSERT INTO `rbac_linked_permissions` VALUES ('193', '413');
INSERT INTO `rbac_linked_permissions` VALUES ('193', '414');
INSERT INTO `rbac_linked_permissions` VALUES ('193', '466');
INSERT INTO `rbac_linked_permissions` VALUES ('193', '467');
INSERT INTO `rbac_linked_permissions` VALUES ('193', '469');
INSERT INTO `rbac_linked_permissions` VALUES ('193', '471');
INSERT INTO `rbac_linked_permissions` VALUES ('193', '479');
INSERT INTO `rbac_linked_permissions` VALUES ('193', '480');
INSERT INTO `rbac_linked_permissions` VALUES ('193', '481');
INSERT INTO `rbac_linked_permissions` VALUES ('193', '482');
INSERT INTO `rbac_linked_permissions` VALUES ('193', '490');
INSERT INTO `rbac_linked_permissions` VALUES ('193', '491');
INSERT INTO `rbac_linked_permissions` VALUES ('193', '492');
INSERT INTO `rbac_linked_permissions` VALUES ('193', '496');
INSERT INTO `rbac_linked_permissions` VALUES ('193', '497');
INSERT INTO `rbac_linked_permissions` VALUES ('193', '504');
INSERT INTO `rbac_linked_permissions` VALUES ('193', '507');
INSERT INTO `rbac_linked_permissions` VALUES ('193', '512');
INSERT INTO `rbac_linked_permissions` VALUES ('193', '513');
INSERT INTO `rbac_linked_permissions` VALUES ('193', '515');
INSERT INTO `rbac_linked_permissions` VALUES ('193', '518');
INSERT INTO `rbac_linked_permissions` VALUES ('193', '519');
INSERT INTO `rbac_linked_permissions` VALUES ('193', '520');
INSERT INTO `rbac_linked_permissions` VALUES ('193', '521');
INSERT INTO `rbac_linked_permissions` VALUES ('193', '522');
INSERT INTO `rbac_linked_permissions` VALUES ('193', '523');
INSERT INTO `rbac_linked_permissions` VALUES ('193', '525');
INSERT INTO `rbac_linked_permissions` VALUES ('193', '528');
INSERT INTO `rbac_linked_permissions` VALUES ('193', '529');
INSERT INTO `rbac_linked_permissions` VALUES ('193', '531');
INSERT INTO `rbac_linked_permissions` VALUES ('193', '532');
INSERT INTO `rbac_linked_permissions` VALUES ('193', '533');
INSERT INTO `rbac_linked_permissions` VALUES ('193', '534');
INSERT INTO `rbac_linked_permissions` VALUES ('193', '542');
INSERT INTO `rbac_linked_permissions` VALUES ('193', '543');
INSERT INTO `rbac_linked_permissions` VALUES ('193', '544');
INSERT INTO `rbac_linked_permissions` VALUES ('193', '547');
INSERT INTO `rbac_linked_permissions` VALUES ('193', '548');
INSERT INTO `rbac_linked_permissions` VALUES ('193', '549');
INSERT INTO `rbac_linked_permissions` VALUES ('193', '550');
INSERT INTO `rbac_linked_permissions` VALUES ('193', '552');
INSERT INTO `rbac_linked_permissions` VALUES ('193', '553');
INSERT INTO `rbac_linked_permissions` VALUES ('193', '555');
INSERT INTO `rbac_linked_permissions` VALUES ('193', '556');
INSERT INTO `rbac_linked_permissions` VALUES ('193', '557');
INSERT INTO `rbac_linked_permissions` VALUES ('193', '558');
INSERT INTO `rbac_linked_permissions` VALUES ('193', '559');
INSERT INTO `rbac_linked_permissions` VALUES ('193', '560');
INSERT INTO `rbac_linked_permissions` VALUES ('193', '561');
INSERT INTO `rbac_linked_permissions` VALUES ('193', '562');
INSERT INTO `rbac_linked_permissions` VALUES ('193', '563');
INSERT INTO `rbac_linked_permissions` VALUES ('193', '564');
INSERT INTO `rbac_linked_permissions` VALUES ('193', '565');
INSERT INTO `rbac_linked_permissions` VALUES ('193', '566');
INSERT INTO `rbac_linked_permissions` VALUES ('193', '570');
INSERT INTO `rbac_linked_permissions` VALUES ('193', '576');
INSERT INTO `rbac_linked_permissions` VALUES ('193', '577');
INSERT INTO `rbac_linked_permissions` VALUES ('193', '578');
INSERT INTO `rbac_linked_permissions` VALUES ('193', '579');
INSERT INTO `rbac_linked_permissions` VALUES ('193', '583');
INSERT INTO `rbac_linked_permissions` VALUES ('193', '584');
INSERT INTO `rbac_linked_permissions` VALUES ('193', '585');
INSERT INTO `rbac_linked_permissions` VALUES ('193', '587');
INSERT INTO `rbac_linked_permissions` VALUES ('193', '592');
INSERT INTO `rbac_linked_permissions` VALUES ('193', '593');
INSERT INTO `rbac_linked_permissions` VALUES ('193', '594');
INSERT INTO `rbac_linked_permissions` VALUES ('193', '595');
INSERT INTO `rbac_linked_permissions` VALUES ('193', '597');
INSERT INTO `rbac_linked_permissions` VALUES ('193', '598');
INSERT INTO `rbac_linked_permissions` VALUES ('193', '599');
INSERT INTO `rbac_linked_permissions` VALUES ('193', '600');
INSERT INTO `rbac_linked_permissions` VALUES ('193', '602');
INSERT INTO `rbac_linked_permissions` VALUES ('193', '603');
INSERT INTO `rbac_linked_permissions` VALUES ('193', '605');
INSERT INTO `rbac_linked_permissions` VALUES ('193', '737');
INSERT INTO `rbac_linked_permissions` VALUES ('193', '740');
INSERT INTO `rbac_linked_permissions` VALUES ('193', '741');
INSERT INTO `rbac_linked_permissions` VALUES ('193', '742');
INSERT INTO `rbac_linked_permissions` VALUES ('193', '743');
INSERT INTO `rbac_linked_permissions` VALUES ('193', '744');
INSERT INTO `rbac_linked_permissions` VALUES ('193', '745');
INSERT INTO `rbac_linked_permissions` VALUES ('193', '746');
INSERT INTO `rbac_linked_permissions` VALUES ('193', '747');
INSERT INTO `rbac_linked_permissions` VALUES ('193', '748');
INSERT INTO `rbac_linked_permissions` VALUES ('193', '751');
INSERT INTO `rbac_linked_permissions` VALUES ('193', '752');
INSERT INTO `rbac_linked_permissions` VALUES ('193', '759');
INSERT INTO `rbac_linked_permissions` VALUES ('193', '760');
INSERT INTO `rbac_linked_permissions` VALUES ('193', '761');
INSERT INTO `rbac_linked_permissions` VALUES ('193', '764');
INSERT INTO `rbac_linked_permissions` VALUES ('193', '777');
INSERT INTO `rbac_linked_permissions` VALUES ('193', '794');
INSERT INTO `rbac_linked_permissions` VALUES ('193', '797');
INSERT INTO `rbac_linked_permissions` VALUES ('193', '1015');
INSERT INTO `rbac_linked_permissions` VALUES ('194', '3');
INSERT INTO `rbac_linked_permissions` VALUES ('194', '4');
INSERT INTO `rbac_linked_permissions` VALUES ('194', '5');
INSERT INTO `rbac_linked_permissions` VALUES ('194', '6');
INSERT INTO `rbac_linked_permissions` VALUES ('194', '24');
INSERT INTO `rbac_linked_permissions` VALUES ('194', '49');
INSERT INTO `rbac_linked_permissions` VALUES ('194', '195');
INSERT INTO `rbac_linked_permissions` VALUES ('194', '224');
INSERT INTO `rbac_linked_permissions` VALUES ('194', '515');
INSERT INTO `rbac_linked_permissions` VALUES ('194', '517');
INSERT INTO `rbac_linked_permissions` VALUES ('194', '532');
INSERT INTO `rbac_linked_permissions` VALUES ('194', '742');
INSERT INTO `rbac_linked_permissions` VALUES ('194', '743');
INSERT INTO `rbac_linked_permissions` VALUES ('194', '744');
INSERT INTO `rbac_linked_permissions` VALUES ('194', '746');
INSERT INTO `rbac_linked_permissions` VALUES ('194', '748');
INSERT INTO `rbac_linked_permissions` VALUES ('194', '751');
INSERT INTO `rbac_linked_permissions` VALUES ('194', '759');
INSERT INTO `rbac_linked_permissions` VALUES ('195', '3');
INSERT INTO `rbac_linked_permissions` VALUES ('195', '4');
INSERT INTO `rbac_linked_permissions` VALUES ('195', '5');
INSERT INTO `rbac_linked_permissions` VALUES ('195', '6');
INSERT INTO `rbac_linked_permissions` VALUES ('195', '24');
INSERT INTO `rbac_linked_permissions` VALUES ('195', '49');
INSERT INTO `rbac_linked_permissions` VALUES ('195', '199');
INSERT INTO `rbac_linked_permissions` VALUES ('195', '725');
INSERT INTO `rbac_linked_permissions` VALUES ('195', '1003');
INSERT INTO `rbac_linked_permissions` VALUES ('195', '1004');
INSERT INTO `rbac_linked_permissions` VALUES ('195', '1005');
INSERT INTO `rbac_linked_permissions` VALUES ('195', '1006');
INSERT INTO `rbac_linked_permissions` VALUES ('195', '1007');
INSERT INTO `rbac_linked_permissions` VALUES ('195', '1015');
INSERT INTO `rbac_linked_permissions` VALUES ('196', '200');
INSERT INTO `rbac_linked_permissions` VALUES ('196', '201');
INSERT INTO `rbac_linked_permissions` VALUES ('196', '226');
INSERT INTO `rbac_linked_permissions` VALUES ('196', '227');
INSERT INTO `rbac_linked_permissions` VALUES ('196', '230');
INSERT INTO `rbac_linked_permissions` VALUES ('196', '231');
INSERT INTO `rbac_linked_permissions` VALUES ('196', '233');
INSERT INTO `rbac_linked_permissions` VALUES ('196', '234');
INSERT INTO `rbac_linked_permissions` VALUES ('196', '235');
INSERT INTO `rbac_linked_permissions` VALUES ('196', '238');
INSERT INTO `rbac_linked_permissions` VALUES ('196', '239');
INSERT INTO `rbac_linked_permissions` VALUES ('196', '240');
INSERT INTO `rbac_linked_permissions` VALUES ('196', '241');
INSERT INTO `rbac_linked_permissions` VALUES ('196', '242');
INSERT INTO `rbac_linked_permissions` VALUES ('196', '243');
INSERT INTO `rbac_linked_permissions` VALUES ('196', '244');
INSERT INTO `rbac_linked_permissions` VALUES ('196', '245');
INSERT INTO `rbac_linked_permissions` VALUES ('196', '246');
INSERT INTO `rbac_linked_permissions` VALUES ('196', '247');
INSERT INTO `rbac_linked_permissions` VALUES ('196', '248');
INSERT INTO `rbac_linked_permissions` VALUES ('196', '249');
INSERT INTO `rbac_linked_permissions` VALUES ('196', '250');
INSERT INTO `rbac_linked_permissions` VALUES ('196', '251');
INSERT INTO `rbac_linked_permissions` VALUES ('196', '252');
INSERT INTO `rbac_linked_permissions` VALUES ('196', '253');
INSERT INTO `rbac_linked_permissions` VALUES ('196', '254');
INSERT INTO `rbac_linked_permissions` VALUES ('196', '255');
INSERT INTO `rbac_linked_permissions` VALUES ('196', '256');
INSERT INTO `rbac_linked_permissions` VALUES ('196', '257');
INSERT INTO `rbac_linked_permissions` VALUES ('196', '258');
INSERT INTO `rbac_linked_permissions` VALUES ('196', '259');
INSERT INTO `rbac_linked_permissions` VALUES ('196', '260');
INSERT INTO `rbac_linked_permissions` VALUES ('196', '261');
INSERT INTO `rbac_linked_permissions` VALUES ('196', '262');
INSERT INTO `rbac_linked_permissions` VALUES ('196', '264');
INSERT INTO `rbac_linked_permissions` VALUES ('196', '265');
INSERT INTO `rbac_linked_permissions` VALUES ('196', '266');
INSERT INTO `rbac_linked_permissions` VALUES ('196', '267');
INSERT INTO `rbac_linked_permissions` VALUES ('196', '268');
INSERT INTO `rbac_linked_permissions` VALUES ('196', '269');
INSERT INTO `rbac_linked_permissions` VALUES ('196', '270');
INSERT INTO `rbac_linked_permissions` VALUES ('196', '271');
INSERT INTO `rbac_linked_permissions` VALUES ('196', '272');
INSERT INTO `rbac_linked_permissions` VALUES ('196', '279');
INSERT INTO `rbac_linked_permissions` VALUES ('196', '280');
INSERT INTO `rbac_linked_permissions` VALUES ('196', '283');
INSERT INTO `rbac_linked_permissions` VALUES ('196', '287');
INSERT INTO `rbac_linked_permissions` VALUES ('196', '288');
INSERT INTO `rbac_linked_permissions` VALUES ('196', '289');
INSERT INTO `rbac_linked_permissions` VALUES ('196', '290');
INSERT INTO `rbac_linked_permissions` VALUES ('196', '291');
INSERT INTO `rbac_linked_permissions` VALUES ('196', '292');
INSERT INTO `rbac_linked_permissions` VALUES ('196', '293');
INSERT INTO `rbac_linked_permissions` VALUES ('196', '294');
INSERT INTO `rbac_linked_permissions` VALUES ('196', '295');
INSERT INTO `rbac_linked_permissions` VALUES ('196', '296');
INSERT INTO `rbac_linked_permissions` VALUES ('196', '297');
INSERT INTO `rbac_linked_permissions` VALUES ('196', '298');
INSERT INTO `rbac_linked_permissions` VALUES ('196', '299');
INSERT INTO `rbac_linked_permissions` VALUES ('196', '302');
INSERT INTO `rbac_linked_permissions` VALUES ('196', '303');
INSERT INTO `rbac_linked_permissions` VALUES ('196', '304');
INSERT INTO `rbac_linked_permissions` VALUES ('196', '305');
INSERT INTO `rbac_linked_permissions` VALUES ('196', '306');
INSERT INTO `rbac_linked_permissions` VALUES ('196', '307');
INSERT INTO `rbac_linked_permissions` VALUES ('196', '308');
INSERT INTO `rbac_linked_permissions` VALUES ('196', '309');
INSERT INTO `rbac_linked_permissions` VALUES ('196', '310');
INSERT INTO `rbac_linked_permissions` VALUES ('196', '313');
INSERT INTO `rbac_linked_permissions` VALUES ('196', '314');
INSERT INTO `rbac_linked_permissions` VALUES ('196', '319');
INSERT INTO `rbac_linked_permissions` VALUES ('196', '320');
INSERT INTO `rbac_linked_permissions` VALUES ('196', '321');
INSERT INTO `rbac_linked_permissions` VALUES ('196', '322');
INSERT INTO `rbac_linked_permissions` VALUES ('196', '323');
INSERT INTO `rbac_linked_permissions` VALUES ('196', '324');
INSERT INTO `rbac_linked_permissions` VALUES ('196', '325');
INSERT INTO `rbac_linked_permissions` VALUES ('196', '326');
INSERT INTO `rbac_linked_permissions` VALUES ('196', '327');
INSERT INTO `rbac_linked_permissions` VALUES ('196', '328');
INSERT INTO `rbac_linked_permissions` VALUES ('196', '329');
INSERT INTO `rbac_linked_permissions` VALUES ('196', '330');
INSERT INTO `rbac_linked_permissions` VALUES ('196', '331');
INSERT INTO `rbac_linked_permissions` VALUES ('196', '332');
INSERT INTO `rbac_linked_permissions` VALUES ('196', '333');
INSERT INTO `rbac_linked_permissions` VALUES ('196', '334');
INSERT INTO `rbac_linked_permissions` VALUES ('196', '335');
INSERT INTO `rbac_linked_permissions` VALUES ('196', '336');
INSERT INTO `rbac_linked_permissions` VALUES ('196', '337');
INSERT INTO `rbac_linked_permissions` VALUES ('196', '338');
INSERT INTO `rbac_linked_permissions` VALUES ('196', '339');
INSERT INTO `rbac_linked_permissions` VALUES ('196', '340');
INSERT INTO `rbac_linked_permissions` VALUES ('196', '341');
INSERT INTO `rbac_linked_permissions` VALUES ('196', '342');
INSERT INTO `rbac_linked_permissions` VALUES ('196', '343');
INSERT INTO `rbac_linked_permissions` VALUES ('196', '344');
INSERT INTO `rbac_linked_permissions` VALUES ('196', '345');
INSERT INTO `rbac_linked_permissions` VALUES ('196', '346');
INSERT INTO `rbac_linked_permissions` VALUES ('196', '347');
INSERT INTO `rbac_linked_permissions` VALUES ('196', '348');
INSERT INTO `rbac_linked_permissions` VALUES ('196', '349');
INSERT INTO `rbac_linked_permissions` VALUES ('196', '350');
INSERT INTO `rbac_linked_permissions` VALUES ('196', '351');
INSERT INTO `rbac_linked_permissions` VALUES ('196', '352');
INSERT INTO `rbac_linked_permissions` VALUES ('196', '353');
INSERT INTO `rbac_linked_permissions` VALUES ('196', '354');
INSERT INTO `rbac_linked_permissions` VALUES ('196', '355');
INSERT INTO `rbac_linked_permissions` VALUES ('196', '356');
INSERT INTO `rbac_linked_permissions` VALUES ('196', '357');
INSERT INTO `rbac_linked_permissions` VALUES ('196', '358');
INSERT INTO `rbac_linked_permissions` VALUES ('196', '359');
INSERT INTO `rbac_linked_permissions` VALUES ('196', '360');
INSERT INTO `rbac_linked_permissions` VALUES ('196', '361');
INSERT INTO `rbac_linked_permissions` VALUES ('196', '362');
INSERT INTO `rbac_linked_permissions` VALUES ('196', '363');
INSERT INTO `rbac_linked_permissions` VALUES ('196', '364');
INSERT INTO `rbac_linked_permissions` VALUES ('196', '365');
INSERT INTO `rbac_linked_permissions` VALUES ('196', '366');
INSERT INTO `rbac_linked_permissions` VALUES ('196', '373');
INSERT INTO `rbac_linked_permissions` VALUES ('196', '375');
INSERT INTO `rbac_linked_permissions` VALUES ('196', '400');
INSERT INTO `rbac_linked_permissions` VALUES ('196', '401');
INSERT INTO `rbac_linked_permissions` VALUES ('196', '402');
INSERT INTO `rbac_linked_permissions` VALUES ('196', '403');
INSERT INTO `rbac_linked_permissions` VALUES ('196', '404');
INSERT INTO `rbac_linked_permissions` VALUES ('196', '405');
INSERT INTO `rbac_linked_permissions` VALUES ('196', '406');
INSERT INTO `rbac_linked_permissions` VALUES ('196', '407');
INSERT INTO `rbac_linked_permissions` VALUES ('196', '417');
INSERT INTO `rbac_linked_permissions` VALUES ('196', '418');
INSERT INTO `rbac_linked_permissions` VALUES ('196', '419');
INSERT INTO `rbac_linked_permissions` VALUES ('196', '420');
INSERT INTO `rbac_linked_permissions` VALUES ('196', '421');
INSERT INTO `rbac_linked_permissions` VALUES ('196', '422');
INSERT INTO `rbac_linked_permissions` VALUES ('196', '423');
INSERT INTO `rbac_linked_permissions` VALUES ('196', '424');
INSERT INTO `rbac_linked_permissions` VALUES ('196', '425');
INSERT INTO `rbac_linked_permissions` VALUES ('196', '426');
INSERT INTO `rbac_linked_permissions` VALUES ('196', '427');
INSERT INTO `rbac_linked_permissions` VALUES ('196', '428');
INSERT INTO `rbac_linked_permissions` VALUES ('196', '429');
INSERT INTO `rbac_linked_permissions` VALUES ('196', '434');
INSERT INTO `rbac_linked_permissions` VALUES ('196', '435');
INSERT INTO `rbac_linked_permissions` VALUES ('196', '436');
INSERT INTO `rbac_linked_permissions` VALUES ('196', '437');
INSERT INTO `rbac_linked_permissions` VALUES ('196', '438');
INSERT INTO `rbac_linked_permissions` VALUES ('196', '439');
INSERT INTO `rbac_linked_permissions` VALUES ('196', '440');
INSERT INTO `rbac_linked_permissions` VALUES ('196', '441');
INSERT INTO `rbac_linked_permissions` VALUES ('196', '442');
INSERT INTO `rbac_linked_permissions` VALUES ('196', '443');
INSERT INTO `rbac_linked_permissions` VALUES ('196', '444');
INSERT INTO `rbac_linked_permissions` VALUES ('196', '445');
INSERT INTO `rbac_linked_permissions` VALUES ('196', '446');
INSERT INTO `rbac_linked_permissions` VALUES ('196', '447');
INSERT INTO `rbac_linked_permissions` VALUES ('196', '448');
INSERT INTO `rbac_linked_permissions` VALUES ('196', '449');
INSERT INTO `rbac_linked_permissions` VALUES ('196', '450');
INSERT INTO `rbac_linked_permissions` VALUES ('196', '451');
INSERT INTO `rbac_linked_permissions` VALUES ('196', '452');
INSERT INTO `rbac_linked_permissions` VALUES ('196', '453');
INSERT INTO `rbac_linked_permissions` VALUES ('196', '454');
INSERT INTO `rbac_linked_permissions` VALUES ('196', '455');
INSERT INTO `rbac_linked_permissions` VALUES ('196', '456');
INSERT INTO `rbac_linked_permissions` VALUES ('196', '457');
INSERT INTO `rbac_linked_permissions` VALUES ('196', '458');
INSERT INTO `rbac_linked_permissions` VALUES ('196', '459');
INSERT INTO `rbac_linked_permissions` VALUES ('196', '461');
INSERT INTO `rbac_linked_permissions` VALUES ('196', '463');
INSERT INTO `rbac_linked_permissions` VALUES ('196', '464');
INSERT INTO `rbac_linked_permissions` VALUES ('196', '465');
INSERT INTO `rbac_linked_permissions` VALUES ('196', '472');
INSERT INTO `rbac_linked_permissions` VALUES ('196', '473');
INSERT INTO `rbac_linked_permissions` VALUES ('196', '474');
INSERT INTO `rbac_linked_permissions` VALUES ('196', '475');
INSERT INTO `rbac_linked_permissions` VALUES ('196', '476');
INSERT INTO `rbac_linked_permissions` VALUES ('196', '478');
INSERT INTO `rbac_linked_permissions` VALUES ('196', '489');
INSERT INTO `rbac_linked_permissions` VALUES ('196', '491');
INSERT INTO `rbac_linked_permissions` VALUES ('196', '492');
INSERT INTO `rbac_linked_permissions` VALUES ('196', '493');
INSERT INTO `rbac_linked_permissions` VALUES ('196', '495');
INSERT INTO `rbac_linked_permissions` VALUES ('196', '497');
INSERT INTO `rbac_linked_permissions` VALUES ('196', '498');
INSERT INTO `rbac_linked_permissions` VALUES ('196', '499');
INSERT INTO `rbac_linked_permissions` VALUES ('196', '500');
INSERT INTO `rbac_linked_permissions` VALUES ('196', '502');
INSERT INTO `rbac_linked_permissions` VALUES ('196', '503');
INSERT INTO `rbac_linked_permissions` VALUES ('196', '505');
INSERT INTO `rbac_linked_permissions` VALUES ('196', '508');
INSERT INTO `rbac_linked_permissions` VALUES ('196', '511');
INSERT INTO `rbac_linked_permissions` VALUES ('196', '513');
INSERT INTO `rbac_linked_permissions` VALUES ('196', '514');
INSERT INTO `rbac_linked_permissions` VALUES ('196', '516');
INSERT INTO `rbac_linked_permissions` VALUES ('196', '519');
INSERT INTO `rbac_linked_permissions` VALUES ('196', '522');
INSERT INTO `rbac_linked_permissions` VALUES ('196', '523');
INSERT INTO `rbac_linked_permissions` VALUES ('196', '526');
INSERT INTO `rbac_linked_permissions` VALUES ('196', '527');
INSERT INTO `rbac_linked_permissions` VALUES ('196', '529');
INSERT INTO `rbac_linked_permissions` VALUES ('196', '530');
INSERT INTO `rbac_linked_permissions` VALUES ('196', '533');
INSERT INTO `rbac_linked_permissions` VALUES ('196', '535');
INSERT INTO `rbac_linked_permissions` VALUES ('196', '536');
INSERT INTO `rbac_linked_permissions` VALUES ('196', '537');
INSERT INTO `rbac_linked_permissions` VALUES ('196', '538');
INSERT INTO `rbac_linked_permissions` VALUES ('196', '539');
INSERT INTO `rbac_linked_permissions` VALUES ('196', '540');
INSERT INTO `rbac_linked_permissions` VALUES ('196', '541');
INSERT INTO `rbac_linked_permissions` VALUES ('196', '556');
INSERT INTO `rbac_linked_permissions` VALUES ('196', '581');
INSERT INTO `rbac_linked_permissions` VALUES ('196', '582');
INSERT INTO `rbac_linked_permissions` VALUES ('196', '592');
INSERT INTO `rbac_linked_permissions` VALUES ('196', '593');
INSERT INTO `rbac_linked_permissions` VALUES ('196', '596');
INSERT INTO `rbac_linked_permissions` VALUES ('196', '602');
INSERT INTO `rbac_linked_permissions` VALUES ('196', '603');
INSERT INTO `rbac_linked_permissions` VALUES ('196', '604');
INSERT INTO `rbac_linked_permissions` VALUES ('196', '605');
INSERT INTO `rbac_linked_permissions` VALUES ('196', '606');
INSERT INTO `rbac_linked_permissions` VALUES ('196', '607');
INSERT INTO `rbac_linked_permissions` VALUES ('196', '608');
INSERT INTO `rbac_linked_permissions` VALUES ('196', '609');
INSERT INTO `rbac_linked_permissions` VALUES ('196', '610');
INSERT INTO `rbac_linked_permissions` VALUES ('196', '611');
INSERT INTO `rbac_linked_permissions` VALUES ('196', '612');
INSERT INTO `rbac_linked_permissions` VALUES ('196', '613');
INSERT INTO `rbac_linked_permissions` VALUES ('196', '614');
INSERT INTO `rbac_linked_permissions` VALUES ('196', '615');
INSERT INTO `rbac_linked_permissions` VALUES ('196', '616');
INSERT INTO `rbac_linked_permissions` VALUES ('196', '617');
INSERT INTO `rbac_linked_permissions` VALUES ('196', '618');
INSERT INTO `rbac_linked_permissions` VALUES ('196', '619');
INSERT INTO `rbac_linked_permissions` VALUES ('196', '620');
INSERT INTO `rbac_linked_permissions` VALUES ('196', '621');
INSERT INTO `rbac_linked_permissions` VALUES ('196', '622');
INSERT INTO `rbac_linked_permissions` VALUES ('196', '623');
INSERT INTO `rbac_linked_permissions` VALUES ('196', '624');
INSERT INTO `rbac_linked_permissions` VALUES ('196', '625');
INSERT INTO `rbac_linked_permissions` VALUES ('196', '626');
INSERT INTO `rbac_linked_permissions` VALUES ('196', '627');
INSERT INTO `rbac_linked_permissions` VALUES ('196', '628');
INSERT INTO `rbac_linked_permissions` VALUES ('196', '629');
INSERT INTO `rbac_linked_permissions` VALUES ('196', '630');
INSERT INTO `rbac_linked_permissions` VALUES ('196', '631');
INSERT INTO `rbac_linked_permissions` VALUES ('196', '633');
INSERT INTO `rbac_linked_permissions` VALUES ('196', '634');
INSERT INTO `rbac_linked_permissions` VALUES ('196', '635');
INSERT INTO `rbac_linked_permissions` VALUES ('196', '636');
INSERT INTO `rbac_linked_permissions` VALUES ('196', '637');
INSERT INTO `rbac_linked_permissions` VALUES ('196', '638');
INSERT INTO `rbac_linked_permissions` VALUES ('196', '639');
INSERT INTO `rbac_linked_permissions` VALUES ('196', '640');
INSERT INTO `rbac_linked_permissions` VALUES ('196', '641');
INSERT INTO `rbac_linked_permissions` VALUES ('196', '642');
INSERT INTO `rbac_linked_permissions` VALUES ('196', '643');
INSERT INTO `rbac_linked_permissions` VALUES ('196', '644');
INSERT INTO `rbac_linked_permissions` VALUES ('196', '645');
INSERT INTO `rbac_linked_permissions` VALUES ('196', '646');
INSERT INTO `rbac_linked_permissions` VALUES ('196', '647');
INSERT INTO `rbac_linked_permissions` VALUES ('196', '648');
INSERT INTO `rbac_linked_permissions` VALUES ('196', '649');
INSERT INTO `rbac_linked_permissions` VALUES ('196', '650');
INSERT INTO `rbac_linked_permissions` VALUES ('196', '651');
INSERT INTO `rbac_linked_permissions` VALUES ('196', '652');
INSERT INTO `rbac_linked_permissions` VALUES ('196', '653');
INSERT INTO `rbac_linked_permissions` VALUES ('196', '654');
INSERT INTO `rbac_linked_permissions` VALUES ('196', '655');
INSERT INTO `rbac_linked_permissions` VALUES ('196', '656');
INSERT INTO `rbac_linked_permissions` VALUES ('196', '657');
INSERT INTO `rbac_linked_permissions` VALUES ('196', '658');
INSERT INTO `rbac_linked_permissions` VALUES ('196', '659');
INSERT INTO `rbac_linked_permissions` VALUES ('196', '660');
INSERT INTO `rbac_linked_permissions` VALUES ('196', '661');
INSERT INTO `rbac_linked_permissions` VALUES ('196', '662');
INSERT INTO `rbac_linked_permissions` VALUES ('196', '663');
INSERT INTO `rbac_linked_permissions` VALUES ('196', '664');
INSERT INTO `rbac_linked_permissions` VALUES ('196', '665');
INSERT INTO `rbac_linked_permissions` VALUES ('196', '666');
INSERT INTO `rbac_linked_permissions` VALUES ('196', '667');
INSERT INTO `rbac_linked_permissions` VALUES ('196', '668');
INSERT INTO `rbac_linked_permissions` VALUES ('196', '669');
INSERT INTO `rbac_linked_permissions` VALUES ('196', '670');
INSERT INTO `rbac_linked_permissions` VALUES ('196', '671');
INSERT INTO `rbac_linked_permissions` VALUES ('196', '672');
INSERT INTO `rbac_linked_permissions` VALUES ('196', '673');
INSERT INTO `rbac_linked_permissions` VALUES ('196', '674');
INSERT INTO `rbac_linked_permissions` VALUES ('196', '675');
INSERT INTO `rbac_linked_permissions` VALUES ('196', '676');
INSERT INTO `rbac_linked_permissions` VALUES ('196', '677');
INSERT INTO `rbac_linked_permissions` VALUES ('196', '678');
INSERT INTO `rbac_linked_permissions` VALUES ('196', '679');
INSERT INTO `rbac_linked_permissions` VALUES ('196', '680');
INSERT INTO `rbac_linked_permissions` VALUES ('196', '681');
INSERT INTO `rbac_linked_permissions` VALUES ('196', '682');
INSERT INTO `rbac_linked_permissions` VALUES ('196', '683');
INSERT INTO `rbac_linked_permissions` VALUES ('196', '684');
INSERT INTO `rbac_linked_permissions` VALUES ('196', '685');
INSERT INTO `rbac_linked_permissions` VALUES ('196', '686');
INSERT INTO `rbac_linked_permissions` VALUES ('196', '687');
INSERT INTO `rbac_linked_permissions` VALUES ('196', '688');
INSERT INTO `rbac_linked_permissions` VALUES ('196', '689');
INSERT INTO `rbac_linked_permissions` VALUES ('196', '690');
INSERT INTO `rbac_linked_permissions` VALUES ('196', '691');
INSERT INTO `rbac_linked_permissions` VALUES ('196', '692');
INSERT INTO `rbac_linked_permissions` VALUES ('196', '693');
INSERT INTO `rbac_linked_permissions` VALUES ('196', '694');
INSERT INTO `rbac_linked_permissions` VALUES ('196', '695');
INSERT INTO `rbac_linked_permissions` VALUES ('196', '696');
INSERT INTO `rbac_linked_permissions` VALUES ('196', '697');
INSERT INTO `rbac_linked_permissions` VALUES ('196', '698');
INSERT INTO `rbac_linked_permissions` VALUES ('196', '699');
INSERT INTO `rbac_linked_permissions` VALUES ('196', '700');
INSERT INTO `rbac_linked_permissions` VALUES ('196', '701');
INSERT INTO `rbac_linked_permissions` VALUES ('196', '702');
INSERT INTO `rbac_linked_permissions` VALUES ('196', '703');
INSERT INTO `rbac_linked_permissions` VALUES ('196', '704');
INSERT INTO `rbac_linked_permissions` VALUES ('196', '705');
INSERT INTO `rbac_linked_permissions` VALUES ('196', '706');
INSERT INTO `rbac_linked_permissions` VALUES ('196', '707');
INSERT INTO `rbac_linked_permissions` VALUES ('196', '708');
INSERT INTO `rbac_linked_permissions` VALUES ('196', '709');
INSERT INTO `rbac_linked_permissions` VALUES ('196', '710');
INSERT INTO `rbac_linked_permissions` VALUES ('196', '711');
INSERT INTO `rbac_linked_permissions` VALUES ('196', '712');
INSERT INTO `rbac_linked_permissions` VALUES ('196', '713');
INSERT INTO `rbac_linked_permissions` VALUES ('196', '714');
INSERT INTO `rbac_linked_permissions` VALUES ('196', '715');
INSERT INTO `rbac_linked_permissions` VALUES ('196', '716');
INSERT INTO `rbac_linked_permissions` VALUES ('196', '717');
INSERT INTO `rbac_linked_permissions` VALUES ('196', '718');
INSERT INTO `rbac_linked_permissions` VALUES ('196', '719');
INSERT INTO `rbac_linked_permissions` VALUES ('196', '721');
INSERT INTO `rbac_linked_permissions` VALUES ('196', '722');
INSERT INTO `rbac_linked_permissions` VALUES ('196', '723');
INSERT INTO `rbac_linked_permissions` VALUES ('196', '724');
INSERT INTO `rbac_linked_permissions` VALUES ('196', '725');
INSERT INTO `rbac_linked_permissions` VALUES ('196', '726');
INSERT INTO `rbac_linked_permissions` VALUES ('196', '727');
INSERT INTO `rbac_linked_permissions` VALUES ('196', '728');
INSERT INTO `rbac_linked_permissions` VALUES ('196', '729');
INSERT INTO `rbac_linked_permissions` VALUES ('196', '730');
INSERT INTO `rbac_linked_permissions` VALUES ('196', '733');
INSERT INTO `rbac_linked_permissions` VALUES ('196', '734');
INSERT INTO `rbac_linked_permissions` VALUES ('196', '735');
INSERT INTO `rbac_linked_permissions` VALUES ('196', '736');
INSERT INTO `rbac_linked_permissions` VALUES ('196', '738');
INSERT INTO `rbac_linked_permissions` VALUES ('196', '739');
INSERT INTO `rbac_linked_permissions` VALUES ('196', '748');
INSERT INTO `rbac_linked_permissions` VALUES ('196', '753');
INSERT INTO `rbac_linked_permissions` VALUES ('196', '757');
INSERT INTO `rbac_linked_permissions` VALUES ('196', '773');
INSERT INTO `rbac_linked_permissions` VALUES ('196', '777');
INSERT INTO `rbac_linked_permissions` VALUES ('196', '836');
INSERT INTO `rbac_linked_permissions` VALUES ('197', '232');
INSERT INTO `rbac_linked_permissions` VALUES ('197', '236');
INSERT INTO `rbac_linked_permissions` VALUES ('197', '237');
INSERT INTO `rbac_linked_permissions` VALUES ('197', '273');
INSERT INTO `rbac_linked_permissions` VALUES ('197', '274');
INSERT INTO `rbac_linked_permissions` VALUES ('197', '275');
INSERT INTO `rbac_linked_permissions` VALUES ('197', '276');
INSERT INTO `rbac_linked_permissions` VALUES ('197', '277');
INSERT INTO `rbac_linked_permissions` VALUES ('197', '284');
INSERT INTO `rbac_linked_permissions` VALUES ('197', '285');
INSERT INTO `rbac_linked_permissions` VALUES ('197', '286');
INSERT INTO `rbac_linked_permissions` VALUES ('197', '301');
INSERT INTO `rbac_linked_permissions` VALUES ('197', '311');
INSERT INTO `rbac_linked_permissions` VALUES ('197', '387');
INSERT INTO `rbac_linked_permissions` VALUES ('197', '388');
INSERT INTO `rbac_linked_permissions` VALUES ('197', '389');
INSERT INTO `rbac_linked_permissions` VALUES ('197', '390');
INSERT INTO `rbac_linked_permissions` VALUES ('197', '391');
INSERT INTO `rbac_linked_permissions` VALUES ('197', '392');
INSERT INTO `rbac_linked_permissions` VALUES ('197', '393');
INSERT INTO `rbac_linked_permissions` VALUES ('197', '394');
INSERT INTO `rbac_linked_permissions` VALUES ('197', '395');
INSERT INTO `rbac_linked_permissions` VALUES ('197', '396');
INSERT INTO `rbac_linked_permissions` VALUES ('197', '397');
INSERT INTO `rbac_linked_permissions` VALUES ('197', '398');
INSERT INTO `rbac_linked_permissions` VALUES ('197', '399');
INSERT INTO `rbac_linked_permissions` VALUES ('197', '479');
INSERT INTO `rbac_linked_permissions` VALUES ('197', '480');
INSERT INTO `rbac_linked_permissions` VALUES ('197', '481');
INSERT INTO `rbac_linked_permissions` VALUES ('197', '482');
INSERT INTO `rbac_linked_permissions` VALUES ('197', '485');
INSERT INTO `rbac_linked_permissions` VALUES ('197', '486');
INSERT INTO `rbac_linked_permissions` VALUES ('197', '487');
INSERT INTO `rbac_linked_permissions` VALUES ('197', '494');
INSERT INTO `rbac_linked_permissions` VALUES ('197', '506');
INSERT INTO `rbac_linked_permissions` VALUES ('197', '509');
INSERT INTO `rbac_linked_permissions` VALUES ('197', '510');
INSERT INTO `rbac_linked_permissions` VALUES ('197', '517');
INSERT INTO `rbac_linked_permissions` VALUES ('197', '518');
INSERT INTO `rbac_linked_permissions` VALUES ('197', '521');
INSERT INTO `rbac_linked_permissions` VALUES ('197', '542');
INSERT INTO `rbac_linked_permissions` VALUES ('197', '543');
INSERT INTO `rbac_linked_permissions` VALUES ('197', '550');
INSERT INTO `rbac_linked_permissions` VALUES ('197', '558');
INSERT INTO `rbac_linked_permissions` VALUES ('197', '568');
INSERT INTO `rbac_linked_permissions` VALUES ('197', '571');
INSERT INTO `rbac_linked_permissions` VALUES ('197', '572');
INSERT INTO `rbac_linked_permissions` VALUES ('197', '573');
INSERT INTO `rbac_linked_permissions` VALUES ('197', '574');
INSERT INTO `rbac_linked_permissions` VALUES ('197', '575');
INSERT INTO `rbac_linked_permissions` VALUES ('197', '576');
INSERT INTO `rbac_linked_permissions` VALUES ('197', '577');
INSERT INTO `rbac_linked_permissions` VALUES ('197', '578');
INSERT INTO `rbac_linked_permissions` VALUES ('197', '579');
INSERT INTO `rbac_linked_permissions` VALUES ('197', '580');
INSERT INTO `rbac_linked_permissions` VALUES ('197', '583');
INSERT INTO `rbac_linked_permissions` VALUES ('197', '584');
INSERT INTO `rbac_linked_permissions` VALUES ('197', '585');
INSERT INTO `rbac_linked_permissions` VALUES ('197', '586');
INSERT INTO `rbac_linked_permissions` VALUES ('197', '587');
INSERT INTO `rbac_linked_permissions` VALUES ('197', '588');
INSERT INTO `rbac_linked_permissions` VALUES ('197', '589');
INSERT INTO `rbac_linked_permissions` VALUES ('197', '590');
INSERT INTO `rbac_linked_permissions` VALUES ('197', '591');
INSERT INTO `rbac_linked_permissions` VALUES ('197', '594');
INSERT INTO `rbac_linked_permissions` VALUES ('197', '595');
INSERT INTO `rbac_linked_permissions` VALUES ('197', '601');
INSERT INTO `rbac_linked_permissions` VALUES ('197', '743');
INSERT INTO `rbac_linked_permissions` VALUES ('197', '750');
INSERT INTO `rbac_linked_permissions` VALUES ('197', '758');
INSERT INTO `rbac_linked_permissions` VALUES ('197', '761');
INSERT INTO `rbac_linked_permissions` VALUES ('197', '762');
INSERT INTO `rbac_linked_permissions` VALUES ('197', '763');
INSERT INTO `rbac_linked_permissions` VALUES ('197', '764');
INSERT INTO `rbac_linked_permissions` VALUES ('197', '765');
INSERT INTO `rbac_linked_permissions` VALUES ('197', '766');
INSERT INTO `rbac_linked_permissions` VALUES ('197', '767');
INSERT INTO `rbac_linked_permissions` VALUES ('197', '768');
INSERT INTO `rbac_linked_permissions` VALUES ('197', '769');
INSERT INTO `rbac_linked_permissions` VALUES ('197', '770');
INSERT INTO `rbac_linked_permissions` VALUES ('197', '771');
INSERT INTO `rbac_linked_permissions` VALUES ('197', '772');
INSERT INTO `rbac_linked_permissions` VALUES ('197', '774');
INSERT INTO `rbac_linked_permissions` VALUES ('198', '218');
INSERT INTO `rbac_linked_permissions` VALUES ('198', '300');
INSERT INTO `rbac_linked_permissions` VALUES ('198', '312');
INSERT INTO `rbac_linked_permissions` VALUES ('198', '315');
INSERT INTO `rbac_linked_permissions` VALUES ('198', '316');
INSERT INTO `rbac_linked_permissions` VALUES ('198', '317');
INSERT INTO `rbac_linked_permissions` VALUES ('198', '318');
INSERT INTO `rbac_linked_permissions` VALUES ('198', '367');
INSERT INTO `rbac_linked_permissions` VALUES ('198', '368');
INSERT INTO `rbac_linked_permissions` VALUES ('198', '369');
INSERT INTO `rbac_linked_permissions` VALUES ('198', '370');
INSERT INTO `rbac_linked_permissions` VALUES ('198', '371');
INSERT INTO `rbac_linked_permissions` VALUES ('198', '372');
INSERT INTO `rbac_linked_permissions` VALUES ('198', '374');
INSERT INTO `rbac_linked_permissions` VALUES ('198', '376');
INSERT INTO `rbac_linked_permissions` VALUES ('198', '377');
INSERT INTO `rbac_linked_permissions` VALUES ('198', '378');
INSERT INTO `rbac_linked_permissions` VALUES ('198', '379');
INSERT INTO `rbac_linked_permissions` VALUES ('198', '380');
INSERT INTO `rbac_linked_permissions` VALUES ('198', '381');
INSERT INTO `rbac_linked_permissions` VALUES ('198', '382');
INSERT INTO `rbac_linked_permissions` VALUES ('198', '383');
INSERT INTO `rbac_linked_permissions` VALUES ('198', '384');
INSERT INTO `rbac_linked_permissions` VALUES ('198', '385');
INSERT INTO `rbac_linked_permissions` VALUES ('198', '386');
INSERT INTO `rbac_linked_permissions` VALUES ('198', '408');
INSERT INTO `rbac_linked_permissions` VALUES ('198', '409');
INSERT INTO `rbac_linked_permissions` VALUES ('198', '410');
INSERT INTO `rbac_linked_permissions` VALUES ('198', '411');
INSERT INTO `rbac_linked_permissions` VALUES ('198', '412');
INSERT INTO `rbac_linked_permissions` VALUES ('198', '413');
INSERT INTO `rbac_linked_permissions` VALUES ('198', '414');
INSERT INTO `rbac_linked_permissions` VALUES ('198', '415');
INSERT INTO `rbac_linked_permissions` VALUES ('198', '416');
INSERT INTO `rbac_linked_permissions` VALUES ('198', '430');
INSERT INTO `rbac_linked_permissions` VALUES ('198', '431');
INSERT INTO `rbac_linked_permissions` VALUES ('198', '432');
INSERT INTO `rbac_linked_permissions` VALUES ('198', '433');
INSERT INTO `rbac_linked_permissions` VALUES ('198', '466');
INSERT INTO `rbac_linked_permissions` VALUES ('198', '467');
INSERT INTO `rbac_linked_permissions` VALUES ('198', '468');
INSERT INTO `rbac_linked_permissions` VALUES ('198', '469');
INSERT INTO `rbac_linked_permissions` VALUES ('198', '470');
INSERT INTO `rbac_linked_permissions` VALUES ('198', '471');
INSERT INTO `rbac_linked_permissions` VALUES ('198', '483');
INSERT INTO `rbac_linked_permissions` VALUES ('198', '484');
INSERT INTO `rbac_linked_permissions` VALUES ('198', '490');
INSERT INTO `rbac_linked_permissions` VALUES ('198', '504');
INSERT INTO `rbac_linked_permissions` VALUES ('198', '512');
INSERT INTO `rbac_linked_permissions` VALUES ('198', '515');
INSERT INTO `rbac_linked_permissions` VALUES ('198', '520');
INSERT INTO `rbac_linked_permissions` VALUES ('198', '524');
INSERT INTO `rbac_linked_permissions` VALUES ('198', '528');
INSERT INTO `rbac_linked_permissions` VALUES ('198', '531');
INSERT INTO `rbac_linked_permissions` VALUES ('198', '532');
INSERT INTO `rbac_linked_permissions` VALUES ('198', '544');
INSERT INTO `rbac_linked_permissions` VALUES ('198', '545');
INSERT INTO `rbac_linked_permissions` VALUES ('198', '546');
INSERT INTO `rbac_linked_permissions` VALUES ('198', '547');
INSERT INTO `rbac_linked_permissions` VALUES ('198', '548');
INSERT INTO `rbac_linked_permissions` VALUES ('198', '549');
INSERT INTO `rbac_linked_permissions` VALUES ('198', '551');
INSERT INTO `rbac_linked_permissions` VALUES ('198', '552');
INSERT INTO `rbac_linked_permissions` VALUES ('198', '553');
INSERT INTO `rbac_linked_permissions` VALUES ('198', '554');
INSERT INTO `rbac_linked_permissions` VALUES ('198', '555');
INSERT INTO `rbac_linked_permissions` VALUES ('198', '557');
INSERT INTO `rbac_linked_permissions` VALUES ('198', '559');
INSERT INTO `rbac_linked_permissions` VALUES ('198', '560');
INSERT INTO `rbac_linked_permissions` VALUES ('198', '561');
INSERT INTO `rbac_linked_permissions` VALUES ('198', '562');
INSERT INTO `rbac_linked_permissions` VALUES ('198', '563');
INSERT INTO `rbac_linked_permissions` VALUES ('198', '564');
INSERT INTO `rbac_linked_permissions` VALUES ('198', '565');
INSERT INTO `rbac_linked_permissions` VALUES ('198', '566');
INSERT INTO `rbac_linked_permissions` VALUES ('198', '567');
INSERT INTO `rbac_linked_permissions` VALUES ('198', '569');
INSERT INTO `rbac_linked_permissions` VALUES ('198', '570');
INSERT INTO `rbac_linked_permissions` VALUES ('198', '597');
INSERT INTO `rbac_linked_permissions` VALUES ('198', '598');
INSERT INTO `rbac_linked_permissions` VALUES ('198', '599');
INSERT INTO `rbac_linked_permissions` VALUES ('198', '600');
INSERT INTO `rbac_linked_permissions` VALUES ('198', '737');
INSERT INTO `rbac_linked_permissions` VALUES ('198', '740');
INSERT INTO `rbac_linked_permissions` VALUES ('198', '741');
INSERT INTO `rbac_linked_permissions` VALUES ('198', '742');
INSERT INTO `rbac_linked_permissions` VALUES ('198', '744');
INSERT INTO `rbac_linked_permissions` VALUES ('198', '745');
INSERT INTO `rbac_linked_permissions` VALUES ('198', '746');
INSERT INTO `rbac_linked_permissions` VALUES ('198', '747');
INSERT INTO `rbac_linked_permissions` VALUES ('198', '749');
INSERT INTO `rbac_linked_permissions` VALUES ('198', '751');
INSERT INTO `rbac_linked_permissions` VALUES ('198', '752');
INSERT INTO `rbac_linked_permissions` VALUES ('198', '754');
INSERT INTO `rbac_linked_permissions` VALUES ('198', '755');
INSERT INTO `rbac_linked_permissions` VALUES ('198', '756');
INSERT INTO `rbac_linked_permissions` VALUES ('198', '759');
INSERT INTO `rbac_linked_permissions` VALUES ('198', '760');
INSERT INTO `rbac_linked_permissions` VALUES ('199', '217');
INSERT INTO `rbac_linked_permissions` VALUES ('199', '221');
INSERT INTO `rbac_linked_permissions` VALUES ('199', '222');
INSERT INTO `rbac_linked_permissions` VALUES ('199', '223');
INSERT INTO `rbac_linked_permissions` VALUES ('199', '225');
INSERT INTO `rbac_linked_permissions` VALUES ('199', '263');
INSERT INTO `rbac_linked_permissions` VALUES ('199', '496');
INSERT INTO `rbac_linked_permissions` VALUES ('199', '501');
INSERT INTO `rbac_linked_permissions` VALUES ('199', '507');
INSERT INTO `rbac_linked_permissions` VALUES ('199', '525');
INSERT INTO `rbac_linked_permissions` VALUES ('199', '534');
INSERT INTO `rbac_linked_permissions` VALUES ('576', '192');

-- ----------------------------
-- Table structure for rbac_permissions
-- ----------------------------
DROP TABLE IF EXISTS `rbac_permissions`;
CREATE TABLE `rbac_permissions` (
  `id` int(10) unsigned NOT NULL DEFAULT '0' COMMENT 'Permission id',
  `name` varchar(100) NOT NULL COMMENT 'Permission name',
  PRIMARY KEY (`id`)
) ENGINE=InnoDB DEFAULT CHARSET=utf8 COMMENT='Permission List';

-- ----------------------------
-- Records of rbac_permissions
-- ----------------------------
INSERT INTO `rbac_permissions` VALUES ('1', 'Instant logout');
INSERT INTO `rbac_permissions` VALUES ('2', 'Skip Queue');
INSERT INTO `rbac_permissions` VALUES ('3', 'Join Normal Battleground');
INSERT INTO `rbac_permissions` VALUES ('4', 'Join Random Battleground');
INSERT INTO `rbac_permissions` VALUES ('5', 'Join Arenas');
INSERT INTO `rbac_permissions` VALUES ('6', 'Join Dungeon Finder');
INSERT INTO `rbac_permissions` VALUES ('11', 'Log GM trades');
INSERT INTO `rbac_permissions` VALUES ('13', 'Skip Instance required bosses check');
INSERT INTO `rbac_permissions` VALUES ('14', 'Skip character creation team mask check');
INSERT INTO `rbac_permissions` VALUES ('15', 'Skip character creation class mask check');
INSERT INTO `rbac_permissions` VALUES ('16', 'Skip character creation race mask check');
INSERT INTO `rbac_permissions` VALUES ('17', 'Skip character creation reserved name check');
INSERT INTO `rbac_permissions` VALUES ('18', 'Skip character creation heroic min level check');
INSERT INTO `rbac_permissions` VALUES ('19', 'Skip needed requirements to use channel check');
INSERT INTO `rbac_permissions` VALUES ('20', 'Skip disable map check');
INSERT INTO `rbac_permissions` VALUES ('21', 'Skip reset talents when used more than allowed check');
INSERT INTO `rbac_permissions` VALUES ('22', 'Skip spam chat check');
INSERT INTO `rbac_permissions` VALUES ('23', 'Skip over-speed ping check');
INSERT INTO `rbac_permissions` VALUES ('24', 'Two side faction characters on the same account');
INSERT INTO `rbac_permissions` VALUES ('25', 'Allow say chat between factions');
INSERT INTO `rbac_permissions` VALUES ('26', 'Allow channel chat between factions');
INSERT INTO `rbac_permissions` VALUES ('27', 'Two side mail interaction');
INSERT INTO `rbac_permissions` VALUES ('28', 'See two side who list');
INSERT INTO `rbac_permissions` VALUES ('29', 'Add friends of other faction');
INSERT INTO `rbac_permissions` VALUES ('30', 'Save character without delay with .save command');
INSERT INTO `rbac_permissions` VALUES ('31', 'Use params with .unstuck command');
INSERT INTO `rbac_permissions` VALUES ('32', 'Can be assigned tickets with .assign ticket command');
INSERT INTO `rbac_permissions` VALUES ('33', 'Notify if a command was not found');
INSERT INTO `rbac_permissions` VALUES ('34', 'Check if should appear in list using .gm ingame command');
INSERT INTO `rbac_permissions` VALUES ('35', 'See all security levels with who command');
INSERT INTO `rbac_permissions` VALUES ('36', 'Filter whispers');
INSERT INTO `rbac_permissions` VALUES ('37', 'Use staff badge in chat');
INSERT INTO `rbac_permissions` VALUES ('38', 'Resurrect with full Health Points');
INSERT INTO `rbac_permissions` VALUES ('39', 'Restore saved gm setting states');
INSERT INTO `rbac_permissions` VALUES ('40', 'Allows to add a gm to friend list');
INSERT INTO `rbac_permissions` VALUES ('41', 'Use Config option START_GM_LEVEL to assign new character level');
INSERT INTO `rbac_permissions` VALUES ('42', 'Allows to use CMSG_WORLD_TELEPORT opcode');
INSERT INTO `rbac_permissions` VALUES ('43', 'Allows to use CMSG_WHOIS opcode');
INSERT INTO `rbac_permissions` VALUES ('44', 'Receive global GM messages/texts');
INSERT INTO `rbac_permissions` VALUES ('45', 'Join channels without announce');
INSERT INTO `rbac_permissions` VALUES ('46', 'Change channel settings without being channel moderator');
INSERT INTO `rbac_permissions` VALUES ('47', 'Enables lower security than target check');
INSERT INTO `rbac_permissions` VALUES ('48', 'Enable IP, Last Login and EMail output in pinfo');
INSERT INTO `rbac_permissions` VALUES ('49', 'Forces to enter the email for confirmation on password change');
INSERT INTO `rbac_permissions` VALUES ('50', 'Allow user to check his own email with .account');
INSERT INTO `rbac_permissions` VALUES ('51', 'Allow trading between factions');
INSERT INTO `rbac_permissions` VALUES ('188', 'Moderador GM all');
INSERT INTO `rbac_permissions` VALUES ('189', 'VIP');
INSERT INTO `rbac_permissions` VALUES ('190', 'Role: Sec Level Player Pruebas');
INSERT INTO `rbac_permissions` VALUES ('191', 'Role: Sec Level Administrator ++');
INSERT INTO `rbac_permissions` VALUES ('192', 'Role: Sec Level Administrator');
INSERT INTO `rbac_permissions` VALUES ('193', 'Role: Sec Level Gamemaster');
INSERT INTO `rbac_permissions` VALUES ('194', 'Role: Sec Level Moderator');
INSERT INTO `rbac_permissions` VALUES ('195', 'Role: Sec Level Player');
INSERT INTO `rbac_permissions` VALUES ('196', 'Role: Administrator Commands');
INSERT INTO `rbac_permissions` VALUES ('197', 'Role: Gamemaster Commands');
INSERT INTO `rbac_permissions` VALUES ('198', 'Role: Moderator Commands');
INSERT INTO `rbac_permissions` VALUES ('199', 'Role: Player Commands');
INSERT INTO `rbac_permissions` VALUES ('200', 'Command: rbac');
INSERT INTO `rbac_permissions` VALUES ('201', 'Command: rbac account');
INSERT INTO `rbac_permissions` VALUES ('202', 'Command: rbac account list');
INSERT INTO `rbac_permissions` VALUES ('203', 'Command: rbac account grant');
INSERT INTO `rbac_permissions` VALUES ('204', 'Command: rbac account deny');
INSERT INTO `rbac_permissions` VALUES ('205', 'Command: rbac account revoke');
INSERT INTO `rbac_permissions` VALUES ('206', 'Command: rbac list');
INSERT INTO `rbac_permissions` VALUES ('217', 'Command: account');
INSERT INTO `rbac_permissions` VALUES ('218', 'Command: account addon');
INSERT INTO `rbac_permissions` VALUES ('219', 'Command: account create');
INSERT INTO `rbac_permissions` VALUES ('220', 'Command: account delete');
INSERT INTO `rbac_permissions` VALUES ('221', 'Command: account lock');
INSERT INTO `rbac_permissions` VALUES ('222', 'Command: account lock country');
INSERT INTO `rbac_permissions` VALUES ('223', 'Command: account lock ip');
INSERT INTO `rbac_permissions` VALUES ('224', 'Command: account onlinelist');
INSERT INTO `rbac_permissions` VALUES ('225', 'Command: account password');
INSERT INTO `rbac_permissions` VALUES ('226', 'Command: account set');
INSERT INTO `rbac_permissions` VALUES ('227', 'Command: account set addon');
INSERT INTO `rbac_permissions` VALUES ('228', 'Command: account set gmlevel');
INSERT INTO `rbac_permissions` VALUES ('229', 'Command: account set password');
INSERT INTO `rbac_permissions` VALUES ('230', 'Command: achievement');
INSERT INTO `rbac_permissions` VALUES ('231', 'Command: achievement add');
INSERT INTO `rbac_permissions` VALUES ('232', 'Command: arena');
INSERT INTO `rbac_permissions` VALUES ('233', 'Command: arena captain');
INSERT INTO `rbac_permissions` VALUES ('234', 'Command: arena create');
INSERT INTO `rbac_permissions` VALUES ('235', 'Command: arena disband');
INSERT INTO `rbac_permissions` VALUES ('236', 'Command: arena info');
INSERT INTO `rbac_permissions` VALUES ('237', 'Command: arena lookup');
INSERT INTO `rbac_permissions` VALUES ('238', 'Command: arena rename');
INSERT INTO `rbac_permissions` VALUES ('239', 'Command: ban');
INSERT INTO `rbac_permissions` VALUES ('240', 'Command: ban account');
INSERT INTO `rbac_permissions` VALUES ('241', 'Command: ban character');
INSERT INTO `rbac_permissions` VALUES ('242', 'Command: ban ip');
INSERT INTO `rbac_permissions` VALUES ('243', 'Command: ban playeraccount');
INSERT INTO `rbac_permissions` VALUES ('244', 'Command: baninfo');
INSERT INTO `rbac_permissions` VALUES ('245', 'Command: baninfo account');
INSERT INTO `rbac_permissions` VALUES ('246', 'Command: baninfo character');
INSERT INTO `rbac_permissions` VALUES ('247', 'Command: baninfo ip');
INSERT INTO `rbac_permissions` VALUES ('248', 'Command: banlist');
INSERT INTO `rbac_permissions` VALUES ('249', 'Command: banlist account');
INSERT INTO `rbac_permissions` VALUES ('250', 'Command: banlist character');
INSERT INTO `rbac_permissions` VALUES ('251', 'Command: banlist ip');
INSERT INTO `rbac_permissions` VALUES ('252', 'Command: unban');
INSERT INTO `rbac_permissions` VALUES ('253', 'Command: unban account');
INSERT INTO `rbac_permissions` VALUES ('254', 'Command: unban character');
INSERT INTO `rbac_permissions` VALUES ('255', 'Command: unban ip');
INSERT INTO `rbac_permissions` VALUES ('256', 'Command: unban playeraccount');
INSERT INTO `rbac_permissions` VALUES ('257', 'Command: bf');
INSERT INTO `rbac_permissions` VALUES ('258', 'Command: bf start');
INSERT INTO `rbac_permissions` VALUES ('259', 'Command: bf stop');
INSERT INTO `rbac_permissions` VALUES ('260', 'Command: bf switch');
INSERT INTO `rbac_permissions` VALUES ('261', 'Command: bf timer');
INSERT INTO `rbac_permissions` VALUES ('262', 'Command: bf enable');
INSERT INTO `rbac_permissions` VALUES ('263', 'Command: account email');
INSERT INTO `rbac_permissions` VALUES ('264', 'Command: account set sec');
INSERT INTO `rbac_permissions` VALUES ('265', 'Command: account set sec email');
INSERT INTO `rbac_permissions` VALUES ('266', 'Command: account set sec regmail');
INSERT INTO `rbac_permissions` VALUES ('267', 'Command: cast');
INSERT INTO `rbac_permissions` VALUES ('268', 'Command: cast back');
INSERT INTO `rbac_permissions` VALUES ('269', 'Command: cast dist');
INSERT INTO `rbac_permissions` VALUES ('270', 'Command: cast self');
INSERT INTO `rbac_permissions` VALUES ('271', 'Command: cast target');
INSERT INTO `rbac_permissions` VALUES ('272', 'Command: cast dest');
INSERT INTO `rbac_permissions` VALUES ('273', 'Command: character');
INSERT INTO `rbac_permissions` VALUES ('274', 'Command: character customize');
INSERT INTO `rbac_permissions` VALUES ('275', 'Command: character changefaction');
INSERT INTO `rbac_permissions` VALUES ('276', 'Command: character changerace');
INSERT INTO `rbac_permissions` VALUES ('277', 'Command: character deleted');
INSERT INTO `rbac_permissions` VALUES ('279', 'Command: character deleted list');
INSERT INTO `rbac_permissions` VALUES ('280', 'Command: character deleted restore');
INSERT INTO `rbac_permissions` VALUES ('283', 'Command: character level');
INSERT INTO `rbac_permissions` VALUES ('284', 'Command: character rename');
INSERT INTO `rbac_permissions` VALUES ('285', 'Command: character reputation');
INSERT INTO `rbac_permissions` VALUES ('286', 'Command: character titles');
INSERT INTO `rbac_permissions` VALUES ('287', 'Command: levelup');
INSERT INTO `rbac_permissions` VALUES ('288', 'Command: pdump');
INSERT INTO `rbac_permissions` VALUES ('289', 'Command: pdump load');
INSERT INTO `rbac_permissions` VALUES ('290', 'Command: pdump write');
INSERT INTO `rbac_permissions` VALUES ('291', 'Command: cheat');
INSERT INTO `rbac_permissions` VALUES ('292', 'Command: cheat casttime');
INSERT INTO `rbac_permissions` VALUES ('293', 'Command: cheat cooldown');
INSERT INTO `rbac_permissions` VALUES ('294', 'Command: cheat explore');
INSERT INTO `rbac_permissions` VALUES ('295', 'Command: cheat god');
INSERT INTO `rbac_permissions` VALUES ('296', 'Command: cheat power');
INSERT INTO `rbac_permissions` VALUES ('297', 'Command: cheat status');
INSERT INTO `rbac_permissions` VALUES ('298', 'Command: cheat taxi');
INSERT INTO `rbac_permissions` VALUES ('299', 'Command: cheat waterwalk');
INSERT INTO `rbac_permissions` VALUES ('300', 'Command: debug');
INSERT INTO `rbac_permissions` VALUES ('301', 'Command: debug anim');
INSERT INTO `rbac_permissions` VALUES ('302', 'Command: debug areatriggers');
INSERT INTO `rbac_permissions` VALUES ('303', 'Command: debug arena');
INSERT INTO `rbac_permissions` VALUES ('304', 'Command: debug bg');
INSERT INTO `rbac_permissions` VALUES ('305', 'Command: debug entervehicle');
INSERT INTO `rbac_permissions` VALUES ('306', 'Command: debug getitemstate');
INSERT INTO `rbac_permissions` VALUES ('307', 'Command: debug getitemvalue');
INSERT INTO `rbac_permissions` VALUES ('308', 'Command: debug getvalue');
INSERT INTO `rbac_permissions` VALUES ('309', 'Command: debug hostil');
INSERT INTO `rbac_permissions` VALUES ('310', 'Command: debug itemexpire');
INSERT INTO `rbac_permissions` VALUES ('311', 'Command: debug lootrecipient');
INSERT INTO `rbac_permissions` VALUES ('312', 'Command: debug los');
INSERT INTO `rbac_permissions` VALUES ('313', 'Command: debug mod32value');
INSERT INTO `rbac_permissions` VALUES ('314', 'Command: debug moveflags');
INSERT INTO `rbac_permissions` VALUES ('315', 'Command: debug play');
INSERT INTO `rbac_permissions` VALUES ('316', 'Command: debug play cinematics');
INSERT INTO `rbac_permissions` VALUES ('317', 'Command: debug play movie');
INSERT INTO `rbac_permissions` VALUES ('318', 'Command: debug play sound');
INSERT INTO `rbac_permissions` VALUES ('319', 'Command: debug send');
INSERT INTO `rbac_permissions` VALUES ('320', 'Command: debug send buyerror');
INSERT INTO `rbac_permissions` VALUES ('321', 'Command: debug send channelnotify');
INSERT INTO `rbac_permissions` VALUES ('322', 'Command: debug send chatmessage');
INSERT INTO `rbac_permissions` VALUES ('323', 'Command: debug send equiperror');
INSERT INTO `rbac_permissions` VALUES ('324', 'Command: debug send largepacket');
INSERT INTO `rbac_permissions` VALUES ('325', 'Command: debug send opcode');
INSERT INTO `rbac_permissions` VALUES ('326', 'Command: debug send qinvalidmsg');
INSERT INTO `rbac_permissions` VALUES ('327', 'Command: debug send qpartymsg');
INSERT INTO `rbac_permissions` VALUES ('328', 'Command: debug send sellerror');
INSERT INTO `rbac_permissions` VALUES ('329', 'Command: debug send setphaseshift');
INSERT INTO `rbac_permissions` VALUES ('330', 'Command: debug send spellfail');
INSERT INTO `rbac_permissions` VALUES ('331', 'Command: debug setaurastate');
INSERT INTO `rbac_permissions` VALUES ('332', 'Command: debug setbit');
INSERT INTO `rbac_permissions` VALUES ('333', 'Command: debug setitemvalue');
INSERT INTO `rbac_permissions` VALUES ('334', 'Command: debug setvalue');
INSERT INTO `rbac_permissions` VALUES ('335', 'Command: debug setvid');
INSERT INTO `rbac_permissions` VALUES ('336', 'Command: debug spawnvehicle');
INSERT INTO `rbac_permissions` VALUES ('337', 'Command: debug threat');
INSERT INTO `rbac_permissions` VALUES ('338', 'Command: debug update');
INSERT INTO `rbac_permissions` VALUES ('339', 'Command: debug uws');
INSERT INTO `rbac_permissions` VALUES ('340', 'Command: wpgps');
INSERT INTO `rbac_permissions` VALUES ('341', 'Command: deserter');
INSERT INTO `rbac_permissions` VALUES ('342', 'Command: deserter bg');
INSERT INTO `rbac_permissions` VALUES ('343', 'Command: deserter bg add');
INSERT INTO `rbac_permissions` VALUES ('344', 'Command: deserter bg remove');
INSERT INTO `rbac_permissions` VALUES ('345', 'Command: deserter instance');
INSERT INTO `rbac_permissions` VALUES ('346', 'Command: deserter instance add');
INSERT INTO `rbac_permissions` VALUES ('347', 'Command: deserter instance remove');
INSERT INTO `rbac_permissions` VALUES ('348', 'Command: disable');
INSERT INTO `rbac_permissions` VALUES ('349', 'Command: disable add');
INSERT INTO `rbac_permissions` VALUES ('350', 'Command: disable add achievement_criteria');
INSERT INTO `rbac_permissions` VALUES ('351', 'Command: disable add battleground');
INSERT INTO `rbac_permissions` VALUES ('352', 'Command: disable add map');
INSERT INTO `rbac_permissions` VALUES ('353', 'Command: disable add mmap');
INSERT INTO `rbac_permissions` VALUES ('354', 'Command: disable add outdoorpvp');
INSERT INTO `rbac_permissions` VALUES ('355', 'Command: disable add quest');
INSERT INTO `rbac_permissions` VALUES ('356', 'Command: disable add spell');
INSERT INTO `rbac_permissions` VALUES ('357', 'Command: disable add vmap');
INSERT INTO `rbac_permissions` VALUES ('358', 'Command: disable remove');
INSERT INTO `rbac_permissions` VALUES ('359', 'Command: disable remove achievement_criteria');
INSERT INTO `rbac_permissions` VALUES ('360', 'Command: disable remove battleground');
INSERT INTO `rbac_permissions` VALUES ('361', 'Command: disable remove map');
INSERT INTO `rbac_permissions` VALUES ('362', 'Command: disable remove mmap');
INSERT INTO `rbac_permissions` VALUES ('363', 'Command: disable remove outdoorpvp');
INSERT INTO `rbac_permissions` VALUES ('364', 'Command: disable remove quest');
INSERT INTO `rbac_permissions` VALUES ('365', 'Command: disable remove spell');
INSERT INTO `rbac_permissions` VALUES ('366', 'Command: disable remove vmap');
INSERT INTO `rbac_permissions` VALUES ('367', 'Command: event');
INSERT INTO `rbac_permissions` VALUES ('368', 'Command: event activelist');
INSERT INTO `rbac_permissions` VALUES ('369', 'Command: event start');
INSERT INTO `rbac_permissions` VALUES ('370', 'Command: event stop');
INSERT INTO `rbac_permissions` VALUES ('371', 'Command: gm');
INSERT INTO `rbac_permissions` VALUES ('372', 'Command: gm chat');
INSERT INTO `rbac_permissions` VALUES ('373', 'Command: gm fly');
INSERT INTO `rbac_permissions` VALUES ('374', 'Command: gm ingame');
INSERT INTO `rbac_permissions` VALUES ('375', 'Command: gm list');
INSERT INTO `rbac_permissions` VALUES ('376', 'Command: gm visible');
INSERT INTO `rbac_permissions` VALUES ('377', 'Command: go');
INSERT INTO `rbac_permissions` VALUES ('378', 'Command: go creature');
INSERT INTO `rbac_permissions` VALUES ('379', 'Command: go graveyard');
INSERT INTO `rbac_permissions` VALUES ('380', 'Command: go grid');
INSERT INTO `rbac_permissions` VALUES ('381', 'Command: go object');
INSERT INTO `rbac_permissions` VALUES ('382', 'Command: go taxinode');
INSERT INTO `rbac_permissions` VALUES ('383', 'Command: go ticket');
INSERT INTO `rbac_permissions` VALUES ('384', 'Command: go trigger');
INSERT INTO `rbac_permissions` VALUES ('385', 'Command: go xyz');
INSERT INTO `rbac_permissions` VALUES ('386', 'Command: go zonexy');
INSERT INTO `rbac_permissions` VALUES ('387', 'Command: gobject');
INSERT INTO `rbac_permissions` VALUES ('388', 'Command: gobject activate');
INSERT INTO `rbac_permissions` VALUES ('389', 'Command: gobject add');
INSERT INTO `rbac_permissions` VALUES ('390', 'Command: gobject add temp');
INSERT INTO `rbac_permissions` VALUES ('391', 'Command: gobject delete');
INSERT INTO `rbac_permissions` VALUES ('392', 'Command: gobject info');
INSERT INTO `rbac_permissions` VALUES ('393', 'Command: gobject move');
INSERT INTO `rbac_permissions` VALUES ('394', 'Command: gobject near');
INSERT INTO `rbac_permissions` VALUES ('395', 'Command: gobject set');
INSERT INTO `rbac_permissions` VALUES ('396', 'Command: gobject set phase');
INSERT INTO `rbac_permissions` VALUES ('397', 'Command: gobject set state');
INSERT INTO `rbac_permissions` VALUES ('398', 'Command: gobject target');
INSERT INTO `rbac_permissions` VALUES ('399', 'Command: gobject turn');
INSERT INTO `rbac_permissions` VALUES ('400', 'debug transport');
INSERT INTO `rbac_permissions` VALUES ('401', 'Command: guild');
INSERT INTO `rbac_permissions` VALUES ('402', 'Command: guild create');
INSERT INTO `rbac_permissions` VALUES ('403', 'Command: guild delete');
INSERT INTO `rbac_permissions` VALUES ('404', 'Command: guild invite');
INSERT INTO `rbac_permissions` VALUES ('405', 'Command: guild uninvite');
INSERT INTO `rbac_permissions` VALUES ('406', 'Command: guild rank');
INSERT INTO `rbac_permissions` VALUES ('407', 'Command: guild rename');
INSERT INTO `rbac_permissions` VALUES ('408', 'Command: honor');
INSERT INTO `rbac_permissions` VALUES ('409', 'Command: honor add');
INSERT INTO `rbac_permissions` VALUES ('410', 'Command: honor add kill');
INSERT INTO `rbac_permissions` VALUES ('411', 'Command: honor update');
INSERT INTO `rbac_permissions` VALUES ('412', 'Command: instance');
INSERT INTO `rbac_permissions` VALUES ('413', 'Command: instance listbinds');
INSERT INTO `rbac_permissions` VALUES ('414', 'Command: instance unbind');
INSERT INTO `rbac_permissions` VALUES ('415', 'Command: instance stats');
INSERT INTO `rbac_permissions` VALUES ('416', 'Command: instance savedata');
INSERT INTO `rbac_permissions` VALUES ('417', 'Command: learn');
INSERT INTO `rbac_permissions` VALUES ('418', 'Command: learn all');
INSERT INTO `rbac_permissions` VALUES ('419', 'Command: learn all my');
INSERT INTO `rbac_permissions` VALUES ('420', 'Command: learn all my class');
INSERT INTO `rbac_permissions` VALUES ('421', 'Command: learn all my pettalents');
INSERT INTO `rbac_permissions` VALUES ('422', 'Command: learn all my spells');
INSERT INTO `rbac_permissions` VALUES ('423', 'Command: learn all my talents');
INSERT INTO `rbac_permissions` VALUES ('424', 'Command: learn all gm');
INSERT INTO `rbac_permissions` VALUES ('425', 'Command: learn all crafts');
INSERT INTO `rbac_permissions` VALUES ('426', 'Command: learn all default');
INSERT INTO `rbac_permissions` VALUES ('427', 'Command: learn all lang');
INSERT INTO `rbac_permissions` VALUES ('428', 'Command: learn all recipes');
INSERT INTO `rbac_permissions` VALUES ('429', 'Command: unlearn');
INSERT INTO `rbac_permissions` VALUES ('430', 'Command: lfg');
INSERT INTO `rbac_permissions` VALUES ('431', 'Command: lfg player');
INSERT INTO `rbac_permissions` VALUES ('432', 'Command: lfg group');
INSERT INTO `rbac_permissions` VALUES ('433', 'Command: lfg queue');
INSERT INTO `rbac_permissions` VALUES ('434', 'Command: lfg clean');
INSERT INTO `rbac_permissions` VALUES ('435', 'Command: lfg options');
INSERT INTO `rbac_permissions` VALUES ('436', 'Command: list');
INSERT INTO `rbac_permissions` VALUES ('437', 'Command: list creature');
INSERT INTO `rbac_permissions` VALUES ('438', 'Command: list item');
INSERT INTO `rbac_permissions` VALUES ('439', 'Command: list object');
INSERT INTO `rbac_permissions` VALUES ('440', 'Command: list auras');
INSERT INTO `rbac_permissions` VALUES ('441', 'Command: list mail');
INSERT INTO `rbac_permissions` VALUES ('442', 'Command: lookup');
INSERT INTO `rbac_permissions` VALUES ('443', 'Command: lookup area');
INSERT INTO `rbac_permissions` VALUES ('444', 'Command: lookup creature');
INSERT INTO `rbac_permissions` VALUES ('445', 'Command: lookup event');
INSERT INTO `rbac_permissions` VALUES ('446', 'Command: lookup faction');
INSERT INTO `rbac_permissions` VALUES ('447', 'Command: lookup item');
INSERT INTO `rbac_permissions` VALUES ('448', 'Command: lookup itemset');
INSERT INTO `rbac_permissions` VALUES ('449', 'Command: lookup object');
INSERT INTO `rbac_permissions` VALUES ('450', 'Command: lookup quest');
INSERT INTO `rbac_permissions` VALUES ('451', 'Command: lookup player');
INSERT INTO `rbac_permissions` VALUES ('452', 'Command: lookup player ip');
INSERT INTO `rbac_permissions` VALUES ('453', 'Command: lookup player account');
INSERT INTO `rbac_permissions` VALUES ('454', 'Command: lookup player email');
INSERT INTO `rbac_permissions` VALUES ('455', 'Command: lookup skill');
INSERT INTO `rbac_permissions` VALUES ('456', 'Command: lookup spell');
INSERT INTO `rbac_permissions` VALUES ('457', 'Command: lookup spell id');
INSERT INTO `rbac_permissions` VALUES ('458', 'Command: lookup taxinode');
INSERT INTO `rbac_permissions` VALUES ('459', 'Command: lookup tele');
INSERT INTO `rbac_permissions` VALUES ('460', 'Command: lookup title');
INSERT INTO `rbac_permissions` VALUES ('461', 'Command: lookup map');
INSERT INTO `rbac_permissions` VALUES ('462', 'Command: announce');
INSERT INTO `rbac_permissions` VALUES ('463', 'Command: channel');
INSERT INTO `rbac_permissions` VALUES ('464', 'Command: channel set');
INSERT INTO `rbac_permissions` VALUES ('465', 'Command: channel set ownership');
INSERT INTO `rbac_permissions` VALUES ('466', 'Command: gmannounce');
INSERT INTO `rbac_permissions` VALUES ('467', 'Command: gmnameannounce');
INSERT INTO `rbac_permissions` VALUES ('468', 'Command: gmnotify');
INSERT INTO `rbac_permissions` VALUES ('469', 'Command: nameannounce');
INSERT INTO `rbac_permissions` VALUES ('470', 'Command: notify');
INSERT INTO `rbac_permissions` VALUES ('471', 'Command: whispers');
INSERT INTO `rbac_permissions` VALUES ('472', 'Command: group');
INSERT INTO `rbac_permissions` VALUES ('473', 'Command: group leader');
INSERT INTO `rbac_permissions` VALUES ('474', 'Command: group disband');
INSERT INTO `rbac_permissions` VALUES ('475', 'Command: group remove');
INSERT INTO `rbac_permissions` VALUES ('476', 'Command: group join');
INSERT INTO `rbac_permissions` VALUES ('477', 'Command: group list');
INSERT INTO `rbac_permissions` VALUES ('478', 'Command: group summon');
INSERT INTO `rbac_permissions` VALUES ('479', 'Command: pet');
INSERT INTO `rbac_permissions` VALUES ('480', 'Command: pet create');
INSERT INTO `rbac_permissions` VALUES ('481', 'Command: pet learn');
INSERT INTO `rbac_permissions` VALUES ('482', 'Command: pet unlearn');
INSERT INTO `rbac_permissions` VALUES ('483', 'Command: send');
INSERT INTO `rbac_permissions` VALUES ('484', 'Command: send items');
INSERT INTO `rbac_permissions` VALUES ('485', 'Command: send mail');
INSERT INTO `rbac_permissions` VALUES ('486', 'Command: send message');
INSERT INTO `rbac_permissions` VALUES ('487', 'Command: send money');
INSERT INTO `rbac_permissions` VALUES ('488', 'Command: additem');
INSERT INTO `rbac_permissions` VALUES ('489', 'Command: additemset');
INSERT INTO `rbac_permissions` VALUES ('490', 'Command: appear');
INSERT INTO `rbac_permissions` VALUES ('491', 'Command: aura');
INSERT INTO `rbac_permissions` VALUES ('492', 'Command: bank');
INSERT INTO `rbac_permissions` VALUES ('493', 'Command: bindsight');
INSERT INTO `rbac_permissions` VALUES ('494', 'Command: combatstop');
INSERT INTO `rbac_permissions` VALUES ('495', 'Command: cometome');
INSERT INTO `rbac_permissions` VALUES ('496', 'Command: commands');
INSERT INTO `rbac_permissions` VALUES ('497', 'Command: cooldown');
INSERT INTO `rbac_permissions` VALUES ('498', 'Command: damage');
INSERT INTO `rbac_permissions` VALUES ('499', 'Command: dev');
INSERT INTO `rbac_permissions` VALUES ('500', 'Command: die');
INSERT INTO `rbac_permissions` VALUES ('501', 'Command: dismount');
INSERT INTO `rbac_permissions` VALUES ('502', 'Command: distance');
INSERT INTO `rbac_permissions` VALUES ('503', 'Command: flusharenapoints');
INSERT INTO `rbac_permissions` VALUES ('504', 'Command: freeze');
INSERT INTO `rbac_permissions` VALUES ('505', 'Command: gps');
INSERT INTO `rbac_permissions` VALUES ('506', 'Command: guid');
INSERT INTO `rbac_permissions` VALUES ('507', 'Command: help');
INSERT INTO `rbac_permissions` VALUES ('508', 'Command: hidearea');
INSERT INTO `rbac_permissions` VALUES ('509', 'Command: itemmove');
INSERT INTO `rbac_permissions` VALUES ('510', 'Command: kick');
INSERT INTO `rbac_permissions` VALUES ('511', 'Command: linkgrave');
INSERT INTO `rbac_permissions` VALUES ('512', 'Command: listfreeze');
INSERT INTO `rbac_permissions` VALUES ('513', 'Command: maxskill');
INSERT INTO `rbac_permissions` VALUES ('514', 'Command: movegens');
INSERT INTO `rbac_permissions` VALUES ('515', 'Command: mute');
INSERT INTO `rbac_permissions` VALUES ('516', 'Command: neargrave');
INSERT INTO `rbac_permissions` VALUES ('517', 'Command: pinfo');
INSERT INTO `rbac_permissions` VALUES ('518', 'Command: playall');
INSERT INTO `rbac_permissions` VALUES ('519', 'Command: possess');
INSERT INTO `rbac_permissions` VALUES ('520', 'Command: recall');
INSERT INTO `rbac_permissions` VALUES ('521', 'Command: repairitems');
INSERT INTO `rbac_permissions` VALUES ('522', 'Command: respawn');
INSERT INTO `rbac_permissions` VALUES ('523', 'Command: revive');
INSERT INTO `rbac_permissions` VALUES ('524', 'Command: saveall');
INSERT INTO `rbac_permissions` VALUES ('525', 'Command: save');
INSERT INTO `rbac_permissions` VALUES ('526', 'Command: setskill');
INSERT INTO `rbac_permissions` VALUES ('527', 'Command: showarea');
INSERT INTO `rbac_permissions` VALUES ('528', 'Command: summon');
INSERT INTO `rbac_permissions` VALUES ('529', 'Command: unaura');
INSERT INTO `rbac_permissions` VALUES ('530', 'Command: unbindsight');
INSERT INTO `rbac_permissions` VALUES ('531', 'Command: unfreeze');
INSERT INTO `rbac_permissions` VALUES ('532', 'Command: unmute');
INSERT INTO `rbac_permissions` VALUES ('533', 'Command: unpossess');
INSERT INTO `rbac_permissions` VALUES ('534', 'Command: unstuck');
INSERT INTO `rbac_permissions` VALUES ('535', 'Command: wchange');
INSERT INTO `rbac_permissions` VALUES ('536', 'Command: mmap');
INSERT INTO `rbac_permissions` VALUES ('537', 'Command: mmap loadedtiles');
INSERT INTO `rbac_permissions` VALUES ('538', 'Command: mmap loc');
INSERT INTO `rbac_permissions` VALUES ('539', 'Command: mmap path');
INSERT INTO `rbac_permissions` VALUES ('540', 'Command: mmap stats');
INSERT INTO `rbac_permissions` VALUES ('541', 'Command: mmap testarea');
INSERT INTO `rbac_permissions` VALUES ('542', 'Command: morph');
INSERT INTO `rbac_permissions` VALUES ('543', 'Command: demorph');
INSERT INTO `rbac_permissions` VALUES ('544', 'Command: modify');
INSERT INTO `rbac_permissions` VALUES ('545', 'Command: modify arenapoints');
INSERT INTO `rbac_permissions` VALUES ('546', 'Command: modify bit');
INSERT INTO `rbac_permissions` VALUES ('547', 'Command: modify drunk');
INSERT INTO `rbac_permissions` VALUES ('548', 'Command: modify energy');
INSERT INTO `rbac_permissions` VALUES ('549', 'Command: modify faction');
INSERT INTO `rbac_permissions` VALUES ('550', 'Command: modify gender');
INSERT INTO `rbac_permissions` VALUES ('551', 'Command: modify honor');
INSERT INTO `rbac_permissions` VALUES ('552', 'Command: modify hp');
INSERT INTO `rbac_permissions` VALUES ('553', 'Command: modify mana');
INSERT INTO `rbac_permissions` VALUES ('554', 'Command: modify money');
INSERT INTO `rbac_permissions` VALUES ('555', 'Command: modify mount');
INSERT INTO `rbac_permissions` VALUES ('556', 'Command: modify phase');
INSERT INTO `rbac_permissions` VALUES ('557', 'Command: modify rage');
INSERT INTO `rbac_permissions` VALUES ('558', 'Command: modify reputation');
INSERT INTO `rbac_permissions` VALUES ('559', 'Command: modify runicpower');
INSERT INTO `rbac_permissions` VALUES ('560', 'Command: modify scale');
INSERT INTO `rbac_permissions` VALUES ('561', 'Command: modify speed');
INSERT INTO `rbac_permissions` VALUES ('562', 'Command: modify speed all');
INSERT INTO `rbac_permissions` VALUES ('563', 'Command: modify speed backwalk');
INSERT INTO `rbac_permissions` VALUES ('564', 'Command: modify speed fly');
INSERT INTO `rbac_permissions` VALUES ('565', 'Command: modify speed walk');
INSERT INTO `rbac_permissions` VALUES ('566', 'Command: modify speed swim');
INSERT INTO `rbac_permissions` VALUES ('567', 'Command: modify spell');
INSERT INTO `rbac_permissions` VALUES ('568', 'Command: modify standstate');
INSERT INTO `rbac_permissions` VALUES ('569', 'Command: modify talentpoints');
INSERT INTO `rbac_permissions` VALUES ('570', 'Command: npc');
INSERT INTO `rbac_permissions` VALUES ('571', 'Command: npc add');
INSERT INTO `rbac_permissions` VALUES ('572', 'Command: npc add formation');
INSERT INTO `rbac_permissions` VALUES ('573', 'Command: npc add item');
INSERT INTO `rbac_permissions` VALUES ('574', 'Command: npc add move');
INSERT INTO `rbac_permissions` VALUES ('575', 'Command: npc add temp');
INSERT INTO `rbac_permissions` VALUES ('576', 'Command: npc add delete');
INSERT INTO `rbac_permissions` VALUES ('577', 'Command: npc add delete item');
INSERT INTO `rbac_permissions` VALUES ('578', 'Command: npc add follow');
INSERT INTO `rbac_permissions` VALUES ('579', 'Command: npc add follow stop');
INSERT INTO `rbac_permissions` VALUES ('580', 'Command: npc set');
INSERT INTO `rbac_permissions` VALUES ('581', 'Command: npc set allowmove');
INSERT INTO `rbac_permissions` VALUES ('582', 'Command: npc set entry');
INSERT INTO `rbac_permissions` VALUES ('583', 'Command: npc set factionid');
INSERT INTO `rbac_permissions` VALUES ('584', 'Command: npc set flag');
INSERT INTO `rbac_permissions` VALUES ('585', 'Command: npc set level');
INSERT INTO `rbac_permissions` VALUES ('586', 'Command: npc set link');
INSERT INTO `rbac_permissions` VALUES ('587', 'Command: npc set model');
INSERT INTO `rbac_permissions` VALUES ('588', 'Command: npc set movetype');
INSERT INTO `rbac_permissions` VALUES ('589', 'Command: npc set phase');
INSERT INTO `rbac_permissions` VALUES ('590', 'Command: npc set spawndist');
INSERT INTO `rbac_permissions` VALUES ('591', 'Command: npc set spawntime');
INSERT INTO `rbac_permissions` VALUES ('592', 'Command: npc set data');
INSERT INTO `rbac_permissions` VALUES ('593', 'Command: npc info');
INSERT INTO `rbac_permissions` VALUES ('594', 'Command: npc near');
INSERT INTO `rbac_permissions` VALUES ('595', 'Command: npc move');
INSERT INTO `rbac_permissions` VALUES ('596', 'Command: npc playemote');
INSERT INTO `rbac_permissions` VALUES ('597', 'Command: npc say');
INSERT INTO `rbac_permissions` VALUES ('598', 'Command: npc textemote');
INSERT INTO `rbac_permissions` VALUES ('599', 'Command: npc whisper');
INSERT INTO `rbac_permissions` VALUES ('600', 'Command: npc yell');
INSERT INTO `rbac_permissions` VALUES ('601', 'Command: npc tame');
INSERT INTO `rbac_permissions` VALUES ('602', 'Command: quest');
INSERT INTO `rbac_permissions` VALUES ('603', 'Command: quest add');
INSERT INTO `rbac_permissions` VALUES ('604', 'Command: quest complete');
INSERT INTO `rbac_permissions` VALUES ('605', 'Command: quest remove');
INSERT INTO `rbac_permissions` VALUES ('606', 'Command: quest reward');
INSERT INTO `rbac_permissions` VALUES ('607', 'Command: reload');
INSERT INTO `rbac_permissions` VALUES ('608', 'Command: reload access_requirement');
INSERT INTO `rbac_permissions` VALUES ('609', 'Command: reload achievement_criteria_data');
INSERT INTO `rbac_permissions` VALUES ('610', 'Command: reload achievement_reward');
INSERT INTO `rbac_permissions` VALUES ('611', 'Command: reload all');
INSERT INTO `rbac_permissions` VALUES ('612', 'Command: reload all achievement');
INSERT INTO `rbac_permissions` VALUES ('613', 'Command: reload all area');
INSERT INTO `rbac_permissions` VALUES ('614', 'Command: broadcast_text');
INSERT INTO `rbac_permissions` VALUES ('615', 'Command: reload all gossips');
INSERT INTO `rbac_permissions` VALUES ('616', 'Command: reload all item');
INSERT INTO `rbac_permissions` VALUES ('617', 'Command: reload all locales');
INSERT INTO `rbac_permissions` VALUES ('618', 'Command: reload all loot');
INSERT INTO `rbac_permissions` VALUES ('619', 'Command: reload all npc');
INSERT INTO `rbac_permissions` VALUES ('620', 'Command: reload all quest');
INSERT INTO `rbac_permissions` VALUES ('621', 'Command: reload all scripts');
INSERT INTO `rbac_permissions` VALUES ('622', 'Command: reload all spell');
INSERT INTO `rbac_permissions` VALUES ('623', 'Command: reload areatrigger_involvedrelation');
INSERT INTO `rbac_permissions` VALUES ('624', 'Command: reload areatrigger_tavern');
INSERT INTO `rbac_permissions` VALUES ('625', 'Command: reload areatrigger_teleport');
INSERT INTO `rbac_permissions` VALUES ('626', 'Command: reload auctions');
INSERT INTO `rbac_permissions` VALUES ('627', 'Command: reload autobroadcast');
INSERT INTO `rbac_permissions` VALUES ('628', 'Command: reload command');
INSERT INTO `rbac_permissions` VALUES ('629', 'Command: reload conditions');
INSERT INTO `rbac_permissions` VALUES ('630', 'Command: reload config');
INSERT INTO `rbac_permissions` VALUES ('631', 'Command: reload battleground_template');
INSERT INTO `rbac_permissions` VALUES ('632', 'Command: .mutehistory');
INSERT INTO `rbac_permissions` VALUES ('633', 'Command: reload creature_linked_respawn');
INSERT INTO `rbac_permissions` VALUES ('634', 'Command: reload creature_loot_template');
INSERT INTO `rbac_permissions` VALUES ('635', 'Command: reload creature_onkill_reputation');
INSERT INTO `rbac_permissions` VALUES ('636', 'Command: reload creature_questender');
INSERT INTO `rbac_permissions` VALUES ('637', 'Command: reload creature_queststarter');
INSERT INTO `rbac_permissions` VALUES ('638', 'Command: reload creature_summon_groups');
INSERT INTO `rbac_permissions` VALUES ('639', 'Command: reload creature_template');
INSERT INTO `rbac_permissions` VALUES ('640', 'Command: reload creature_text');
INSERT INTO `rbac_permissions` VALUES ('641', 'Command: reload disables');
INSERT INTO `rbac_permissions` VALUES ('642', 'Command: reload disenchant_loot_template');
INSERT INTO `rbac_permissions` VALUES ('643', 'Command: reload event_scripts');
INSERT INTO `rbac_permissions` VALUES ('644', 'Command: reload fishing_loot_template');
INSERT INTO `rbac_permissions` VALUES ('645', 'Command: reload game_graveyard_zone');
INSERT INTO `rbac_permissions` VALUES ('646', 'Command: reload game_tele');
INSERT INTO `rbac_permissions` VALUES ('647', 'Command: reload gameobject_questender');
INSERT INTO `rbac_permissions` VALUES ('648', 'Command: reload gameobject_loot_template');
INSERT INTO `rbac_permissions` VALUES ('649', 'Command: reload gameobject_queststarter');
INSERT INTO `rbac_permissions` VALUES ('650', 'Command: reload gm_tickets');
INSERT INTO `rbac_permissions` VALUES ('651', 'Command: reload gossip_menu');
INSERT INTO `rbac_permissions` VALUES ('652', 'Command: reload gossip_menu_option');
INSERT INTO `rbac_permissions` VALUES ('653', 'Command: reload item_enchantment_template');
INSERT INTO `rbac_permissions` VALUES ('654', 'Command: reload item_loot_template');
INSERT INTO `rbac_permissions` VALUES ('655', 'Command: reload item_set_names');
INSERT INTO `rbac_permissions` VALUES ('656', 'Command: reload lfg_dungeon_rewards');
INSERT INTO `rbac_permissions` VALUES ('657', 'Command: reload locales_achievement_reward');
INSERT INTO `rbac_permissions` VALUES ('658', 'Command: reload locales_creature');
INSERT INTO `rbac_permissions` VALUES ('659', 'Command: reload locales_creature_text');
INSERT INTO `rbac_permissions` VALUES ('660', 'Command: reload locales_gameobject');
INSERT INTO `rbac_permissions` VALUES ('661', 'Command: reload locales_gossip_menu_option');
INSERT INTO `rbac_permissions` VALUES ('662', 'Command: reload locales_item');
INSERT INTO `rbac_permissions` VALUES ('663', 'Command: reload locales_item_set_name');
INSERT INTO `rbac_permissions` VALUES ('664', 'Command: reload locales_npc_text');
INSERT INTO `rbac_permissions` VALUES ('665', 'Command: reload locales_page_text');
INSERT INTO `rbac_permissions` VALUES ('666', 'Command: reload locales_points_of_interest');
INSERT INTO `rbac_permissions` VALUES ('667', 'Command: reload locales_quest');
INSERT INTO `rbac_permissions` VALUES ('668', 'Command: reload mail_level_reward');
INSERT INTO `rbac_permissions` VALUES ('669', 'Command: reload mail_loot_template');
INSERT INTO `rbac_permissions` VALUES ('670', 'Command: reload milling_loot_template');
INSERT INTO `rbac_permissions` VALUES ('671', 'Command: reload npc_spellclick_spells');
INSERT INTO `rbac_permissions` VALUES ('672', 'Command: reload npc_trainer');
INSERT INTO `rbac_permissions` VALUES ('673', 'Command: reload npc_vendor');
INSERT INTO `rbac_permissions` VALUES ('674', 'Command: reload page_text');
INSERT INTO `rbac_permissions` VALUES ('675', 'Command: reload pickpocketing_loot_template');
INSERT INTO `rbac_permissions` VALUES ('676', 'Command: reload points_of_interest');
INSERT INTO `rbac_permissions` VALUES ('677', 'Command: reload prospecting_loot_template');
INSERT INTO `rbac_permissions` VALUES ('678', 'Command: reload quest_poi');
INSERT INTO `rbac_permissions` VALUES ('679', 'Command: reload quest_template');
INSERT INTO `rbac_permissions` VALUES ('680', 'Command: reload rbac');
INSERT INTO `rbac_permissions` VALUES ('681', 'Command: reload reference_loot_template');
INSERT INTO `rbac_permissions` VALUES ('682', 'Command: reload reserved_name');
INSERT INTO `rbac_permissions` VALUES ('683', 'Command: reload reputation_reward_rate');
INSERT INTO `rbac_permissions` VALUES ('684', 'Command: reload reputation_spillover_template');
INSERT INTO `rbac_permissions` VALUES ('685', 'Command: reload skill_discovery_template');
INSERT INTO `rbac_permissions` VALUES ('686', 'Command: reload skill_extra_item_template');
INSERT INTO `rbac_permissions` VALUES ('687', 'Command: reload skill_fishing_base_level');
INSERT INTO `rbac_permissions` VALUES ('688', 'Command: reload skinning_loot_template');
INSERT INTO `rbac_permissions` VALUES ('689', 'Command: reload smart_scripts');
INSERT INTO `rbac_permissions` VALUES ('690', 'Command: reload spell_required');
INSERT INTO `rbac_permissions` VALUES ('691', 'Command: reload spell_area');
INSERT INTO `rbac_permissions` VALUES ('692', 'Command: reload spell_bonus_data');
INSERT INTO `rbac_permissions` VALUES ('693', 'Command: reload spell_group');
INSERT INTO `rbac_permissions` VALUES ('694', 'Command: reload spell_learn_spell');
INSERT INTO `rbac_permissions` VALUES ('695', 'Command: reload spell_loot_template');
INSERT INTO `rbac_permissions` VALUES ('696', 'Command: reload spell_linked_spell');
INSERT INTO `rbac_permissions` VALUES ('697', 'Command: reload spell_pet_auras');
INSERT INTO `rbac_permissions` VALUES ('698', 'Command: reload spell_proc_event');
INSERT INTO `rbac_permissions` VALUES ('699', 'Command: reload spell_proc');
INSERT INTO `rbac_permissions` VALUES ('700', 'Command: reload spell_scripts');
INSERT INTO `rbac_permissions` VALUES ('701', 'Command: reload spell_target_position');
INSERT INTO `rbac_permissions` VALUES ('702', 'Command: reload spell_threats');
INSERT INTO `rbac_permissions` VALUES ('703', 'Command: reload spell_group_stack_rules');
INSERT INTO `rbac_permissions` VALUES ('704', 'Command: reload trinity_string');
INSERT INTO `rbac_permissions` VALUES ('705', 'Command: reload warden_action');
INSERT INTO `rbac_permissions` VALUES ('706', 'Command: reload waypoint_scripts');
INSERT INTO `rbac_permissions` VALUES ('707', 'Command: reload waypoint_data');
INSERT INTO `rbac_permissions` VALUES ('708', 'Command: reload vehicle_accessory');
INSERT INTO `rbac_permissions` VALUES ('709', 'Command: reload vehicle_template_accessory');
INSERT INTO `rbac_permissions` VALUES ('710', 'Command: reset');
INSERT INTO `rbac_permissions` VALUES ('711', 'Command: reset achievements');
INSERT INTO `rbac_permissions` VALUES ('712', 'Command: reset honor');
INSERT INTO `rbac_permissions` VALUES ('713', 'Command: reset level');
INSERT INTO `rbac_permissions` VALUES ('714', 'Command: reset spells');
INSERT INTO `rbac_permissions` VALUES ('715', 'Command: reset stats');
INSERT INTO `rbac_permissions` VALUES ('716', 'Command: reset talents');
INSERT INTO `rbac_permissions` VALUES ('717', 'Command: reset all');
INSERT INTO `rbac_permissions` VALUES ('718', 'Command: server');
INSERT INTO `rbac_permissions` VALUES ('719', 'Command: server corpses');
INSERT INTO `rbac_permissions` VALUES ('720', 'Command: server exit');
INSERT INTO `rbac_permissions` VALUES ('721', 'Command: server idlerestart');
INSERT INTO `rbac_permissions` VALUES ('722', 'Command: server idlerestart cancel');
INSERT INTO `rbac_permissions` VALUES ('723', 'Command: server idleshutdown');
INSERT INTO `rbac_permissions` VALUES ('724', 'Command: server idleshutdown cancel');
INSERT INTO `rbac_permissions` VALUES ('725', 'Command: server info');
INSERT INTO `rbac_permissions` VALUES ('726', 'Command: server plimit');
INSERT INTO `rbac_permissions` VALUES ('727', 'Command: server restart');
INSERT INTO `rbac_permissions` VALUES ('728', 'Command: server restart cancel');
INSERT INTO `rbac_permissions` VALUES ('729', 'Command: server set');
INSERT INTO `rbac_permissions` VALUES ('730', 'Command: server set closed');
INSERT INTO `rbac_permissions` VALUES ('731', 'Command: server set difftime');
INSERT INTO `rbac_permissions` VALUES ('732', 'Command: server set loglevel');
INSERT INTO `rbac_permissions` VALUES ('733', 'Command: server set motd');
INSERT INTO `rbac_permissions` VALUES ('734', 'Command: server shutdown');
INSERT INTO `rbac_permissions` VALUES ('735', 'Command: server shutdown cancel');
INSERT INTO `rbac_permissions` VALUES ('736', 'Command: server motd');
INSERT INTO `rbac_permissions` VALUES ('737', 'Command: tele');
INSERT INTO `rbac_permissions` VALUES ('738', 'Command: tele add');
INSERT INTO `rbac_permissions` VALUES ('739', 'Command: tele del');
INSERT INTO `rbac_permissions` VALUES ('740', 'Command: tele name');
INSERT INTO `rbac_permissions` VALUES ('741', 'Command: tele group');
INSERT INTO `rbac_permissions` VALUES ('742', 'Command: ticket');
INSERT INTO `rbac_permissions` VALUES ('743', 'Command: ticket assign');
INSERT INTO `rbac_permissions` VALUES ('744', 'Command: ticket close');
INSERT INTO `rbac_permissions` VALUES ('745', 'Command: ticket closedlist');
INSERT INTO `rbac_permissions` VALUES ('746', 'Command: ticket comment');
INSERT INTO `rbac_permissions` VALUES ('747', 'Command: ticket complete');
INSERT INTO `rbac_permissions` VALUES ('748', 'Command: ticket delete');
INSERT INTO `rbac_permissions` VALUES ('749', 'Command: ticket escalate');
INSERT INTO `rbac_permissions` VALUES ('750', 'Command: ticket escalatedlist');
INSERT INTO `rbac_permissions` VALUES ('751', 'Command: ticket list');
INSERT INTO `rbac_permissions` VALUES ('752', 'Command: ticket onlinelist');
INSERT INTO `rbac_permissions` VALUES ('753', 'Command: ticket reset');
INSERT INTO `rbac_permissions` VALUES ('754', 'Command: ticket response');
INSERT INTO `rbac_permissions` VALUES ('755', 'Command: ticket response append');
INSERT INTO `rbac_permissions` VALUES ('756', 'Command: ticket response appendln');
INSERT INTO `rbac_permissions` VALUES ('757', 'Command: ticket togglesystem');
INSERT INTO `rbac_permissions` VALUES ('758', 'Command: ticket unassign');
INSERT INTO `rbac_permissions` VALUES ('759', 'Command: ticket viewid');
INSERT INTO `rbac_permissions` VALUES ('760', 'Command: ticket viewname');
INSERT INTO `rbac_permissions` VALUES ('761', 'Command: titles');
INSERT INTO `rbac_permissions` VALUES ('762', 'Command: titles add');
INSERT INTO `rbac_permissions` VALUES ('763', 'Command: titles current');
INSERT INTO `rbac_permissions` VALUES ('764', 'Command: titles remove');
INSERT INTO `rbac_permissions` VALUES ('765', 'Command: titles set');
INSERT INTO `rbac_permissions` VALUES ('766', 'Command: titles set mask');
INSERT INTO `rbac_permissions` VALUES ('767', 'Command: wp');
INSERT INTO `rbac_permissions` VALUES ('768', 'Command: wp add');
INSERT INTO `rbac_permissions` VALUES ('769', 'Command: wp event');
INSERT INTO `rbac_permissions` VALUES ('770', 'Command: wp load');
INSERT INTO `rbac_permissions` VALUES ('771', 'Command: wp modify');
INSERT INTO `rbac_permissions` VALUES ('772', 'Command: wp unload');
INSERT INTO `rbac_permissions` VALUES ('773', 'Command: wp reload');
INSERT INTO `rbac_permissions` VALUES ('774', 'Command: wp show');
INSERT INTO `rbac_permissions` VALUES ('777', 'Command: mailbox');
INSERT INTO `rbac_permissions` VALUES ('778', 'Command: ahbot');
INSERT INTO `rbac_permissions` VALUES ('779', 'Command: ahbot items');
INSERT INTO `rbac_permissions` VALUES ('780', 'Command: ahbot items gray');
INSERT INTO `rbac_permissions` VALUES ('781', 'Command: ahbot items white');
INSERT INTO `rbac_permissions` VALUES ('782', 'Command: ahbot items green');
INSERT INTO `rbac_permissions` VALUES ('783', 'Command: ahbot items blue');
INSERT INTO `rbac_permissions` VALUES ('784', 'Command: ahbot items purple');
INSERT INTO `rbac_permissions` VALUES ('785', 'Command: ahbot items orange');
INSERT INTO `rbac_permissions` VALUES ('786', 'Command: ahbot items yellow');
INSERT INTO `rbac_permissions` VALUES ('787', 'Command: ahbot ratio');
INSERT INTO `rbac_permissions` VALUES ('788', 'Command: ahbot ratio alliance');
INSERT INTO `rbac_permissions` VALUES ('789', 'Command: ahbot ratio horde');
INSERT INTO `rbac_permissions` VALUES ('790', 'Command: ahbot ratio neutral');
INSERT INTO `rbac_permissions` VALUES ('791', 'Command: ahbot rebuild');
INSERT INTO `rbac_permissions` VALUES ('792', 'Command: ahbot reload');
INSERT INTO `rbac_permissions` VALUES ('793', 'Command: ahbot status');
INSERT INTO `rbac_permissions` VALUES ('794', 'Command: .guild info');
INSERT INTO `rbac_permissions` VALUES ('795', 'Command: .instance setbossstate');
INSERT INTO `rbac_permissions` VALUES ('796', 'Command: instance getbossstate');
INSERT INTO `rbac_permissions` VALUES ('797', 'Command: pvpstats');
INSERT INTO `rbac_permissions` VALUES ('798', 'Command: .mod xp');
INSERT INTO `rbac_permissions` VALUES ('835', 'Command: debug loadcells');
INSERT INTO `rbac_permissions` VALUES ('836', 'Command: .debug boundary');
INSERT INTO `rbac_permissions` VALUES ('1003', 'spectate');
INSERT INTO `rbac_permissions` VALUES ('1004', 'spectate player');
INSERT INTO `rbac_permissions` VALUES ('1005', 'spectate view');
INSERT INTO `rbac_permissions` VALUES ('1006', 'spectate reset');
INSERT INTO `rbac_permissions` VALUES ('1007', 'spectate leave');
INSERT INTO `rbac_permissions` VALUES ('1010', 'Command: .reload item_template');
INSERT INTO `rbac_permissions` VALUES ('1015', 'Command: .world chat');
INSERT INTO `rbac_permissions` VALUES ('1016', 'Command: .reload worldchat');

-- ----------------------------
-- Table structure for realmcharacters
-- ----------------------------
DROP TABLE IF EXISTS `realmcharacters`;
CREATE TABLE `realmcharacters` (
  `realmid` int(11) unsigned NOT NULL DEFAULT '0',
  `acctid` bigint(20) unsigned NOT NULL,
  `numchars` tinyint(3) unsigned NOT NULL DEFAULT '0',
  PRIMARY KEY (`realmid`,`acctid`),
  KEY `acctid` (`acctid`)
) ENGINE=MyISAM DEFAULT CHARSET=utf8 ROW_FORMAT=DYNAMIC COMMENT='Realm Character Tracker';

-- ----------------------------
-- Records of realmcharacters
-- ----------------------------
INSERT INTO `realmcharacters` VALUES ('1', '1', '9');
INSERT INTO `realmcharacters` VALUES ('1', '37', '8');
INSERT INTO `realmcharacters` VALUES ('1', '313', '1');
INSERT INTO `realmcharacters` VALUES ('1', '577', '4');
INSERT INTO `realmcharacters` VALUES ('1', '500', '1');
INSERT INTO `realmcharacters` VALUES ('1', '578', '1');
INSERT INTO `realmcharacters` VALUES ('1', '33', '2');
INSERT INTO `realmcharacters` VALUES ('1', '8', '4');
INSERT INTO `realmcharacters` VALUES ('1', '519', '1');
INSERT INTO `realmcharacters` VALUES ('1', '621', '1');
INSERT INTO `realmcharacters` VALUES ('1', '453', '2');
INSERT INTO `realmcharacters` VALUES ('1', '623', '1');
INSERT INTO `realmcharacters` VALUES ('1', '517', '2');
INSERT INTO `realmcharacters` VALUES ('1', '511', '4');
INSERT INTO `realmcharacters` VALUES ('1', '625', '1');
INSERT INTO `realmcharacters` VALUES ('1', '626', '1');
INSERT INTO `realmcharacters` VALUES ('1', '627', '1');
INSERT INTO `realmcharacters` VALUES ('1', '628', '2');
INSERT INTO `realmcharacters` VALUES ('1', '624', '1');
INSERT INTO `realmcharacters` VALUES ('1', '629', '3');
INSERT INTO `realmcharacters` VALUES ('1', '585', '2');
INSERT INTO `realmcharacters` VALUES ('1', '92', '1');
INSERT INTO `realmcharacters` VALUES ('1', '630', '1');
INSERT INTO `realmcharacters` VALUES ('1', '631', '2');
INSERT INTO `realmcharacters` VALUES ('1', '591', '3');
INSERT INTO `realmcharacters` VALUES ('1', '184', '4');
INSERT INTO `realmcharacters` VALUES ('1', '528', '2');
INSERT INTO `realmcharacters` VALUES ('1', '632', '1');
INSERT INTO `realmcharacters` VALUES ('1', '633', '1');
INSERT INTO `realmcharacters` VALUES ('1', '515', '3');
INSERT INTO `realmcharacters` VALUES ('1', '297', '2');
INSERT INTO `realmcharacters` VALUES ('1', '634', '1');
INSERT INTO `realmcharacters` VALUES ('1', '499', '2');
INSERT INTO `realmcharacters` VALUES ('1', '553', '1');
INSERT INTO `realmcharacters` VALUES ('1', '635', '1');
INSERT INTO `realmcharacters` VALUES ('1', '227', '2');
INSERT INTO `realmcharacters` VALUES ('1', '637', '4');
INSERT INTO `realmcharacters` VALUES ('1', '524', '1');
INSERT INTO `realmcharacters` VALUES ('1', '638', '1');
INSERT INTO `realmcharacters` VALUES ('1', '639', '2');
INSERT INTO `realmcharacters` VALUES ('1', '636', '2');
INSERT INTO `realmcharacters` VALUES ('1', '57', '1');
INSERT INTO `realmcharacters` VALUES ('1', '640', '3');
INSERT INTO `realmcharacters` VALUES ('1', '641', '1');
INSERT INTO `realmcharacters` VALUES ('1', '513', '1');
INSERT INTO `realmcharacters` VALUES ('1', '439', '3');
INSERT INTO `realmcharacters` VALUES ('1', '79', '4');
INSERT INTO `realmcharacters` VALUES ('1', '179', '3');
INSERT INTO `realmcharacters` VALUES ('1', '642', '2');
INSERT INTO `realmcharacters` VALUES ('1', '643', '3');
INSERT INTO `realmcharacters` VALUES ('1', '340', '2');
INSERT INTO `realmcharacters` VALUES ('1', '644', '1');
INSERT INTO `realmcharacters` VALUES ('1', '646', '1');
INSERT INTO `realmcharacters` VALUES ('1', '647', '1');
INSERT INTO `realmcharacters` VALUES ('1', '648', '1');
INSERT INTO `realmcharacters` VALUES ('1', '649', '3');
INSERT INTO `realmcharacters` VALUES ('1', '650', '2');
INSERT INTO `realmcharacters` VALUES ('1', '651', '1');
INSERT INTO `realmcharacters` VALUES ('1', '652', '3');
INSERT INTO `realmcharacters` VALUES ('1', '381', '2');
INSERT INTO `realmcharacters` VALUES ('1', '228', '7');
INSERT INTO `realmcharacters` VALUES ('1', '653', '2');
INSERT INTO `realmcharacters` VALUES ('1', '655', '2');
INSERT INTO `realmcharacters` VALUES ('1', '654', '2');
INSERT INTO `realmcharacters` VALUES ('1', '656', '1');
INSERT INTO `realmcharacters` VALUES ('1', '658', '2');
INSERT INTO `realmcharacters` VALUES ('1', '659', '1');
INSERT INTO `realmcharacters` VALUES ('1', '582', '2');
INSERT INTO `realmcharacters` VALUES ('1', '662', '1');
INSERT INTO `realmcharacters` VALUES ('1', '663', '1');
INSERT INTO `realmcharacters` VALUES ('1', '665', '1');
INSERT INTO `realmcharacters` VALUES ('1', '666', '2');
INSERT INTO `realmcharacters` VALUES ('1', '576', '3');
INSERT INTO `realmcharacters` VALUES ('1', '667', '1');
INSERT INTO `realmcharacters` VALUES ('1', '587', '5');
INSERT INTO `realmcharacters` VALUES ('1', '620', '2');
INSERT INTO `realmcharacters` VALUES ('1', '668', '3');
INSERT INTO `realmcharacters` VALUES ('1', '450', '2');
INSERT INTO `realmcharacters` VALUES ('1', '669', '1');
INSERT INTO `realmcharacters` VALUES ('1', '34', '3');
INSERT INTO `realmcharacters` VALUES ('1', '670', '1');
INSERT INTO `realmcharacters` VALUES ('1', '671', '2');
INSERT INTO `realmcharacters` VALUES ('1', '672', '2');
INSERT INTO `realmcharacters` VALUES ('1', '505', '1');
INSERT INTO `realmcharacters` VALUES ('1', '673', '1');
INSERT INTO `realmcharacters` VALUES ('1', '608', '1');
INSERT INTO `realmcharacters` VALUES ('1', '447', '1');
INSERT INTO `realmcharacters` VALUES ('1', '675', '1');
INSERT INTO `realmcharacters` VALUES ('1', '678', '1');
INSERT INTO `realmcharacters` VALUES ('1', '679', '1');
INSERT INTO `realmcharacters` VALUES ('1', '681', '1');
INSERT INTO `realmcharacters` VALUES ('1', '683', '2');
INSERT INTO `realmcharacters` VALUES ('1', '682', '2');
INSERT INTO `realmcharacters` VALUES ('1', '676', '2');
INSERT INTO `realmcharacters` VALUES ('1', '72', '1');
INSERT INTO `realmcharacters` VALUES ('1', '684', '2');
INSERT INTO `realmcharacters` VALUES ('1', '685', '1');
INSERT INTO `realmcharacters` VALUES ('1', '449', '2');
INSERT INTO `realmcharacters` VALUES ('1', '687', '1');
INSERT INTO `realmcharacters` VALUES ('1', '686', '2');
INSERT INTO `realmcharacters` VALUES ('1', '688', '1');
INSERT INTO `realmcharacters` VALUES ('1', '689', '2');
INSERT INTO `realmcharacters` VALUES ('1', '690', '1');
INSERT INTO `realmcharacters` VALUES ('1', '692', '1');
INSERT INTO `realmcharacters` VALUES ('1', '691', '1');
INSERT INTO `realmcharacters` VALUES ('1', '200', '3');
INSERT INTO `realmcharacters` VALUES ('1', '693', '1');
INSERT INTO `realmcharacters` VALUES ('1', '694', '1');
INSERT INTO `realmcharacters` VALUES ('1', '695', '1');
INSERT INTO `realmcharacters` VALUES ('1', '361', '5');
INSERT INTO `realmcharacters` VALUES ('1', '696', '2');
INSERT INTO `realmcharacters` VALUES ('1', '698', '2');
INSERT INTO `realmcharacters` VALUES ('1', '699', '2');
INSERT INTO `realmcharacters` VALUES ('1', '700', '1');
INSERT INTO `realmcharacters` VALUES ('1', '448', '2');
INSERT INTO `realmcharacters` VALUES ('1', '701', '2');
INSERT INTO `realmcharacters` VALUES ('1', '702', '3');
INSERT INTO `realmcharacters` VALUES ('1', '703', '3');
INSERT INTO `realmcharacters` VALUES ('1', '697', '2');
INSERT INTO `realmcharacters` VALUES ('1', '705', '2');
INSERT INTO `realmcharacters` VALUES ('1', '221', '2');
INSERT INTO `realmcharacters` VALUES ('1', '488', '2');
INSERT INTO `realmcharacters` VALUES ('1', '661', '2');
INSERT INTO `realmcharacters` VALUES ('1', '707', '2');
INSERT INTO `realmcharacters` VALUES ('1', '708', '2');
INSERT INTO `realmcharacters` VALUES ('1', '706', '2');
INSERT INTO `realmcharacters` VALUES ('1', '709', '4');
INSERT INTO `realmcharacters` VALUES ('1', '710', '2');
INSERT INTO `realmcharacters` VALUES ('1', '714', '1');
INSERT INTO `realmcharacters` VALUES ('1', '713', '2');
INSERT INTO `realmcharacters` VALUES ('1', '715', '1');
INSERT INTO `realmcharacters` VALUES ('1', '716', '2');
INSERT INTO `realmcharacters` VALUES ('1', '717', '3');
INSERT INTO `realmcharacters` VALUES ('1', '719', '2');
INSERT INTO `realmcharacters` VALUES ('1', '718', '2');
INSERT INTO `realmcharacters` VALUES ('1', '720', '1');
INSERT INTO `realmcharacters` VALUES ('1', '721', '1');
INSERT INTO `realmcharacters` VALUES ('1', '722', '2');
INSERT INTO `realmcharacters` VALUES ('1', '712', '1');
INSERT INTO `realmcharacters` VALUES ('1', '588', '2');
INSERT INTO `realmcharacters` VALUES ('1', '723', '1');
INSERT INTO `realmcharacters` VALUES ('1', '533', '2');
INSERT INTO `realmcharacters` VALUES ('1', '531', '3');
INSERT INTO `realmcharacters` VALUES ('1', '618', '2');
INSERT INTO `realmcharacters` VALUES ('1', '731', '3');
INSERT INTO `realmcharacters` VALUES ('1', '559', '2');
INSERT INTO `realmcharacters` VALUES ('1', '732', '1');
INSERT INTO `realmcharacters` VALUES ('1', '362', '2');
INSERT INTO `realmcharacters` VALUES ('1', '733', '1');
INSERT INTO `realmcharacters` VALUES ('1', '734', '1');
INSERT INTO `realmcharacters` VALUES ('1', '736', '2');
INSERT INTO `realmcharacters` VALUES ('1', '737', '2');
INSERT INTO `realmcharacters` VALUES ('1', '565', '4');
INSERT INTO `realmcharacters` VALUES ('1', '572', '2');
INSERT INTO `realmcharacters` VALUES ('1', '739', '1');
INSERT INTO `realmcharacters` VALUES ('1', '609', '1');
INSERT INTO `realmcharacters` VALUES ('1', '12', '1');
INSERT INTO `realmcharacters` VALUES ('1', '187', '2');
INSERT INTO `realmcharacters` VALUES ('1', '726', '2');
INSERT INTO `realmcharacters` VALUES ('1', '728', '2');
INSERT INTO `realmcharacters` VALUES ('1', '740', '2');
INSERT INTO `realmcharacters` VALUES ('1', '741', '2');
INSERT INTO `realmcharacters` VALUES ('1', '742', '1');
INSERT INTO `realmcharacters` VALUES ('1', '9', '2');
INSERT INTO `realmcharacters` VALUES ('1', '743', '1');
INSERT INTO `realmcharacters` VALUES ('1', '747', '1');
INSERT INTO `realmcharacters` VALUES ('1', '749', '2');
INSERT INTO `realmcharacters` VALUES ('1', '750', '3');
INSERT INTO `realmcharacters` VALUES ('1', '752', '2');
INSERT INTO `realmcharacters` VALUES ('1', '753', '1');
INSERT INTO `realmcharacters` VALUES ('1', '751', '2');
INSERT INTO `realmcharacters` VALUES ('1', '754', '1');
INSERT INTO `realmcharacters` VALUES ('1', '755', '4');
INSERT INTO `realmcharacters` VALUES ('1', '758', '2');
INSERT INTO `realmcharacters` VALUES ('1', '760', '1');
INSERT INTO `realmcharacters` VALUES ('1', '556', '2');
INSERT INTO `realmcharacters` VALUES ('1', '78', '1');
INSERT INTO `realmcharacters` VALUES ('1', '761', '2');
INSERT INTO `realmcharacters` VALUES ('1', '762', '2');
INSERT INTO `realmcharacters` VALUES ('1', '98', '1');
INSERT INTO `realmcharacters` VALUES ('1', '763', '1');
INSERT INTO `realmcharacters` VALUES ('1', '765', '2');
INSERT INTO `realmcharacters` VALUES ('1', '61', '2');
INSERT INTO `realmcharacters` VALUES ('1', '767', '1');
INSERT INTO `realmcharacters` VALUES ('1', '766', '1');
INSERT INTO `realmcharacters` VALUES ('1', '768', '1');
INSERT INTO `realmcharacters` VALUES ('1', '769', '1');
INSERT INTO `realmcharacters` VALUES ('1', '770', '2');
INSERT INTO `realmcharacters` VALUES ('1', '89', '1');
INSERT INTO `realmcharacters` VALUES ('1', '746', '2');
INSERT INTO `realmcharacters` VALUES ('1', '744', '2');
INSERT INTO `realmcharacters` VALUES ('1', '745', '2');
INSERT INTO `realmcharacters` VALUES ('1', '773', '1');
INSERT INTO `realmcharacters` VALUES ('1', '31', '3');
INSERT INTO `realmcharacters` VALUES ('1', '374', '2');
INSERT INTO `realmcharacters` VALUES ('1', '774', '4');
INSERT INTO `realmcharacters` VALUES ('1', '775', '1');
INSERT INTO `realmcharacters` VALUES ('1', '776', '1');
INSERT INTO `realmcharacters` VALUES ('1', '778', '2');
INSERT INTO `realmcharacters` VALUES ('1', '779', '3');
INSERT INTO `realmcharacters` VALUES ('1', '771', '2');
INSERT INTO `realmcharacters` VALUES ('1', '545', '1');
INSERT INTO `realmcharacters` VALUES ('1', '177', '1');
INSERT INTO `realmcharacters` VALUES ('1', '17', '1');
INSERT INTO `realmcharacters` VALUES ('1', '780', '1');
INSERT INTO `realmcharacters` VALUES ('1', '474', '2');
INSERT INTO `realmcharacters` VALUES ('1', '782', '1');
INSERT INTO `realmcharacters` VALUES ('1', '516', '2');
INSERT INTO `realmcharacters` VALUES ('1', '783', '2');
INSERT INTO `realmcharacters` VALUES ('1', '784', '1');
INSERT INTO `realmcharacters` VALUES ('1', '785', '1');
INSERT INTO `realmcharacters` VALUES ('1', '786', '1');
INSERT INTO `realmcharacters` VALUES ('1', '787', '1');
INSERT INTO `realmcharacters` VALUES ('1', '781', '2');
INSERT INTO `realmcharacters` VALUES ('1', '788', '2');
INSERT INTO `realmcharacters` VALUES ('1', '789', '2');
INSERT INTO `realmcharacters` VALUES ('1', '790', '2');
INSERT INTO `realmcharacters` VALUES ('1', '791', '3');
INSERT INTO `realmcharacters` VALUES ('1', '792', '2');
INSERT INTO `realmcharacters` VALUES ('1', '504', '1');
INSERT INTO `realmcharacters` VALUES ('1', '793', '2');
INSERT INTO `realmcharacters` VALUES ('1', '795', '1');
INSERT INTO `realmcharacters` VALUES ('1', '796', '3');
INSERT INTO `realmcharacters` VALUES ('1', '797', '1');
INSERT INTO `realmcharacters` VALUES ('1', '798', '1');
INSERT INTO `realmcharacters` VALUES ('1', '406', '3');
INSERT INTO `realmcharacters` VALUES ('1', '799', '1');
INSERT INTO `realmcharacters` VALUES ('1', '622', '1');
INSERT INTO `realmcharacters` VALUES ('1', '800', '2');
INSERT INTO `realmcharacters` VALUES ('1', '801', '2');
INSERT INTO `realmcharacters` VALUES ('1', '802', '1');
INSERT INTO `realmcharacters` VALUES ('1', '803', '2');
INSERT INTO `realmcharacters` VALUES ('1', '804', '1');
INSERT INTO `realmcharacters` VALUES ('1', '805', '5');
INSERT INTO `realmcharacters` VALUES ('1', '806', '2');
INSERT INTO `realmcharacters` VALUES ('1', '339', '4');
INSERT INTO `realmcharacters` VALUES ('1', '507', '2');
INSERT INTO `realmcharacters` VALUES ('1', '502', '1');
INSERT INTO `realmcharacters` VALUES ('1', '807', '1');
INSERT INTO `realmcharacters` VALUES ('1', '808', '1');
INSERT INTO `realmcharacters` VALUES ('1', '809', '2');
INSERT INTO `realmcharacters` VALUES ('1', '812', '1');
INSERT INTO `realmcharacters` VALUES ('1', '813', '3');
INSERT INTO `realmcharacters` VALUES ('1', '351', '1');
INSERT INTO `realmcharacters` VALUES ('1', '811', '1');
INSERT INTO `realmcharacters` VALUES ('1', '815', '2');
INSERT INTO `realmcharacters` VALUES ('1', '814', '2');
INSERT INTO `realmcharacters` VALUES ('1', '816', '1');
INSERT INTO `realmcharacters` VALUES ('1', '817', '2');
INSERT INTO `realmcharacters` VALUES ('1', '818', '1');
INSERT INTO `realmcharacters` VALUES ('1', '821', '1');
INSERT INTO `realmcharacters` VALUES ('1', '822', '2');
INSERT INTO `realmcharacters` VALUES ('1', '823', '1');
INSERT INTO `realmcharacters` VALUES ('1', '824', '1');
INSERT INTO `realmcharacters` VALUES ('1', '825', '2');
INSERT INTO `realmcharacters` VALUES ('1', '826', '2');
INSERT INTO `realmcharacters` VALUES ('1', '827', '2');
INSERT INTO `realmcharacters` VALUES ('1', '738', '1');
INSERT INTO `realmcharacters` VALUES ('1', '444', '3');
INSERT INTO `realmcharacters` VALUES ('1', '828', '1');
INSERT INTO `realmcharacters` VALUES ('1', '829', '1');
INSERT INTO `realmcharacters` VALUES ('1', '830', '2');
INSERT INTO `realmcharacters` VALUES ('1', '537', '2');
INSERT INTO `realmcharacters` VALUES ('1', '478', '2');
INSERT INTO `realmcharacters` VALUES ('1', '307', '1');
INSERT INTO `realmcharacters` VALUES ('1', '303', '1');
INSERT INTO `realmcharacters` VALUES ('1', '162', '2');
INSERT INTO `realmcharacters` VALUES ('1', '832', '1');
INSERT INTO `realmcharacters` VALUES ('1', '833', '2');
INSERT INTO `realmcharacters` VALUES ('1', '834', '4');
INSERT INTO `realmcharacters` VALUES ('1', '835', '2');
INSERT INTO `realmcharacters` VALUES ('1', '836', '1');
INSERT INTO `realmcharacters` VALUES ('1', '837', '3');
INSERT INTO `realmcharacters` VALUES ('1', '337', '2');
INSERT INTO `realmcharacters` VALUES ('1', '841', '1');
INSERT INTO `realmcharacters` VALUES ('1', '843', '2');
INSERT INTO `realmcharacters` VALUES ('1', '844', '2');
INSERT INTO `realmcharacters` VALUES ('1', '845', '2');
INSERT INTO `realmcharacters` VALUES ('1', '842', '2');
INSERT INTO `realmcharacters` VALUES ('1', '298', '3');
INSERT INTO `realmcharacters` VALUES ('1', '846', '3');
INSERT INTO `realmcharacters` VALUES ('1', '847', '1');
INSERT INTO `realmcharacters` VALUES ('1', '534', '1');
INSERT INTO `realmcharacters` VALUES ('1', '848', '3');
INSERT INTO `realmcharacters` VALUES ('1', '231', '3');
INSERT INTO `realmcharacters` VALUES ('1', '198', '2');
INSERT INTO `realmcharacters` VALUES ('1', '849', '1');
INSERT INTO `realmcharacters` VALUES ('1', '850', '1');
INSERT INTO `realmcharacters` VALUES ('1', '616', '2');
INSERT INTO `realmcharacters` VALUES ('1', '32', '1');
INSERT INTO `realmcharacters` VALUES ('1', '851', '2');
INSERT INTO `realmcharacters` VALUES ('1', '852', '1');
INSERT INTO `realmcharacters` VALUES ('1', '855', '1');
INSERT INTO `realmcharacters` VALUES ('1', '854', '1');
INSERT INTO `realmcharacters` VALUES ('1', '856', '3');
INSERT INTO `realmcharacters` VALUES ('1', '857', '2');
INSERT INTO `realmcharacters` VALUES ('1', '858', '3');
INSERT INTO `realmcharacters` VALUES ('1', '860', '6');
INSERT INTO `realmcharacters` VALUES ('1', '864', '2');
INSERT INTO `realmcharacters` VALUES ('1', '863', '3');
INSERT INTO `realmcharacters` VALUES ('1', '866', '1');
INSERT INTO `realmcharacters` VALUES ('1', '867', '1');
INSERT INTO `realmcharacters` VALUES ('1', '868', '1');
INSERT INTO `realmcharacters` VALUES ('1', '869', '1');
INSERT INTO `realmcharacters` VALUES ('1', '870', '1');
INSERT INTO `realmcharacters` VALUES ('1', '871', '3');
INSERT INTO `realmcharacters` VALUES ('1', '872', '1');
INSERT INTO `realmcharacters` VALUES ('1', '873', '1');
INSERT INTO `realmcharacters` VALUES ('1', '874', '1');
INSERT INTO `realmcharacters` VALUES ('1', '875', '1');
INSERT INTO `realmcharacters` VALUES ('1', '311', '2');
INSERT INTO `realmcharacters` VALUES ('1', '876', '2');
INSERT INTO `realmcharacters` VALUES ('1', '41', '3');
INSERT INTO `realmcharacters` VALUES ('1', '877', '1');
INSERT INTO `realmcharacters` VALUES ('2', '865', '0');
INSERT INTO `realmcharacters` VALUES ('1', '865', '2');
INSERT INTO `realmcharacters` VALUES ('2', '557', '0');
INSERT INTO `realmcharacters` VALUES ('1', '557', '0');
INSERT INTO `realmcharacters` VALUES ('2', '615', '0');
INSERT INTO `realmcharacters` VALUES ('1', '615', '0');
INSERT INTO `realmcharacters` VALUES ('2', '116', '0');
INSERT INTO `realmcharacters` VALUES ('1', '116', '0');
INSERT INTO `realmcharacters` VALUES ('2', '90', '0');
INSERT INTO `realmcharacters` VALUES ('1', '90', '0');
INSERT INTO `realmcharacters` VALUES ('2', '394', '0');
INSERT INTO `realmcharacters` VALUES ('1', '394', '0');
INSERT INTO `realmcharacters` VALUES ('2', '402', '0');
INSERT INTO `realmcharacters` VALUES ('1', '402', '0');
INSERT INTO `realmcharacters` VALUES ('2', '76', '0');
INSERT INTO `realmcharacters` VALUES ('1', '76', '0');
INSERT INTO `realmcharacters` VALUES ('2', '166', '0');
INSERT INTO `realmcharacters` VALUES ('1', '166', '0');
INSERT INTO `realmcharacters` VALUES ('2', '168', '0');
INSERT INTO `realmcharacters` VALUES ('1', '168', '0');
INSERT INTO `realmcharacters` VALUES ('2', '251', '0');
INSERT INTO `realmcharacters` VALUES ('1', '251', '0');
INSERT INTO `realmcharacters` VALUES ('2', '350', '0');
INSERT INTO `realmcharacters` VALUES ('1', '350', '0');
INSERT INTO `realmcharacters` VALUES ('2', '548', '0');
INSERT INTO `realmcharacters` VALUES ('1', '548', '0');
INSERT INTO `realmcharacters` VALUES ('2', '573', '0');
INSERT INTO `realmcharacters` VALUES ('1', '573', '0');
INSERT INTO `realmcharacters` VALUES ('2', '130', '0');
INSERT INTO `realmcharacters` VALUES ('1', '130', '0');
INSERT INTO `realmcharacters` VALUES ('2', '129', '0');
INSERT INTO `realmcharacters` VALUES ('1', '129', '0');
INSERT INTO `realmcharacters` VALUES ('2', '343', '0');
INSERT INTO `realmcharacters` VALUES ('1', '343', '0');
INSERT INTO `realmcharacters` VALUES ('2', '86', '0');
INSERT INTO `realmcharacters` VALUES ('1', '86', '0');
INSERT INTO `realmcharacters` VALUES ('2', '372', '0');
INSERT INTO `realmcharacters` VALUES ('1', '372', '0');
INSERT INTO `realmcharacters` VALUES ('2', '794', '0');
INSERT INTO `realmcharacters` VALUES ('1', '794', '0');
INSERT INTO `realmcharacters` VALUES ('2', '44', '0');
INSERT INTO `realmcharacters` VALUES ('1', '44', '0');
INSERT INTO `realmcharacters` VALUES ('2', '522', '0');
INSERT INTO `realmcharacters` VALUES ('1', '522', '0');
INSERT INTO `realmcharacters` VALUES ('2', '459', '0');
INSERT INTO `realmcharacters` VALUES ('1', '459', '4');
INSERT INTO `realmcharacters` VALUES ('2', '489', '0');
INSERT INTO `realmcharacters` VALUES ('1', '489', '0');
INSERT INTO `realmcharacters` VALUES ('2', '210', '0');
INSERT INTO `realmcharacters` VALUES ('1', '210', '0');
INSERT INTO `realmcharacters` VALUES ('2', '569', '0');
INSERT INTO `realmcharacters` VALUES ('1', '569', '0');
INSERT INTO `realmcharacters` VALUES ('2', '69', '0');
INSERT INTO `realmcharacters` VALUES ('1', '69', '0');
INSERT INTO `realmcharacters` VALUES ('2', '27', '0');
INSERT INTO `realmcharacters` VALUES ('1', '27', '0');
INSERT INTO `realmcharacters` VALUES ('2', '711', '0');
INSERT INTO `realmcharacters` VALUES ('1', '711', '0');
INSERT INTO `realmcharacters` VALUES ('2', '571', '0');
INSERT INTO `realmcharacters` VALUES ('1', '571', '0');
INSERT INTO `realmcharacters` VALUES ('2', '390', '0');
INSERT INTO `realmcharacters` VALUES ('1', '390', '0');
INSERT INTO `realmcharacters` VALUES ('2', '387', '0');
INSERT INTO `realmcharacters` VALUES ('1', '387', '0');
INSERT INTO `realmcharacters` VALUES ('2', '389', '0');
INSERT INTO `realmcharacters` VALUES ('1', '389', '0');
INSERT INTO `realmcharacters` VALUES ('2', '299', '0');
INSERT INTO `realmcharacters` VALUES ('1', '299', '0');
INSERT INTO `realmcharacters` VALUES ('2', '249', '0');
INSERT INTO `realmcharacters` VALUES ('1', '249', '0');
INSERT INTO `realmcharacters` VALUES ('2', '495', '0');
INSERT INTO `realmcharacters` VALUES ('1', '495', '0');
INSERT INTO `realmcharacters` VALUES ('2', '357', '0');
INSERT INTO `realmcharacters` VALUES ('1', '357', '0');
INSERT INTO `realmcharacters` VALUES ('2', '283', '0');
INSERT INTO `realmcharacters` VALUES ('1', '283', '0');
INSERT INTO `realmcharacters` VALUES ('2', '604', '0');
INSERT INTO `realmcharacters` VALUES ('1', '604', '0');
INSERT INTO `realmcharacters` VALUES ('2', '840', '0');
INSERT INTO `realmcharacters` VALUES ('1', '840', '1');
INSERT INTO `realmcharacters` VALUES ('2', '487', '0');
INSERT INTO `realmcharacters` VALUES ('1', '487', '0');
INSERT INTO `realmcharacters` VALUES ('2', '170', '0');
INSERT INTO `realmcharacters` VALUES ('1', '170', '0');
INSERT INTO `realmcharacters` VALUES ('2', '202', '0');
INSERT INTO `realmcharacters` VALUES ('1', '202', '0');
INSERT INTO `realmcharacters` VALUES ('2', '316', '0');
INSERT INTO `realmcharacters` VALUES ('1', '316', '0');
INSERT INTO `realmcharacters` VALUES ('2', '319', '0');
INSERT INTO `realmcharacters` VALUES ('1', '319', '0');
INSERT INTO `realmcharacters` VALUES ('2', '158', '0');
INSERT INTO `realmcharacters` VALUES ('1', '158', '0');
INSERT INTO `realmcharacters` VALUES ('2', '574', '0');
INSERT INTO `realmcharacters` VALUES ('1', '574', '0');
INSERT INTO `realmcharacters` VALUES ('2', '50', '0');
INSERT INTO `realmcharacters` VALUES ('1', '50', '0');
INSERT INTO `realmcharacters` VALUES ('2', '455', '0');
INSERT INTO `realmcharacters` VALUES ('1', '455', '0');
INSERT INTO `realmcharacters` VALUES ('2', '416', '0');
INSERT INTO `realmcharacters` VALUES ('1', '416', '0');
INSERT INTO `realmcharacters` VALUES ('2', '268', '0');
INSERT INTO `realmcharacters` VALUES ('1', '268', '0');
INSERT INTO `realmcharacters` VALUES ('2', '397', '0');
INSERT INTO `realmcharacters` VALUES ('1', '397', '0');
INSERT INTO `realmcharacters` VALUES ('2', '415', '0');
INSERT INTO `realmcharacters` VALUES ('1', '415', '0');
INSERT INTO `realmcharacters` VALUES ('2', '281', '0');
INSERT INTO `realmcharacters` VALUES ('1', '281', '0');
INSERT INTO `realmcharacters` VALUES ('2', '143', '0');
INSERT INTO `realmcharacters` VALUES ('1', '143', '0');
INSERT INTO `realmcharacters` VALUES ('2', '234', '0');
INSERT INTO `realmcharacters` VALUES ('1', '234', '0');
INSERT INTO `realmcharacters` VALUES ('2', '138', '0');
INSERT INTO `realmcharacters` VALUES ('1', '138', '0');
INSERT INTO `realmcharacters` VALUES ('2', '735', '0');
INSERT INTO `realmcharacters` VALUES ('1', '735', '0');
INSERT INTO `realmcharacters` VALUES ('2', '328', '0');
INSERT INTO `realmcharacters` VALUES ('1', '328', '0');
INSERT INTO `realmcharacters` VALUES ('2', '174', '0');
INSERT INTO `realmcharacters` VALUES ('1', '174', '0');
INSERT INTO `realmcharacters` VALUES ('2', '359', '0');
INSERT INTO `realmcharacters` VALUES ('1', '359', '0');
INSERT INTO `realmcharacters` VALUES ('2', '241', '0');
INSERT INTO `realmcharacters` VALUES ('1', '241', '0');
INSERT INTO `realmcharacters` VALUES ('2', '607', '0');
INSERT INTO `realmcharacters` VALUES ('1', '607', '0');
INSERT INTO `realmcharacters` VALUES ('2', '677', '0');
INSERT INTO `realmcharacters` VALUES ('1', '677', '0');
INSERT INTO `realmcharacters` VALUES ('2', '295', '0');
INSERT INTO `realmcharacters` VALUES ('1', '295', '0');
INSERT INTO `realmcharacters` VALUES ('2', '292', '0');
INSERT INTO `realmcharacters` VALUES ('1', '292', '0');
INSERT INTO `realmcharacters` VALUES ('2', '291', '0');
INSERT INTO `realmcharacters` VALUES ('1', '291', '0');
INSERT INTO `realmcharacters` VALUES ('2', '97', '0');
INSERT INTO `realmcharacters` VALUES ('1', '97', '0');
INSERT INTO `realmcharacters` VALUES ('2', '161', '0');
INSERT INTO `realmcharacters` VALUES ('1', '161', '0');
INSERT INTO `realmcharacters` VALUES ('2', '724', '0');
INSERT INTO `realmcharacters` VALUES ('1', '724', '0');
INSERT INTO `realmcharacters` VALUES ('2', '440', '0');
INSERT INTO `realmcharacters` VALUES ('1', '440', '0');
INSERT INTO `realmcharacters` VALUES ('2', '503', '0');
INSERT INTO `realmcharacters` VALUES ('1', '503', '0');
INSERT INTO `realmcharacters` VALUES ('2', '376', '0');
INSERT INTO `realmcharacters` VALUES ('1', '376', '0');
INSERT INTO `realmcharacters` VALUES ('2', '321', '0');
INSERT INTO `realmcharacters` VALUES ('1', '321', '0');
INSERT INTO `realmcharacters` VALUES ('2', '252', '0');
INSERT INTO `realmcharacters` VALUES ('1', '252', '0');
INSERT INTO `realmcharacters` VALUES ('2', '378', '0');
INSERT INTO `realmcharacters` VALUES ('1', '378', '2');
INSERT INTO `realmcharacters` VALUES ('2', '197', '0');
INSERT INTO `realmcharacters` VALUES ('1', '197', '0');
INSERT INTO `realmcharacters` VALUES ('2', '501', '0');
INSERT INTO `realmcharacters` VALUES ('1', '501', '0');
INSERT INTO `realmcharacters` VALUES ('2', '232', '0');
INSERT INTO `realmcharacters` VALUES ('1', '232', '0');
INSERT INTO `realmcharacters` VALUES ('2', '329', '0');
INSERT INTO `realmcharacters` VALUES ('1', '329', '2');
INSERT INTO `realmcharacters` VALUES ('2', '772', '0');
INSERT INTO `realmcharacters` VALUES ('1', '772', '0');
INSERT INTO `realmcharacters` VALUES ('2', '226', '0');
INSERT INTO `realmcharacters` VALUES ('1', '226', '0');
INSERT INTO `realmcharacters` VALUES ('2', '561', '0');
INSERT INTO `realmcharacters` VALUES ('1', '561', '0');
INSERT INTO `realmcharacters` VALUES ('2', '523', '0');
INSERT INTO `realmcharacters` VALUES ('1', '523', '0');
INSERT INTO `realmcharacters` VALUES ('2', '225', '0');
INSERT INTO `realmcharacters` VALUES ('1', '225', '0');
INSERT INTO `realmcharacters` VALUES ('2', '223', '0');
INSERT INTO `realmcharacters` VALUES ('1', '223', '0');
INSERT INTO `realmcharacters` VALUES ('2', '224', '0');
INSERT INTO `realmcharacters` VALUES ('1', '224', '0');
INSERT INTO `realmcharacters` VALUES ('2', '473', '0');
INSERT INTO `realmcharacters` VALUES ('1', '473', '0');
INSERT INTO `realmcharacters` VALUES ('2', '135', '0');
INSERT INTO `realmcharacters` VALUES ('1', '135', '0');
INSERT INTO `realmcharacters` VALUES ('2', '263', '0');
INSERT INTO `realmcharacters` VALUES ('1', '263', '0');
INSERT INTO `realmcharacters` VALUES ('2', '146', '0');
INSERT INTO `realmcharacters` VALUES ('1', '146', '0');
INSERT INTO `realmcharacters` VALUES ('2', '414', '0');
INSERT INTO `realmcharacters` VALUES ('1', '414', '0');
INSERT INTO `realmcharacters` VALUES ('2', '536', '0');
INSERT INTO `realmcharacters` VALUES ('1', '536', '0');
INSERT INTO `realmcharacters` VALUES ('2', '539', '0');
INSERT INTO `realmcharacters` VALUES ('1', '539', '0');
INSERT INTO `realmcharacters` VALUES ('2', '540', '0');
INSERT INTO `realmcharacters` VALUES ('1', '540', '0');
INSERT INTO `realmcharacters` VALUES ('2', '172', '0');
INSERT INTO `realmcharacters` VALUES ('1', '172', '0');
INSERT INTO `realmcharacters` VALUES ('2', '275', '0');
INSERT INTO `realmcharacters` VALUES ('1', '275', '0');
INSERT INTO `realmcharacters` VALUES ('2', '300', '0');
INSERT INTO `realmcharacters` VALUES ('1', '300', '0');
INSERT INTO `realmcharacters` VALUES ('2', '410', '0');
INSERT INTO `realmcharacters` VALUES ('1', '410', '0');
INSERT INTO `realmcharacters` VALUES ('2', '457', '0');
INSERT INTO `realmcharacters` VALUES ('1', '457', '0');
INSERT INTO `realmcharacters` VALUES ('2', '56', '0');
INSERT INTO `realmcharacters` VALUES ('1', '56', '0');
INSERT INTO `realmcharacters` VALUES ('2', '512', '0');
INSERT INTO `realmcharacters` VALUES ('1', '512', '0');
INSERT INTO `realmcharacters` VALUES ('2', '466', '0');
INSERT INTO `realmcharacters` VALUES ('1', '466', '0');
INSERT INTO `realmcharacters` VALUES ('2', '105', '0');
INSERT INTO `realmcharacters` VALUES ('1', '105', '0');
INSERT INTO `realmcharacters` VALUES ('2', '442', '0');
INSERT INTO `realmcharacters` VALUES ('1', '442', '0');
INSERT INTO `realmcharacters` VALUES ('2', '96', '0');
INSERT INTO `realmcharacters` VALUES ('1', '96', '0');
INSERT INTO `realmcharacters` VALUES ('2', '479', '0');
INSERT INTO `realmcharacters` VALUES ('1', '479', '0');
INSERT INTO `realmcharacters` VALUES ('2', '102', '0');
INSERT INTO `realmcharacters` VALUES ('1', '102', '0');
INSERT INTO `realmcharacters` VALUES ('2', '60', '0');
INSERT INTO `realmcharacters` VALUES ('1', '60', '0');
INSERT INTO `realmcharacters` VALUES ('2', '229', '0');
INSERT INTO `realmcharacters` VALUES ('1', '229', '0');
INSERT INTO `realmcharacters` VALUES ('2', '482', '0');
INSERT INTO `realmcharacters` VALUES ('1', '482', '0');
INSERT INTO `realmcharacters` VALUES ('2', '302', '0');
INSERT INTO `realmcharacters` VALUES ('1', '302', '0');
INSERT INTO `realmcharacters` VALUES ('2', '456', '0');
INSERT INTO `realmcharacters` VALUES ('1', '456', '0');
INSERT INTO `realmcharacters` VALUES ('2', '20', '0');
INSERT INTO `realmcharacters` VALUES ('1', '20', '0');
INSERT INTO `realmcharacters` VALUES ('2', '11', '0');
INSERT INTO `realmcharacters` VALUES ('1', '11', '0');
INSERT INTO `realmcharacters` VALUES ('2', '345', '0');
INSERT INTO `realmcharacters` VALUES ('1', '345', '0');
INSERT INTO `realmcharacters` VALUES ('2', '382', '0');
INSERT INTO `realmcharacters` VALUES ('1', '382', '0');
INSERT INTO `realmcharacters` VALUES ('2', '393', '0');
INSERT INTO `realmcharacters` VALUES ('1', '393', '0');
INSERT INTO `realmcharacters` VALUES ('2', '597', '0');
INSERT INTO `realmcharacters` VALUES ('1', '597', '0');
INSERT INTO `realmcharacters` VALUES ('2', '476', '0');
INSERT INTO `realmcharacters` VALUES ('1', '476', '0');
INSERT INTO `realmcharacters` VALUES ('2', '477', '0');
INSERT INTO `realmcharacters` VALUES ('1', '477', '0');
INSERT INTO `realmcharacters` VALUES ('2', '75', '0');
INSERT INTO `realmcharacters` VALUES ('1', '75', '0');
INSERT INTO `realmcharacters` VALUES ('2', '462', '0');
INSERT INTO `realmcharacters` VALUES ('1', '462', '0');
INSERT INTO `realmcharacters` VALUES ('2', '468', '0');
INSERT INTO `realmcharacters` VALUES ('1', '468', '0');
INSERT INTO `realmcharacters` VALUES ('2', '43', '0');
INSERT INTO `realmcharacters` VALUES ('1', '43', '0');
INSERT INTO `realmcharacters` VALUES ('2', '384', '0');
INSERT INTO `realmcharacters` VALUES ('1', '384', '0');
INSERT INTO `realmcharacters` VALUES ('2', '424', '0');
INSERT INTO `realmcharacters` VALUES ('1', '424', '0');
INSERT INTO `realmcharacters` VALUES ('2', '272', '0');
INSERT INTO `realmcharacters` VALUES ('1', '272', '0');
INSERT INTO `realmcharacters` VALUES ('2', '52', '0');
INSERT INTO `realmcharacters` VALUES ('1', '52', '0');
INSERT INTO `realmcharacters` VALUES ('2', '244', '0');
INSERT INTO `realmcharacters` VALUES ('1', '244', '0');
INSERT INTO `realmcharacters` VALUES ('2', '193', '0');
INSERT INTO `realmcharacters` VALUES ('1', '193', '0');
INSERT INTO `realmcharacters` VALUES ('2', '84', '0');
INSERT INTO `realmcharacters` VALUES ('1', '84', '0');
INSERT INTO `realmcharacters` VALUES ('2', '277', '0');
INSERT INTO `realmcharacters` VALUES ('1', '277', '0');
INSERT INTO `realmcharacters` VALUES ('2', '207', '0');
INSERT INTO `realmcharacters` VALUES ('1', '207', '0');
INSERT INTO `realmcharacters` VALUES ('2', '385', '0');
INSERT INTO `realmcharacters` VALUES ('1', '385', '0');
INSERT INTO `realmcharacters` VALUES ('2', '107', '0');
INSERT INTO `realmcharacters` VALUES ('1', '107', '0');
INSERT INTO `realmcharacters` VALUES ('2', '100', '0');
INSERT INTO `realmcharacters` VALUES ('1', '100', '0');
INSERT INTO `realmcharacters` VALUES ('2', '271', '0');
INSERT INTO `realmcharacters` VALUES ('1', '271', '0');
INSERT INTO `realmcharacters` VALUES ('2', '583', '0');
INSERT INTO `realmcharacters` VALUES ('1', '583', '0');
INSERT INTO `realmcharacters` VALUES ('2', '94', '0');
INSERT INTO `realmcharacters` VALUES ('1', '94', '0');
INSERT INTO `realmcharacters` VALUES ('2', '259', '0');
INSERT INTO `realmcharacters` VALUES ('1', '259', '0');
INSERT INTO `realmcharacters` VALUES ('2', '274', '0');
INSERT INTO `realmcharacters` VALUES ('1', '274', '0');
INSERT INTO `realmcharacters` VALUES ('2', '270', '0');
INSERT INTO `realmcharacters` VALUES ('1', '270', '0');
INSERT INTO `realmcharacters` VALUES ('2', '543', '0');
INSERT INTO `realmcharacters` VALUES ('1', '543', '0');
INSERT INTO `realmcharacters` VALUES ('2', '422', '0');
INSERT INTO `realmcharacters` VALUES ('1', '422', '0');
INSERT INTO `realmcharacters` VALUES ('2', '405', '0');
INSERT INTO `realmcharacters` VALUES ('1', '405', '0');
INSERT INTO `realmcharacters` VALUES ('2', '230', '0');
INSERT INTO `realmcharacters` VALUES ('1', '230', '0');
INSERT INTO `realmcharacters` VALUES ('2', '265', '0');
INSERT INTO `realmcharacters` VALUES ('1', '265', '0');
INSERT INTO `realmcharacters` VALUES ('2', '141', '0');
INSERT INTO `realmcharacters` VALUES ('1', '141', '0');
INSERT INTO `realmcharacters` VALUES ('2', '819', '0');
INSERT INTO `realmcharacters` VALUES ('1', '819', '0');
INSERT INTO `realmcharacters` VALUES ('2', '68', '0');
INSERT INTO `realmcharacters` VALUES ('1', '68', '0');
INSERT INTO `realmcharacters` VALUES ('2', '481', '0');
INSERT INTO `realmcharacters` VALUES ('1', '481', '0');
INSERT INTO `realmcharacters` VALUES ('2', '610', '0');
INSERT INTO `realmcharacters` VALUES ('1', '610', '2');
INSERT INTO `realmcharacters` VALUES ('2', '28', '0');
INSERT INTO `realmcharacters` VALUES ('1', '28', '0');
INSERT INTO `realmcharacters` VALUES ('2', '29', '0');
INSERT INTO `realmcharacters` VALUES ('1', '29', '0');
INSERT INTO `realmcharacters` VALUES ('2', '284', '0');
INSERT INTO `realmcharacters` VALUES ('1', '284', '0');
INSERT INTO `realmcharacters` VALUES ('2', '169', '0');
INSERT INTO `realmcharacters` VALUES ('1', '169', '0');
INSERT INTO `realmcharacters` VALUES ('2', '347', '0');
INSERT INTO `realmcharacters` VALUES ('1', '347', '0');
INSERT INTO `realmcharacters` VALUES ('2', '554', '0');
INSERT INTO `realmcharacters` VALUES ('1', '554', '0');
INSERT INTO `realmcharacters` VALUES ('2', '25', '0');
INSERT INTO `realmcharacters` VALUES ('1', '25', '0');
INSERT INTO `realmcharacters` VALUES ('2', '53', '0');
INSERT INTO `realmcharacters` VALUES ('1', '53', '0');
INSERT INTO `realmcharacters` VALUES ('2', '674', '0');
INSERT INTO `realmcharacters` VALUES ('1', '674', '0');
INSERT INTO `realmcharacters` VALUES ('2', '619', '0');
INSERT INTO `realmcharacters` VALUES ('1', '619', '0');
INSERT INTO `realmcharacters` VALUES ('2', '603', '0');
INSERT INTO `realmcharacters` VALUES ('1', '603', '0');
INSERT INTO `realmcharacters` VALUES ('2', '326', '0');
INSERT INTO `realmcharacters` VALUES ('1', '326', '0');
INSERT INTO `realmcharacters` VALUES ('2', '472', '0');
INSERT INTO `realmcharacters` VALUES ('1', '472', '0');
INSERT INTO `realmcharacters` VALUES ('2', '420', '0');
INSERT INTO `realmcharacters` VALUES ('1', '420', '0');
INSERT INTO `realmcharacters` VALUES ('2', '552', '0');
INSERT INTO `realmcharacters` VALUES ('1', '552', '0');
INSERT INTO `realmcharacters` VALUES ('2', '306', '0');
INSERT INTO `realmcharacters` VALUES ('1', '306', '2');
INSERT INTO `realmcharacters` VALUES ('2', '62', '0');
INSERT INTO `realmcharacters` VALUES ('1', '62', '0');
INSERT INTO `realmcharacters` VALUES ('2', '520', '0');
INSERT INTO `realmcharacters` VALUES ('1', '520', '0');
INSERT INTO `realmcharacters` VALUES ('2', '46', '0');
INSERT INTO `realmcharacters` VALUES ('1', '46', '0');
INSERT INTO `realmcharacters` VALUES ('2', '400', '0');
INSERT INTO `realmcharacters` VALUES ('1', '400', '0');
INSERT INTO `realmcharacters` VALUES ('2', '178', '0');
INSERT INTO `realmcharacters` VALUES ('1', '178', '0');
INSERT INTO `realmcharacters` VALUES ('2', '236', '0');
INSERT INTO `realmcharacters` VALUES ('1', '236', '0');
INSERT INTO `realmcharacters` VALUES ('2', '429', '0');
INSERT INTO `realmcharacters` VALUES ('1', '429', '0');
INSERT INTO `realmcharacters` VALUES ('2', '190', '0');
INSERT INTO `realmcharacters` VALUES ('1', '190', '0');
INSERT INTO `realmcharacters` VALUES ('2', '391', '0');
INSERT INTO `realmcharacters` VALUES ('1', '391', '0');
INSERT INTO `realmcharacters` VALUES ('2', '310', '0');
INSERT INTO `realmcharacters` VALUES ('1', '310', '0');
INSERT INTO `realmcharacters` VALUES ('2', '279', '0');
INSERT INTO `realmcharacters` VALUES ('1', '279', '0');
INSERT INTO `realmcharacters` VALUES ('2', '262', '0');
INSERT INTO `realmcharacters` VALUES ('1', '262', '2');
INSERT INTO `realmcharacters` VALUES ('2', '242', '0');
INSERT INTO `realmcharacters` VALUES ('1', '242', '0');
INSERT INTO `realmcharacters` VALUES ('2', '757', '0');
INSERT INTO `realmcharacters` VALUES ('1', '757', '0');
INSERT INTO `realmcharacters` VALUES ('2', '469', '0');
INSERT INTO `realmcharacters` VALUES ('1', '469', '0');
INSERT INTO `realmcharacters` VALUES ('2', '65', '0');
INSERT INTO `realmcharacters` VALUES ('1', '65', '0');
INSERT INTO `realmcharacters` VALUES ('2', '403', '0');
INSERT INTO `realmcharacters` VALUES ('1', '403', '0');
INSERT INTO `realmcharacters` VALUES ('2', '206', '0');
INSERT INTO `realmcharacters` VALUES ('1', '206', '0');
INSERT INTO `realmcharacters` VALUES ('2', '547', '0');
INSERT INTO `realmcharacters` VALUES ('1', '547', '0');
INSERT INTO `realmcharacters` VALUES ('2', '182', '0');
INSERT INTO `realmcharacters` VALUES ('1', '182', '0');
INSERT INTO `realmcharacters` VALUES ('2', '280', '0');
INSERT INTO `realmcharacters` VALUES ('1', '280', '0');
INSERT INTO `realmcharacters` VALUES ('2', '492', '0');
INSERT INTO `realmcharacters` VALUES ('1', '492', '0');
INSERT INTO `realmcharacters` VALUES ('2', '458', '0');
INSERT INTO `realmcharacters` VALUES ('1', '458', '0');
INSERT INTO `realmcharacters` VALUES ('2', '407', '0');
INSERT INTO `realmcharacters` VALUES ('1', '407', '0');
INSERT INTO `realmcharacters` VALUES ('2', '529', '0');
INSERT INTO `realmcharacters` VALUES ('1', '529', '0');
INSERT INTO `realmcharacters` VALUES ('2', '660', '0');
INSERT INTO `realmcharacters` VALUES ('1', '660', '0');
INSERT INTO `realmcharacters` VALUES ('2', '606', '0');
INSERT INTO `realmcharacters` VALUES ('1', '606', '0');
INSERT INTO `realmcharacters` VALUES ('2', '544', '0');
INSERT INTO `realmcharacters` VALUES ('1', '544', '0');
INSERT INTO `realmcharacters` VALUES ('2', '590', '0');
INSERT INTO `realmcharacters` VALUES ('1', '590', '0');
INSERT INTO `realmcharacters` VALUES ('2', '63', '0');
INSERT INTO `realmcharacters` VALUES ('1', '63', '0');
INSERT INTO `realmcharacters` VALUES ('2', '294', '0');
INSERT INTO `realmcharacters` VALUES ('1', '294', '0');
INSERT INTO `realmcharacters` VALUES ('2', '80', '0');
INSERT INTO `realmcharacters` VALUES ('1', '80', '0');
INSERT INTO `realmcharacters` VALUES ('2', '91', '0');
INSERT INTO `realmcharacters` VALUES ('1', '91', '3');
INSERT INTO `realmcharacters` VALUES ('2', '70', '0');
INSERT INTO `realmcharacters` VALUES ('1', '70', '0');
INSERT INTO `realmcharacters` VALUES ('2', '581', '0');
INSERT INTO `realmcharacters` VALUES ('1', '581', '0');
INSERT INTO `realmcharacters` VALUES ('2', '395', '0');
INSERT INTO `realmcharacters` VALUES ('1', '395', '0');
INSERT INTO `realmcharacters` VALUES ('2', '304', '0');
INSERT INTO `realmcharacters` VALUES ('1', '304', '0');
INSERT INTO `realmcharacters` VALUES ('2', '612', '0');
INSERT INTO `realmcharacters` VALUES ('1', '612', '0');
INSERT INTO `realmcharacters` VALUES ('2', '356', '0');
INSERT INTO `realmcharacters` VALUES ('1', '356', '0');
INSERT INTO `realmcharacters` VALUES ('2', '613', '0');
INSERT INTO `realmcharacters` VALUES ('1', '613', '0');
INSERT INTO `realmcharacters` VALUES ('2', '567', '0');
INSERT INTO `realmcharacters` VALUES ('1', '567', '0');
INSERT INTO `realmcharacters` VALUES ('2', '342', '0');
INSERT INTO `realmcharacters` VALUES ('1', '342', '0');
INSERT INTO `realmcharacters` VALUES ('2', '355', '0');
INSERT INTO `realmcharacters` VALUES ('1', '355', '0');
INSERT INTO `realmcharacters` VALUES ('2', '527', '0');
INSERT INTO `realmcharacters` VALUES ('1', '527', '0');
INSERT INTO `realmcharacters` VALUES ('2', '344', '0');
INSERT INTO `realmcharacters` VALUES ('1', '344', '2');
INSERT INTO `realmcharacters` VALUES ('2', '115', '0');
INSERT INTO `realmcharacters` VALUES ('1', '115', '0');
INSERT INTO `realmcharacters` VALUES ('2', '73', '0');
INSERT INTO `realmcharacters` VALUES ('1', '73', '0');
INSERT INTO `realmcharacters` VALUES ('2', '112', '0');
INSERT INTO `realmcharacters` VALUES ('1', '112', '0');
INSERT INTO `realmcharacters` VALUES ('2', '308', '0');
INSERT INTO `realmcharacters` VALUES ('1', '308', '0');
INSERT INTO `realmcharacters` VALUES ('2', '144', '0');
INSERT INTO `realmcharacters` VALUES ('1', '144', '0');
INSERT INTO `realmcharacters` VALUES ('2', '293', '0');
INSERT INTO `realmcharacters` VALUES ('1', '293', '0');
INSERT INTO `realmcharacters` VALUES ('2', '243', '0');
INSERT INTO `realmcharacters` VALUES ('1', '243', '3');
INSERT INTO `realmcharacters` VALUES ('2', '147', '0');
INSERT INTO `realmcharacters` VALUES ('1', '147', '0');
INSERT INTO `realmcharacters` VALUES ('2', '35', '0');
INSERT INTO `realmcharacters` VALUES ('1', '35', '0');
INSERT INTO `realmcharacters` VALUES ('2', '149', '0');
INSERT INTO `realmcharacters` VALUES ('1', '149', '0');
INSERT INTO `realmcharacters` VALUES ('2', '535', '0');
INSERT INTO `realmcharacters` VALUES ('1', '535', '0');
INSERT INTO `realmcharacters` VALUES ('2', '267', '0');
INSERT INTO `realmcharacters` VALUES ('1', '267', '2');
INSERT INTO `realmcharacters` VALUES ('2', '153', '0');
INSERT INTO `realmcharacters` VALUES ('1', '153', '0');
INSERT INTO `realmcharacters` VALUES ('2', '36', '0');
INSERT INTO `realmcharacters` VALUES ('1', '36', '0');
INSERT INTO `realmcharacters` VALUES ('2', '409', '0');
INSERT INTO `realmcharacters` VALUES ('1', '409', '0');
INSERT INTO `realmcharacters` VALUES ('2', '508', '0');
INSERT INTO `realmcharacters` VALUES ('1', '508', '0');
INSERT INTO `realmcharacters` VALUES ('2', '480', '0');
INSERT INTO `realmcharacters` VALUES ('1', '480', '0');
INSERT INTO `realmcharacters` VALUES ('2', '467', '0');
INSERT INTO `realmcharacters` VALUES ('1', '467', '0');
INSERT INTO `realmcharacters` VALUES ('2', '485', '0');
INSERT INTO `realmcharacters` VALUES ('1', '485', '0');
INSERT INTO `realmcharacters` VALUES ('2', '151', '0');
INSERT INTO `realmcharacters` VALUES ('1', '151', '0');
INSERT INTO `realmcharacters` VALUES ('2', '203', '0');
INSERT INTO `realmcharacters` VALUES ('1', '203', '0');
INSERT INTO `realmcharacters` VALUES ('2', '586', '0');
INSERT INTO `realmcharacters` VALUES ('1', '586', '0');
INSERT INTO `realmcharacters` VALUES ('2', '380', '0');
INSERT INTO `realmcharacters` VALUES ('1', '380', '0');
INSERT INTO `realmcharacters` VALUES ('2', '238', '0');
INSERT INTO `realmcharacters` VALUES ('1', '238', '0');
INSERT INTO `realmcharacters` VALUES ('2', '88', '0');
INSERT INTO `realmcharacters` VALUES ('1', '88', '0');
INSERT INTO `realmcharacters` VALUES ('2', '324', '0');
INSERT INTO `realmcharacters` VALUES ('1', '324', '0');
INSERT INTO `realmcharacters` VALUES ('2', '558', '0');
INSERT INTO `realmcharacters` VALUES ('1', '558', '0');
INSERT INTO `realmcharacters` VALUES ('2', '111', '0');
INSERT INTO `realmcharacters` VALUES ('1', '111', '0');
INSERT INTO `realmcharacters` VALUES ('2', '185', '0');
INSERT INTO `realmcharacters` VALUES ('1', '185', '0');
INSERT INTO `realmcharacters` VALUES ('2', '600', '0');
INSERT INTO `realmcharacters` VALUES ('1', '600', '3');
INSERT INTO `realmcharacters` VALUES ('2', '605', '0');
INSERT INTO `realmcharacters` VALUES ('1', '605', '0');
INSERT INTO `realmcharacters` VALUES ('2', '354', '0');
INSERT INTO `realmcharacters` VALUES ('1', '354', '0');
INSERT INTO `realmcharacters` VALUES ('2', '349', '0');
INSERT INTO `realmcharacters` VALUES ('1', '349', '0');
INSERT INTO `realmcharacters` VALUES ('2', '315', '0');
INSERT INTO `realmcharacters` VALUES ('1', '315', '0');
INSERT INTO `realmcharacters` VALUES ('2', '22', '0');
INSERT INTO `realmcharacters` VALUES ('1', '22', '0');
INSERT INTO `realmcharacters` VALUES ('2', '831', '0');
INSERT INTO `realmcharacters` VALUES ('1', '831', '0');
INSERT INTO `realmcharacters` VALUES ('2', '40', '0');
INSERT INTO `realmcharacters` VALUES ('1', '40', '0');
INSERT INTO `realmcharacters` VALUES ('2', '258', '0');
INSERT INTO `realmcharacters` VALUES ('1', '258', '0');
INSERT INTO `realmcharacters` VALUES ('2', '186', '0');
INSERT INTO `realmcharacters` VALUES ('1', '186', '0');
INSERT INTO `realmcharacters` VALUES ('2', '124', '0');
INSERT INTO `realmcharacters` VALUES ('1', '124', '0');
INSERT INTO `realmcharacters` VALUES ('2', '530', '0');
INSERT INTO `realmcharacters` VALUES ('1', '530', '0');
INSERT INTO `realmcharacters` VALUES ('2', '128', '0');
INSERT INTO `realmcharacters` VALUES ('1', '128', '0');
INSERT INTO `realmcharacters` VALUES ('2', '16', '0');
INSERT INTO `realmcharacters` VALUES ('1', '16', '0');
INSERT INTO `realmcharacters` VALUES ('2', '24', '0');
INSERT INTO `realmcharacters` VALUES ('1', '24', '3');
INSERT INTO `realmcharacters` VALUES ('2', '159', '0');
INSERT INTO `realmcharacters` VALUES ('1', '159', '0');
INSERT INTO `realmcharacters` VALUES ('2', '452', '0');
INSERT INTO `realmcharacters` VALUES ('1', '452', '0');
INSERT INTO `realmcharacters` VALUES ('2', '30', '0');
INSERT INTO `realmcharacters` VALUES ('1', '30', '0');
INSERT INTO `realmcharacters` VALUES ('2', '334', '0');
INSERT INTO `realmcharacters` VALUES ('1', '334', '0');
INSERT INTO `realmcharacters` VALUES ('2', '260', '0');
INSERT INTO `realmcharacters` VALUES ('1', '260', '0');
INSERT INTO `realmcharacters` VALUES ('2', '136', '0');
INSERT INTO `realmcharacters` VALUES ('1', '136', '0');
INSERT INTO `realmcharacters` VALUES ('2', '428', '0');
INSERT INTO `realmcharacters` VALUES ('1', '428', '0');
INSERT INTO `realmcharacters` VALUES ('2', '269', '0');
INSERT INTO `realmcharacters` VALUES ('1', '269', '3');
INSERT INTO `realmcharacters` VALUES ('2', '173', '0');
INSERT INTO `realmcharacters` VALUES ('1', '173', '2');
INSERT INTO `realmcharacters` VALUES ('2', '432', '0');
INSERT INTO `realmcharacters` VALUES ('1', '432', '0');
INSERT INTO `realmcharacters` VALUES ('2', '433', '0');
INSERT INTO `realmcharacters` VALUES ('1', '433', '0');
INSERT INTO `realmcharacters` VALUES ('2', '430', '0');
INSERT INTO `realmcharacters` VALUES ('1', '430', '0');
INSERT INTO `realmcharacters` VALUES ('2', '526', '0');
INSERT INTO `realmcharacters` VALUES ('1', '526', '0');
INSERT INTO `realmcharacters` VALUES ('2', '423', '0');
INSERT INTO `realmcharacters` VALUES ('1', '423', '0');
INSERT INTO `realmcharacters` VALUES ('2', '425', '0');
INSERT INTO `realmcharacters` VALUES ('1', '425', '0');
INSERT INTO `realmcharacters` VALUES ('2', '431', '0');
INSERT INTO `realmcharacters` VALUES ('1', '431', '0');
INSERT INTO `realmcharacters` VALUES ('2', '282', '0');
INSERT INTO `realmcharacters` VALUES ('1', '282', '0');
INSERT INTO `realmcharacters` VALUES ('2', '383', '0');
INSERT INTO `realmcharacters` VALUES ('1', '383', '0');
INSERT INTO `realmcharacters` VALUES ('2', '191', '0');
INSERT INTO `realmcharacters` VALUES ('1', '191', '0');
INSERT INTO `realmcharacters` VALUES ('2', '192', '0');
INSERT INTO `realmcharacters` VALUES ('1', '192', '0');
INSERT INTO `realmcharacters` VALUES ('2', '189', '0');
INSERT INTO `realmcharacters` VALUES ('1', '189', '0');
INSERT INTO `realmcharacters` VALUES ('2', '119', '0');
INSERT INTO `realmcharacters` VALUES ('1', '119', '0');
INSERT INTO `realmcharacters` VALUES ('2', '370', '0');
INSERT INTO `realmcharacters` VALUES ('1', '370', '0');
INSERT INTO `realmcharacters` VALUES ('2', '254', '0');
INSERT INTO `realmcharacters` VALUES ('1', '254', '0');
INSERT INTO `realmcharacters` VALUES ('2', '369', '0');
INSERT INTO `realmcharacters` VALUES ('1', '369', '0');
INSERT INTO `realmcharacters` VALUES ('2', '412', '0');
INSERT INTO `realmcharacters` VALUES ('1', '412', '0');
INSERT INTO `realmcharacters` VALUES ('2', '475', '0');
INSERT INTO `realmcharacters` VALUES ('1', '475', '0');
INSERT INTO `realmcharacters` VALUES ('2', '427', '0');
INSERT INTO `realmcharacters` VALUES ('1', '427', '0');
INSERT INTO `realmcharacters` VALUES ('2', '213', '0');
INSERT INTO `realmcharacters` VALUES ('1', '213', '0');
INSERT INTO `realmcharacters` VALUES ('2', '214', '0');
INSERT INTO `realmcharacters` VALUES ('1', '214', '0');
INSERT INTO `realmcharacters` VALUES ('2', '366', '0');
INSERT INTO `realmcharacters` VALUES ('1', '366', '3');
INSERT INTO `realmcharacters` VALUES ('2', '373', '0');
INSERT INTO `realmcharacters` VALUES ('1', '373', '2');
INSERT INTO `realmcharacters` VALUES ('2', '199', '0');
INSERT INTO `realmcharacters` VALUES ('1', '199', '4');
INSERT INTO `realmcharacters` VALUES ('2', '461', '0');
INSERT INTO `realmcharacters` VALUES ('1', '461', '0');
INSERT INTO `realmcharacters` VALUES ('2', '421', '0');
INSERT INTO `realmcharacters` VALUES ('1', '421', '0');
INSERT INTO `realmcharacters` VALUES ('2', '165', '0');
INSERT INTO `realmcharacters` VALUES ('1', '165', '0');
INSERT INTO `realmcharacters` VALUES ('2', '114', '0');
INSERT INTO `realmcharacters` VALUES ('1', '114', '0');
INSERT INTO `realmcharacters` VALUES ('2', '188', '0');
INSERT INTO `realmcharacters` VALUES ('1', '188', '0');
INSERT INTO `realmcharacters` VALUES ('2', '413', '0');
INSERT INTO `realmcharacters` VALUES ('1', '413', '0');
INSERT INTO `realmcharacters` VALUES ('2', '332', '0');
INSERT INTO `realmcharacters` VALUES ('1', '332', '0');
INSERT INTO `realmcharacters` VALUES ('2', '194', '0');
INSERT INTO `realmcharacters` VALUES ('1', '194', '0');
INSERT INTO `realmcharacters` VALUES ('2', '525', '0');
INSERT INTO `realmcharacters` VALUES ('1', '525', '0');
INSERT INTO `realmcharacters` VALUES ('2', '117', '0');
INSERT INTO `realmcharacters` VALUES ('1', '117', '0');
INSERT INTO `realmcharacters` VALUES ('2', '434', '0');
INSERT INTO `realmcharacters` VALUES ('1', '434', '0');
INSERT INTO `realmcharacters` VALUES ('2', '575', '0');
INSERT INTO `realmcharacters` VALUES ('1', '575', '0');
INSERT INTO `realmcharacters` VALUES ('2', '379', '0');
INSERT INTO `realmcharacters` VALUES ('1', '379', '0');
INSERT INTO `realmcharacters` VALUES ('2', '725', '0');
INSERT INTO `realmcharacters` VALUES ('1', '725', '0');
INSERT INTO `realmcharacters` VALUES ('2', '371', '0');
INSERT INTO `realmcharacters` VALUES ('1', '371', '0');
INSERT INTO `realmcharacters` VALUES ('2', '85', '0');
INSERT INTO `realmcharacters` VALUES ('1', '85', '0');
INSERT INTO `realmcharacters` VALUES ('2', '331', '0');
INSERT INTO `realmcharacters` VALUES ('1', '331', '0');
INSERT INTO `realmcharacters` VALUES ('2', '497', '0');
INSERT INTO `realmcharacters` VALUES ('1', '497', '0');
INSERT INTO `realmcharacters` VALUES ('2', '756', '0');
INSERT INTO `realmcharacters` VALUES ('1', '756', '0');
INSERT INTO `realmcharacters` VALUES ('2', '163', '0');
INSERT INTO `realmcharacters` VALUES ('1', '163', '1');
INSERT INTO `realmcharacters` VALUES ('2', '175', '0');
INSERT INTO `realmcharacters` VALUES ('1', '175', '0');
INSERT INTO `realmcharacters` VALUES ('2', '562', '0');
INSERT INTO `realmcharacters` VALUES ('1', '562', '2');
INSERT INTO `realmcharacters` VALUES ('2', '580', '0');
INSERT INTO `realmcharacters` VALUES ('1', '580', '0');
INSERT INTO `realmcharacters` VALUES ('2', '388', '0');
INSERT INTO `realmcharacters` VALUES ('1', '388', '0');
INSERT INTO `realmcharacters` VALUES ('2', '411', '0');
INSERT INTO `realmcharacters` VALUES ('1', '411', '0');
INSERT INTO `realmcharacters` VALUES ('2', '445', '0');
INSERT INTO `realmcharacters` VALUES ('1', '445', '0');
INSERT INTO `realmcharacters` VALUES ('2', '127', '0');
INSERT INTO `realmcharacters` VALUES ('1', '127', '0');
INSERT INTO `realmcharacters` VALUES ('2', '120', '0');
INSERT INTO `realmcharacters` VALUES ('1', '120', '0');
INSERT INTO `realmcharacters` VALUES ('2', '39', '0');
INSERT INTO `realmcharacters` VALUES ('1', '39', '0');
INSERT INTO `realmcharacters` VALUES ('2', '579', '0');
INSERT INTO `realmcharacters` VALUES ('1', '579', '0');
INSERT INTO `realmcharacters` VALUES ('2', '333', '0');
INSERT INTO `realmcharacters` VALUES ('1', '333', '0');
INSERT INTO `realmcharacters` VALUES ('2', '93', '0');
INSERT INTO `realmcharacters` VALUES ('1', '93', '0');
INSERT INTO `realmcharacters` VALUES ('2', '196', '0');
INSERT INTO `realmcharacters` VALUES ('1', '196', '1');
INSERT INTO `realmcharacters` VALUES ('2', '680', '0');
INSERT INTO `realmcharacters` VALUES ('1', '680', '0');
INSERT INTO `realmcharacters` VALUES ('2', '398', '0');
INSERT INTO `realmcharacters` VALUES ('1', '398', '0');
INSERT INTO `realmcharacters` VALUES ('2', '54', '0');
INSERT INTO `realmcharacters` VALUES ('1', '54', '0');
INSERT INTO `realmcharacters` VALUES ('2', '330', '0');
INSERT INTO `realmcharacters` VALUES ('1', '330', '0');
INSERT INTO `realmcharacters` VALUES ('2', '239', '0');
INSERT INTO `realmcharacters` VALUES ('1', '239', '0');
INSERT INTO `realmcharacters` VALUES ('2', '592', '0');
INSERT INTO `realmcharacters` VALUES ('1', '592', '0');
INSERT INTO `realmcharacters` VALUES ('2', '256', '0');
INSERT INTO `realmcharacters` VALUES ('1', '256', '0');
INSERT INTO `realmcharacters` VALUES ('2', '273', '0');
INSERT INTO `realmcharacters` VALUES ('1', '273', '0');
INSERT INTO `realmcharacters` VALUES ('2', '446', '0');
INSERT INTO `realmcharacters` VALUES ('1', '446', '0');
INSERT INTO `realmcharacters` VALUES ('2', '181', '0');
INSERT INTO `realmcharacters` VALUES ('1', '181', '0');
INSERT INTO `realmcharacters` VALUES ('2', '204', '0');
INSERT INTO `realmcharacters` VALUES ('1', '204', '0');
INSERT INTO `realmcharacters` VALUES ('2', '235', '0');
INSERT INTO `realmcharacters` VALUES ('1', '235', '0');
INSERT INTO `realmcharacters` VALUES ('2', '240', '0');
INSERT INTO `realmcharacters` VALUES ('1', '240', '0');
INSERT INTO `realmcharacters` VALUES ('2', '171', '0');
INSERT INTO `realmcharacters` VALUES ('1', '171', '0');
INSERT INTO `realmcharacters` VALUES ('2', '139', '0');
INSERT INTO `realmcharacters` VALUES ('1', '139', '0');
INSERT INTO `realmcharacters` VALUES ('2', '589', '0');
INSERT INTO `realmcharacters` VALUES ('1', '589', '0');
INSERT INTO `realmcharacters` VALUES ('2', '352', '0');
INSERT INTO `realmcharacters` VALUES ('1', '352', '0');
INSERT INTO `realmcharacters` VALUES ('2', '132', '0');
INSERT INTO `realmcharacters` VALUES ('1', '132', '1');
INSERT INTO `realmcharacters` VALUES ('2', '47', '0');
INSERT INTO `realmcharacters` VALUES ('1', '47', '0');
INSERT INTO `realmcharacters` VALUES ('2', '730', '0');
INSERT INTO `realmcharacters` VALUES ('1', '730', '0');
INSERT INTO `realmcharacters` VALUES ('2', '532', '0');
INSERT INTO `realmcharacters` VALUES ('1', '532', '0');
INSERT INTO `realmcharacters` VALUES ('2', '584', '0');
INSERT INTO `realmcharacters` VALUES ('1', '584', '0');
INSERT INTO `realmcharacters` VALUES ('2', '486', '0');
INSERT INTO `realmcharacters` VALUES ('1', '486', '0');
INSERT INTO `realmcharacters` VALUES ('2', '211', '0');
INSERT INTO `realmcharacters` VALUES ('1', '211', '0');
INSERT INTO `realmcharacters` VALUES ('2', '498', '0');
INSERT INTO `realmcharacters` VALUES ('1', '498', '0');
INSERT INTO `realmcharacters` VALUES ('2', '396', '0');
INSERT INTO `realmcharacters` VALUES ('1', '396', '2');
INSERT INTO `realmcharacters` VALUES ('2', '121', '0');
INSERT INTO `realmcharacters` VALUES ('1', '121', '0');
INSERT INTO `realmcharacters` VALUES ('2', '323', '0');
INSERT INTO `realmcharacters` VALUES ('1', '323', '0');
INSERT INTO `realmcharacters` VALUES ('2', '285', '0');
INSERT INTO `realmcharacters` VALUES ('1', '285', '0');
INSERT INTO `realmcharacters` VALUES ('2', '617', '0');
INSERT INTO `realmcharacters` VALUES ('1', '617', '0');
INSERT INTO `realmcharacters` VALUES ('2', '460', '0');
INSERT INTO `realmcharacters` VALUES ('1', '460', '0');
INSERT INTO `realmcharacters` VALUES ('2', '155', '0');
INSERT INTO `realmcharacters` VALUES ('1', '155', '0');
INSERT INTO `realmcharacters` VALUES ('2', '81', '0');
INSERT INTO `realmcharacters` VALUES ('1', '81', '0');
INSERT INTO `realmcharacters` VALUES ('2', '541', '0');
INSERT INTO `realmcharacters` VALUES ('1', '541', '0');
INSERT INTO `realmcharacters` VALUES ('2', '437', '0');
INSERT INTO `realmcharacters` VALUES ('1', '437', '0');
INSERT INTO `realmcharacters` VALUES ('2', '180', '0');
INSERT INTO `realmcharacters` VALUES ('1', '180', '0');
INSERT INTO `realmcharacters` VALUES ('2', '392', '0');
INSERT INTO `realmcharacters` VALUES ('1', '392', '0');
INSERT INTO `realmcharacters` VALUES ('2', '118', '0');
INSERT INTO `realmcharacters` VALUES ('1', '118', '0');
INSERT INTO `realmcharacters` VALUES ('2', '820', '0');
INSERT INTO `realmcharacters` VALUES ('1', '820', '2');
INSERT INTO `realmcharacters` VALUES ('2', '341', '0');
INSERT INTO `realmcharacters` VALUES ('1', '341', '0');
INSERT INTO `realmcharacters` VALUES ('2', '325', '0');
INSERT INTO `realmcharacters` VALUES ('1', '325', '0');
INSERT INTO `realmcharacters` VALUES ('2', '183', '0');
INSERT INTO `realmcharacters` VALUES ('1', '183', '0');
INSERT INTO `realmcharacters` VALUES ('2', '99', '0');
INSERT INTO `realmcharacters` VALUES ('1', '99', '0');
INSERT INTO `realmcharacters` VALUES ('2', '729', '0');
INSERT INTO `realmcharacters` VALUES ('1', '729', '0');
INSERT INTO `realmcharacters` VALUES ('2', '555', '0');
INSERT INTO `realmcharacters` VALUES ('1', '555', '0');
INSERT INTO `realmcharacters` VALUES ('2', '208', '0');
INSERT INTO `realmcharacters` VALUES ('1', '208', '0');
INSERT INTO `realmcharacters` VALUES ('2', '365', '0');
INSERT INTO `realmcharacters` VALUES ('1', '365', '0');
INSERT INTO `realmcharacters` VALUES ('2', '201', '0');
INSERT INTO `realmcharacters` VALUES ('1', '201', '0');
INSERT INTO `realmcharacters` VALUES ('2', '164', '0');
INSERT INTO `realmcharacters` VALUES ('1', '164', '0');
INSERT INTO `realmcharacters` VALUES ('2', '312', '0');
INSERT INTO `realmcharacters` VALUES ('1', '312', '0');
INSERT INTO `realmcharacters` VALUES ('2', '318', '0');
INSERT INTO `realmcharacters` VALUES ('1', '318', '0');
INSERT INTO `realmcharacters` VALUES ('2', '137', '0');
INSERT INTO `realmcharacters` VALUES ('1', '137', '0');
INSERT INTO `realmcharacters` VALUES ('2', '399', '0');
INSERT INTO `realmcharacters` VALUES ('1', '399', '0');
INSERT INTO `realmcharacters` VALUES ('2', '401', '0');
INSERT INTO `realmcharacters` VALUES ('1', '401', '0');
INSERT INTO `realmcharacters` VALUES ('2', '496', '0');
INSERT INTO `realmcharacters` VALUES ('1', '496', '0');
INSERT INTO `realmcharacters` VALUES ('2', '26', '0');
INSERT INTO `realmcharacters` VALUES ('1', '26', '0');
INSERT INTO `realmcharacters` VALUES ('2', '346', '0');
INSERT INTO `realmcharacters` VALUES ('1', '346', '0');
INSERT INTO `realmcharacters` VALUES ('2', '38', '0');
INSERT INTO `realmcharacters` VALUES ('1', '38', '0');
INSERT INTO `realmcharacters` VALUES ('2', '435', '0');
INSERT INTO `realmcharacters` VALUES ('1', '435', '0');
INSERT INTO `realmcharacters` VALUES ('2', '506', '0');
INSERT INTO `realmcharacters` VALUES ('1', '506', '0');
INSERT INTO `realmcharacters` VALUES ('2', '664', '0');
INSERT INTO `realmcharacters` VALUES ('1', '664', '0');
INSERT INTO `realmcharacters` VALUES ('2', '42', '0');
INSERT INTO `realmcharacters` VALUES ('1', '42', '0');
INSERT INTO `realmcharacters` VALUES ('2', '126', '0');
INSERT INTO `realmcharacters` VALUES ('1', '126', '0');
INSERT INTO `realmcharacters` VALUES ('2', '518', '0');
INSERT INTO `realmcharacters` VALUES ('1', '518', '0');
INSERT INTO `realmcharacters` VALUES ('2', '862', '0');
INSERT INTO `realmcharacters` VALUES ('1', '862', '0');
INSERT INTO `realmcharacters` VALUES ('2', '570', '0');
INSERT INTO `realmcharacters` VALUES ('1', '570', '0');
INSERT INTO `realmcharacters` VALUES ('2', '861', '0');
INSERT INTO `realmcharacters` VALUES ('1', '861', '0');
INSERT INTO `realmcharacters` VALUES ('2', '375', '0');
INSERT INTO `realmcharacters` VALUES ('1', '375', '0');
INSERT INTO `realmcharacters` VALUES ('2', '327', '0');
INSERT INTO `realmcharacters` VALUES ('1', '327', '0');
INSERT INTO `realmcharacters` VALUES ('2', '611', '0');
INSERT INTO `realmcharacters` VALUES ('1', '611', '0');
INSERT INTO `realmcharacters` VALUES ('2', '288', '0');
INSERT INTO `realmcharacters` VALUES ('1', '288', '0');
INSERT INTO `realmcharacters` VALUES ('2', '426', '0');
INSERT INTO `realmcharacters` VALUES ('1', '426', '0');
INSERT INTO `realmcharacters` VALUES ('2', '51', '0');
INSERT INTO `realmcharacters` VALUES ('1', '51', '0');
INSERT INTO `realmcharacters` VALUES ('2', '289', '0');
INSERT INTO `realmcharacters` VALUES ('1', '289', '0');
INSERT INTO `realmcharacters` VALUES ('2', '305', '0');
INSERT INTO `realmcharacters` VALUES ('1', '305', '2');
INSERT INTO `realmcharacters` VALUES ('2', '509', '0');
INSERT INTO `realmcharacters` VALUES ('1', '509', '0');
INSERT INTO `realmcharacters` VALUES ('2', '148', '0');
INSERT INTO `realmcharacters` VALUES ('1', '148', '0');
INSERT INTO `realmcharacters` VALUES ('2', '296', '0');
INSERT INTO `realmcharacters` VALUES ('1', '296', '3');
INSERT INTO `realmcharacters` VALUES ('2', '441', '0');
INSERT INTO `realmcharacters` VALUES ('1', '441', '0');
INSERT INTO `realmcharacters` VALUES ('2', '74', '0');
INSERT INTO `realmcharacters` VALUES ('1', '74', '0');
INSERT INTO `realmcharacters` VALUES ('2', '286', '0');
INSERT INTO `realmcharacters` VALUES ('1', '286', '0');
INSERT INTO `realmcharacters` VALUES ('2', '451', '0');
INSERT INTO `realmcharacters` VALUES ('1', '451', '0');
INSERT INTO `realmcharacters` VALUES ('2', '764', '0');
INSERT INTO `realmcharacters` VALUES ('1', '764', '0');
INSERT INTO `realmcharacters` VALUES ('2', '595', '0');
INSERT INTO `realmcharacters` VALUES ('1', '595', '0');
INSERT INTO `realmcharacters` VALUES ('2', '348', '0');
INSERT INTO `realmcharacters` VALUES ('1', '348', '0');
INSERT INTO `realmcharacters` VALUES ('2', '122', '0');
INSERT INTO `realmcharacters` VALUES ('1', '122', '0');
INSERT INTO `realmcharacters` VALUES ('2', '538', '0');
INSERT INTO `realmcharacters` VALUES ('1', '538', '0');
INSERT INTO `realmcharacters` VALUES ('2', '601', '0');
INSERT INTO `realmcharacters` VALUES ('1', '601', '0');
INSERT INTO `realmcharacters` VALUES ('2', '568', '0');
INSERT INTO `realmcharacters` VALUES ('1', '568', '0');
INSERT INTO `realmcharacters` VALUES ('2', '560', '0');
INSERT INTO `realmcharacters` VALUES ('1', '560', '0');
INSERT INTO `realmcharacters` VALUES ('2', '314', '0');
INSERT INTO `realmcharacters` VALUES ('1', '314', '0');
INSERT INTO `realmcharacters` VALUES ('2', '510', '0');
INSERT INTO `realmcharacters` VALUES ('1', '510', '4');
INSERT INTO `realmcharacters` VALUES ('2', '493', '0');
INSERT INTO `realmcharacters` VALUES ('1', '493', '0');
INSERT INTO `realmcharacters` VALUES ('2', '131', '0');
INSERT INTO `realmcharacters` VALUES ('1', '131', '0');
INSERT INTO `realmcharacters` VALUES ('2', '594', '0');
INSERT INTO `realmcharacters` VALUES ('1', '594', '0');
INSERT INTO `realmcharacters` VALUES ('2', '484', '0');
INSERT INTO `realmcharacters` VALUES ('1', '484', '0');
INSERT INTO `realmcharacters` VALUES ('2', '45', '0');
INSERT INTO `realmcharacters` VALUES ('1', '45', '0');
INSERT INTO `realmcharacters` VALUES ('2', '290', '0');
INSERT INTO `realmcharacters` VALUES ('1', '290', '0');
INSERT INTO `realmcharacters` VALUES ('2', '727', '0');
INSERT INTO `realmcharacters` VALUES ('1', '727', '0');
INSERT INTO `realmcharacters` VALUES ('2', '21', '0');
INSERT INTO `realmcharacters` VALUES ('1', '21', '0');
INSERT INTO `realmcharacters` VALUES ('2', '335', '0');
INSERT INTO `realmcharacters` VALUES ('1', '335', '0');
INSERT INTO `realmcharacters` VALUES ('2', '134', '0');
INSERT INTO `realmcharacters` VALUES ('1', '134', '0');
INSERT INTO `realmcharacters` VALUES ('2', '320', '0');
INSERT INTO `realmcharacters` VALUES ('1', '320', '0');
INSERT INTO `realmcharacters` VALUES ('2', '104', '0');
INSERT INTO `realmcharacters` VALUES ('1', '104', '0');
INSERT INTO `realmcharacters` VALUES ('2', '261', '0');
INSERT INTO `realmcharacters` VALUES ('1', '261', '0');
INSERT INTO `realmcharacters` VALUES ('2', '563', '0');
INSERT INTO `realmcharacters` VALUES ('1', '563', '0');
INSERT INTO `realmcharacters` VALUES ('2', '657', '0');
INSERT INTO `realmcharacters` VALUES ('1', '657', '0');
INSERT INTO `realmcharacters` VALUES ('2', '218', '0');
INSERT INTO `realmcharacters` VALUES ('1', '218', '0');
INSERT INTO `realmcharacters` VALUES ('2', '248', '0');
INSERT INTO `realmcharacters` VALUES ('1', '248', '0');
INSERT INTO `realmcharacters` VALUES ('2', '156', '0');
INSERT INTO `realmcharacters` VALUES ('1', '156', '3');
INSERT INTO `realmcharacters` VALUES ('2', '205', '0');
INSERT INTO `realmcharacters` VALUES ('1', '205', '0');
INSERT INTO `realmcharacters` VALUES ('2', '418', '0');
INSERT INTO `realmcharacters` VALUES ('1', '418', '0');
INSERT INTO `realmcharacters` VALUES ('2', '353', '0');
INSERT INTO `realmcharacters` VALUES ('1', '353', '0');
INSERT INTO `realmcharacters` VALUES ('2', '71', '0');
INSERT INTO `realmcharacters` VALUES ('1', '71', '0');
INSERT INTO `realmcharacters` VALUES ('2', '246', '0');
INSERT INTO `realmcharacters` VALUES ('1', '246', '0');
INSERT INTO `realmcharacters` VALUES ('2', '419', '0');
INSERT INTO `realmcharacters` VALUES ('1', '419', '0');
INSERT INTO `realmcharacters` VALUES ('2', '23', '0');
INSERT INTO `realmcharacters` VALUES ('1', '23', '0');
INSERT INTO `realmcharacters` VALUES ('2', '465', '0');
INSERT INTO `realmcharacters` VALUES ('1', '465', '0');
INSERT INTO `realmcharacters` VALUES ('2', '454', '0');
INSERT INTO `realmcharacters` VALUES ('1', '454', '0');
INSERT INTO `realmcharacters` VALUES ('2', '109', '0');
INSERT INTO `realmcharacters` VALUES ('1', '109', '0');
INSERT INTO `realmcharacters` VALUES ('2', '408', '0');
INSERT INTO `realmcharacters` VALUES ('1', '408', '0');
INSERT INTO `realmcharacters` VALUES ('2', '220', '0');
INSERT INTO `realmcharacters` VALUES ('1', '220', '0');
INSERT INTO `realmcharacters` VALUES ('2', '219', '0');
INSERT INTO `realmcharacters` VALUES ('1', '219', '0');
INSERT INTO `realmcharacters` VALUES ('2', '140', '0');
INSERT INTO `realmcharacters` VALUES ('1', '140', '0');
INSERT INTO `realmcharacters` VALUES ('2', '490', '0');
INSERT INTO `realmcharacters` VALUES ('1', '490', '0');
INSERT INTO `realmcharacters` VALUES ('2', '546', '0');
INSERT INTO `realmcharacters` VALUES ('1', '546', '0');
INSERT INTO `realmcharacters` VALUES ('2', '470', '0');
INSERT INTO `realmcharacters` VALUES ('1', '470', '0');
INSERT INTO `realmcharacters` VALUES ('2', '278', '0');
INSERT INTO `realmcharacters` VALUES ('1', '278', '0');
INSERT INTO `realmcharacters` VALUES ('2', '222', '0');
INSERT INTO `realmcharacters` VALUES ('1', '222', '3');
INSERT INTO `realmcharacters` VALUES ('2', '87', '0');
INSERT INTO `realmcharacters` VALUES ('1', '87', '0');
INSERT INTO `realmcharacters` VALUES ('2', '64', '0');
INSERT INTO `realmcharacters` VALUES ('1', '64', '0');
INSERT INTO `realmcharacters` VALUES ('2', '247', '0');
INSERT INTO `realmcharacters` VALUES ('1', '247', '0');
INSERT INTO `realmcharacters` VALUES ('2', '216', '0');
INSERT INTO `realmcharacters` VALUES ('1', '216', '0');
INSERT INTO `realmcharacters` VALUES ('2', '123', '0');
INSERT INTO `realmcharacters` VALUES ('1', '123', '0');
INSERT INTO `realmcharacters` VALUES ('2', '853', '0');
INSERT INTO `realmcharacters` VALUES ('1', '853', '1');
INSERT INTO `realmcharacters` VALUES ('2', '301', '0');
INSERT INTO `realmcharacters` VALUES ('1', '301', '0');
INSERT INTO `realmcharacters` VALUES ('2', '463', '0');
INSERT INTO `realmcharacters` VALUES ('1', '463', '0');
INSERT INTO `realmcharacters` VALUES ('2', '145', '0');
INSERT INTO `realmcharacters` VALUES ('1', '145', '0');
INSERT INTO `realmcharacters` VALUES ('2', '360', '0');
INSERT INTO `realmcharacters` VALUES ('1', '360', '0');
INSERT INTO `realmcharacters` VALUES ('2', '386', '0');
INSERT INTO `realmcharacters` VALUES ('1', '386', '0');
INSERT INTO `realmcharacters` VALUES ('2', '255', '0');
INSERT INTO `realmcharacters` VALUES ('1', '255', '0');
INSERT INTO `realmcharacters` VALUES ('2', '257', '0');
INSERT INTO `realmcharacters` VALUES ('1', '257', '0');
INSERT INTO `realmcharacters` VALUES ('2', '564', '0');
INSERT INTO `realmcharacters` VALUES ('1', '564', '2');
INSERT INTO `realmcharacters` VALUES ('2', '66', '0');
INSERT INTO `realmcharacters` VALUES ('1', '66', '0');
INSERT INTO `realmcharacters` VALUES ('2', '19', '0');
INSERT INTO `realmcharacters` VALUES ('1', '19', '0');
INSERT INTO `realmcharacters` VALUES ('2', '551', '0');
INSERT INTO `realmcharacters` VALUES ('1', '551', '2');
INSERT INTO `realmcharacters` VALUES ('2', '15', '0');
INSERT INTO `realmcharacters` VALUES ('1', '15', '0');
INSERT INTO `realmcharacters` VALUES ('2', '215', '0');
INSERT INTO `realmcharacters` VALUES ('1', '215', '0');
INSERT INTO `realmcharacters` VALUES ('2', '810', '0');
INSERT INTO `realmcharacters` VALUES ('1', '810', '0');
INSERT INTO `realmcharacters` VALUES ('2', '471', '0');
INSERT INTO `realmcharacters` VALUES ('1', '471', '0');
INSERT INTO `realmcharacters` VALUES ('2', '95', '0');
INSERT INTO `realmcharacters` VALUES ('1', '95', '0');
INSERT INTO `realmcharacters` VALUES ('2', '593', '0');
INSERT INTO `realmcharacters` VALUES ('1', '593', '0');
INSERT INTO `realmcharacters` VALUES ('2', '759', '0');
INSERT INTO `realmcharacters` VALUES ('1', '759', '0');
INSERT INTO `realmcharacters` VALUES ('2', '748', '0');
INSERT INTO `realmcharacters` VALUES ('1', '748', '0');
INSERT INTO `realmcharacters` VALUES ('2', '176', '0');
INSERT INTO `realmcharacters` VALUES ('1', '176', '0');
INSERT INTO `realmcharacters` VALUES ('2', '436', '0');
INSERT INTO `realmcharacters` VALUES ('1', '436', '0');
INSERT INTO `realmcharacters` VALUES ('2', '358', '0');
INSERT INTO `realmcharacters` VALUES ('1', '358', '1');
INSERT INTO `realmcharacters` VALUES ('2', '704', '0');
INSERT INTO `realmcharacters` VALUES ('1', '704', '0');
INSERT INTO `realmcharacters` VALUES ('2', '377', '0');
INSERT INTO `realmcharacters` VALUES ('1', '377', '0');
INSERT INTO `realmcharacters` VALUES ('2', '367', '0');
INSERT INTO `realmcharacters` VALUES ('1', '367', '0');
INSERT INTO `realmcharacters` VALUES ('2', '245', '0');
INSERT INTO `realmcharacters` VALUES ('1', '245', '0');
INSERT INTO `realmcharacters` VALUES ('2', '67', '0');
INSERT INTO `realmcharacters` VALUES ('1', '67', '0');
INSERT INTO `realmcharacters` VALUES ('2', '878', '0');
INSERT INTO `realmcharacters` VALUES ('1', '878', '1');
INSERT INTO `realmcharacters` VALUES ('2', '491', '0');
INSERT INTO `realmcharacters` VALUES ('1', '491', '0');
INSERT INTO `realmcharacters` VALUES ('2', '5', '0');
INSERT INTO `realmcharacters` VALUES ('1', '5', '0');
INSERT INTO `realmcharacters` VALUES ('2', '49', '0');
INSERT INTO `realmcharacters` VALUES ('1', '49', '0');
INSERT INTO `realmcharacters` VALUES ('2', '336', '0');
INSERT INTO `realmcharacters` VALUES ('1', '336', '0');
INSERT INTO `realmcharacters` VALUES ('2', '237', '0');
INSERT INTO `realmcharacters` VALUES ('1', '237', '0');
INSERT INTO `realmcharacters` VALUES ('2', '110', '0');
INSERT INTO `realmcharacters` VALUES ('1', '110', '0');
INSERT INTO `realmcharacters` VALUES ('2', '549', '0');
INSERT INTO `realmcharacters` VALUES ('1', '549', '0');
INSERT INTO `realmcharacters` VALUES ('2', '514', '0');
INSERT INTO `realmcharacters` VALUES ('1', '514', '0');
INSERT INTO `realmcharacters` VALUES ('2', '48', '0');
INSERT INTO `realmcharacters` VALUES ('1', '48', '0');
INSERT INTO `realmcharacters` VALUES ('2', '566', '0');
INSERT INTO `realmcharacters` VALUES ('1', '566', '0');
INSERT INTO `realmcharacters` VALUES ('2', '212', '0');
INSERT INTO `realmcharacters` VALUES ('1', '212', '1');
INSERT INTO `realmcharacters` VALUES ('2', '645', '0');
INSERT INTO `realmcharacters` VALUES ('1', '645', '0');
INSERT INTO `realmcharacters` VALUES ('2', '253', '0');
INSERT INTO `realmcharacters` VALUES ('1', '253', '0');
INSERT INTO `realmcharacters` VALUES ('2', '614', '0');
INSERT INTO `realmcharacters` VALUES ('1', '614', '0');
INSERT INTO `realmcharacters` VALUES ('2', '599', '0');
INSERT INTO `realmcharacters` VALUES ('1', '599', '0');
INSERT INTO `realmcharacters` VALUES ('2', '483', '0');
INSERT INTO `realmcharacters` VALUES ('1', '483', '0');
INSERT INTO `realmcharacters` VALUES ('2', '464', '0');
INSERT INTO `realmcharacters` VALUES ('1', '464', '0');
INSERT INTO `realmcharacters` VALUES ('2', '18', '0');
INSERT INTO `realmcharacters` VALUES ('1', '18', '0');
INSERT INTO `realmcharacters` VALUES ('2', '602', '0');
INSERT INTO `realmcharacters` VALUES ('1', '602', '0');
INSERT INTO `realmcharacters` VALUES ('2', '10', '0');
INSERT INTO `realmcharacters` VALUES ('1', '10', '0');
INSERT INTO `realmcharacters` VALUES ('2', '150', '0');
INSERT INTO `realmcharacters` VALUES ('1', '150', '0');
INSERT INTO `realmcharacters` VALUES ('2', '404', '0');
INSERT INTO `realmcharacters` VALUES ('1', '404', '0');
INSERT INTO `realmcharacters` VALUES ('2', '417', '0');
INSERT INTO `realmcharacters` VALUES ('1', '417', '0');
INSERT INTO `realmcharacters` VALUES ('2', '838', '0');
INSERT INTO `realmcharacters` VALUES ('1', '838', '1');
INSERT INTO `realmcharacters` VALUES ('2', '839', '0');
INSERT INTO `realmcharacters` VALUES ('1', '839', '0');
INSERT INTO `realmcharacters` VALUES ('2', '58', '0');
INSERT INTO `realmcharacters` VALUES ('1', '58', '0');
INSERT INTO `realmcharacters` VALUES ('2', '59', '0');
INSERT INTO `realmcharacters` VALUES ('1', '59', '0');
INSERT INTO `realmcharacters` VALUES ('2', '264', '0');
INSERT INTO `realmcharacters` VALUES ('1', '264', '0');
INSERT INTO `realmcharacters` VALUES ('2', '154', '0');
INSERT INTO `realmcharacters` VALUES ('1', '154', '0');
INSERT INTO `realmcharacters` VALUES ('2', '438', '0');
INSERT INTO `realmcharacters` VALUES ('1', '438', '0');
INSERT INTO `realmcharacters` VALUES ('2', '363', '0');
INSERT INTO `realmcharacters` VALUES ('1', '363', '0');
INSERT INTO `realmcharacters` VALUES ('2', '160', '0');
INSERT INTO `realmcharacters` VALUES ('1', '160', '0');
INSERT INTO `realmcharacters` VALUES ('2', '364', '0');
INSERT INTO `realmcharacters` VALUES ('1', '364', '0');
INSERT INTO `realmcharacters` VALUES ('2', '77', '0');
INSERT INTO `realmcharacters` VALUES ('1', '77', '0');
INSERT INTO `realmcharacters` VALUES ('2', '55', '0');
INSERT INTO `realmcharacters` VALUES ('1', '55', '0');
INSERT INTO `realmcharacters` VALUES ('2', '106', '0');
INSERT INTO `realmcharacters` VALUES ('1', '106', '0');
INSERT INTO `realmcharacters` VALUES ('2', '777', '0');
INSERT INTO `realmcharacters` VALUES ('1', '777', '0');
INSERT INTO `realmcharacters` VALUES ('2', '157', '0');
INSERT INTO `realmcharacters` VALUES ('1', '157', '0');
INSERT INTO `realmcharacters` VALUES ('2', '14', '0');
INSERT INTO `realmcharacters` VALUES ('1', '14', '0');
INSERT INTO `realmcharacters` VALUES ('2', '550', '0');
INSERT INTO `realmcharacters` VALUES ('1', '550', '0');
INSERT INTO `realmcharacters` VALUES ('2', '443', '0');
INSERT INTO `realmcharacters` VALUES ('1', '443', '0');
INSERT INTO `realmcharacters` VALUES ('2', '596', '0');
INSERT INTO `realmcharacters` VALUES ('1', '596', '0');
INSERT INTO `realmcharacters` VALUES ('2', '542', '0');
INSERT INTO `realmcharacters` VALUES ('1', '542', '0');
INSERT INTO `realmcharacters` VALUES ('2', '322', '0');
INSERT INTO `realmcharacters` VALUES ('1', '322', '0');
INSERT INTO `realmcharacters` VALUES ('2', '142', '0');
INSERT INTO `realmcharacters` VALUES ('1', '142', '0');
INSERT INTO `realmcharacters` VALUES ('2', '209', '0');
INSERT INTO `realmcharacters` VALUES ('1', '209', '0');
INSERT INTO `realmcharacters` VALUES ('2', '195', '0');
INSERT INTO `realmcharacters` VALUES ('1', '195', '0');
INSERT INTO `realmcharacters` VALUES ('2', '317', '0');
INSERT INTO `realmcharacters` VALUES ('1', '317', '0');
INSERT INTO `realmcharacters` VALUES ('2', '108', '0');
INSERT INTO `realmcharacters` VALUES ('1', '108', '0');
INSERT INTO `realmcharacters` VALUES ('2', '368', '0');
INSERT INTO `realmcharacters` VALUES ('1', '368', '0');
INSERT INTO `realmcharacters` VALUES ('2', '598', '0');
INSERT INTO `realmcharacters` VALUES ('1', '598', '0');
INSERT INTO `realmcharacters` VALUES ('2', '83', '0');
INSERT INTO `realmcharacters` VALUES ('1', '83', '0');
INSERT INTO `realmcharacters` VALUES ('2', '82', '0');
INSERT INTO `realmcharacters` VALUES ('1', '82', '0');
INSERT INTO `realmcharacters` VALUES ('2', '250', '0');
INSERT INTO `realmcharacters` VALUES ('1', '250', '0');
INSERT INTO `realmcharacters` VALUES ('2', '233', '0');
INSERT INTO `realmcharacters` VALUES ('1', '233', '0');
INSERT INTO `realmcharacters` VALUES ('2', '338', '0');
INSERT INTO `realmcharacters` VALUES ('1', '338', '0');
INSERT INTO `realmcharacters` VALUES ('2', '287', '0');
INSERT INTO `realmcharacters` VALUES ('1', '287', '3');
INSERT INTO `realmcharacters` VALUES ('2', '113', '0');
INSERT INTO `realmcharacters` VALUES ('1', '113', '0');
INSERT INTO `realmcharacters` VALUES ('2', '125', '0');
INSERT INTO `realmcharacters` VALUES ('1', '125', '0');
INSERT INTO `realmcharacters` VALUES ('2', '217', '0');
INSERT INTO `realmcharacters` VALUES ('1', '217', '0');
INSERT INTO `realmcharacters` VALUES ('2', '276', '0');
INSERT INTO `realmcharacters` VALUES ('1', '276', '0');
INSERT INTO `realmcharacters` VALUES ('2', '309', '0');
INSERT INTO `realmcharacters` VALUES ('1', '309', '0');
INSERT INTO `realmcharacters` VALUES ('2', '859', '0');
INSERT INTO `realmcharacters` VALUES ('1', '859', '0');
INSERT INTO `realmcharacters` VALUES ('2', '167', '0');
INSERT INTO `realmcharacters` VALUES ('1', '167', '0');
INSERT INTO `realmcharacters` VALUES ('2', '13', '0');
INSERT INTO `realmcharacters` VALUES ('1', '13', '0');
INSERT INTO `realmcharacters` VALUES ('2', '133', '0');
INSERT INTO `realmcharacters` VALUES ('1', '133', '0');
INSERT INTO `realmcharacters` VALUES ('2', '521', '0');
INSERT INTO `realmcharacters` VALUES ('1', '521', '0');
INSERT INTO `realmcharacters` VALUES ('2', '152', '0');
INSERT INTO `realmcharacters` VALUES ('1', '152', '0');
INSERT INTO `realmcharacters` VALUES ('2', '266', '0');
INSERT INTO `realmcharacters` VALUES ('1', '266', '0');
INSERT INTO `realmcharacters` VALUES ('2', '494', '0');
INSERT INTO `realmcharacters` VALUES ('1', '494', '0');
INSERT INTO `realmcharacters` VALUES ('1', '880', '1');
INSERT INTO `realmcharacters` VALUES ('1', '882', '2');
INSERT INTO `realmcharacters` VALUES ('1', '881', '2');
INSERT INTO `realmcharacters` VALUES ('1', '883', '2');
INSERT INTO `realmcharacters` VALUES ('1', '884', '1');
INSERT INTO `realmcharacters` VALUES ('1', '885', '1');
INSERT INTO `realmcharacters` VALUES ('1', '886', '2');
INSERT INTO `realmcharacters` VALUES ('1', '887', '2');
INSERT INTO `realmcharacters` VALUES ('1', '888', '1');
INSERT INTO `realmcharacters` VALUES ('1', '889', '1');
INSERT INTO `realmcharacters` VALUES ('1', '890', '2');
INSERT INTO `realmcharacters` VALUES ('1', '891', '1');
INSERT INTO `realmcharacters` VALUES ('1', '892', '2');
INSERT INTO `realmcharacters` VALUES ('1', '894', '2');
INSERT INTO `realmcharacters` VALUES ('1', '895', '1');
INSERT INTO `realmcharacters` VALUES ('1', '897', '1');
INSERT INTO `realmcharacters` VALUES ('1', '899', '3');
INSERT INTO `realmcharacters` VALUES ('1', '900', '1');
INSERT INTO `realmcharacters` VALUES ('1', '902', '2');
INSERT INTO `realmcharacters` VALUES ('1', '903', '1');
INSERT INTO `realmcharacters` VALUES ('1', '904', '1');
INSERT INTO `realmcharacters` VALUES ('1', '906', '2');
INSERT INTO `realmcharacters` VALUES ('1', '907', '3');
INSERT INTO `realmcharacters` VALUES ('1', '909', '3');
INSERT INTO `realmcharacters` VALUES ('1', '910', '2');
INSERT INTO `realmcharacters` VALUES ('1', '911', '1');
INSERT INTO `realmcharacters` VALUES ('1', '913', '1');
INSERT INTO `realmcharacters` VALUES ('1', '917', '1');
INSERT INTO `realmcharacters` VALUES ('1', '918', '1');
INSERT INTO `realmcharacters` VALUES ('1', '919', '1');
INSERT INTO `realmcharacters` VALUES ('1', '920', '2');
INSERT INTO `realmcharacters` VALUES ('1', '921', '2');
INSERT INTO `realmcharacters` VALUES ('1', '922', '1');
INSERT INTO `realmcharacters` VALUES ('1', '924', '2');
INSERT INTO `realmcharacters` VALUES ('1', '923', '1');
INSERT INTO `realmcharacters` VALUES ('1', '925', '1');
INSERT INTO `realmcharacters` VALUES ('1', '926', '1');
INSERT INTO `realmcharacters` VALUES ('1', '928', '2');
INSERT INTO `realmcharacters` VALUES ('1', '927', '2');
INSERT INTO `realmcharacters` VALUES ('1', '929', '2');
INSERT INTO `realmcharacters` VALUES ('1', '930', '3');
INSERT INTO `realmcharacters` VALUES ('1', '931', '1');
INSERT INTO `realmcharacters` VALUES ('1', '932', '2');
INSERT INTO `realmcharacters` VALUES ('1', '933', '1');
INSERT INTO `realmcharacters` VALUES ('1', '934', '1');
INSERT INTO `realmcharacters` VALUES ('1', '936', '1');
INSERT INTO `realmcharacters` VALUES ('1', '937', '1');
INSERT INTO `realmcharacters` VALUES ('1', '938', '1');
INSERT INTO `realmcharacters` VALUES ('1', '939', '1');
INSERT INTO `realmcharacters` VALUES ('1', '940', '1');
INSERT INTO `realmcharacters` VALUES ('1', '941', '1');
INSERT INTO `realmcharacters` VALUES ('1', '942', '3');
INSERT INTO `realmcharacters` VALUES ('1', '943', '1');
INSERT INTO `realmcharacters` VALUES ('1', '944', '2');
INSERT INTO `realmcharacters` VALUES ('1', '945', '2');
INSERT INTO `realmcharacters` VALUES ('1', '946', '1');
INSERT INTO `realmcharacters` VALUES ('1', '947', '1');
INSERT INTO `realmcharacters` VALUES ('1', '948', '1');
INSERT INTO `realmcharacters` VALUES ('1', '949', '9');
INSERT INTO `realmcharacters` VALUES ('1', '950', '2');
INSERT INTO `realmcharacters` VALUES ('1', '951', '2');
INSERT INTO `realmcharacters` VALUES ('1', '953', '2');
INSERT INTO `realmcharacters` VALUES ('1', '955', '2');
INSERT INTO `realmcharacters` VALUES ('1', '956', '2');
INSERT INTO `realmcharacters` VALUES ('1', '958', '1');
INSERT INTO `realmcharacters` VALUES ('1', '959', '2');
INSERT INTO `realmcharacters` VALUES ('1', '960', '1');
INSERT INTO `realmcharacters` VALUES ('1', '961', '2');
INSERT INTO `realmcharacters` VALUES ('1', '962', '3');
INSERT INTO `realmcharacters` VALUES ('1', '963', '1');
INSERT INTO `realmcharacters` VALUES ('1', '964', '1');
INSERT INTO `realmcharacters` VALUES ('1', '965', '2');
INSERT INTO `realmcharacters` VALUES ('1', '966', '1');
INSERT INTO `realmcharacters` VALUES ('1', '954', '2');
INSERT INTO `realmcharacters` VALUES ('1', '968', '2');
INSERT INTO `realmcharacters` VALUES ('1', '969', '1');
INSERT INTO `realmcharacters` VALUES ('1', '971', '1');
INSERT INTO `realmcharacters` VALUES ('1', '972', '2');
INSERT INTO `realmcharacters` VALUES ('1', '974', '2');
INSERT INTO `realmcharacters` VALUES ('1', '973', '3');
INSERT INTO `realmcharacters` VALUES ('1', '975', '1');
INSERT INTO `realmcharacters` VALUES ('1', '978', '1');
INSERT INTO `realmcharacters` VALUES ('1', '979', '1');
INSERT INTO `realmcharacters` VALUES ('1', '981', '1');
INSERT INTO `realmcharacters` VALUES ('1', '980', '4');
INSERT INTO `realmcharacters` VALUES ('1', '983', '2');
INSERT INTO `realmcharacters` VALUES ('1', '984', '1');
INSERT INTO `realmcharacters` VALUES ('1', '985', '1');
INSERT INTO `realmcharacters` VALUES ('1', '987', '1');
INSERT INTO `realmcharacters` VALUES ('1', '992', '1');
INSERT INTO `realmcharacters` VALUES ('1', '993', '2');
INSERT INTO `realmcharacters` VALUES ('1', '994', '2');
INSERT INTO `realmcharacters` VALUES ('1', '995', '2');
INSERT INTO `realmcharacters` VALUES ('1', '996', '2');
INSERT INTO `realmcharacters` VALUES ('1', '997', '1');
INSERT INTO `realmcharacters` VALUES ('1', '998', '2');
INSERT INTO `realmcharacters` VALUES ('1', '977', '1');
INSERT INTO `realmcharacters` VALUES ('1', '999', '1');
INSERT INTO `realmcharacters` VALUES ('1', '1001', '2');
INSERT INTO `realmcharacters` VALUES ('1', '1000', '2');
INSERT INTO `realmcharacters` VALUES ('1', '1002', '1');
INSERT INTO `realmcharacters` VALUES ('1', '1003', '2');
INSERT INTO `realmcharacters` VALUES ('1', '1005', '1');
INSERT INTO `realmcharacters` VALUES ('1', '1004', '1');
INSERT INTO `realmcharacters` VALUES ('1', '1006', '2');
INSERT INTO `realmcharacters` VALUES ('1', '1007', '3');
INSERT INTO `realmcharacters` VALUES ('1', '1008', '1');
INSERT INTO `realmcharacters` VALUES ('1', '1009', '1');
INSERT INTO `realmcharacters` VALUES ('1', '1010', '2');
INSERT INTO `realmcharacters` VALUES ('1', '1011', '2');
INSERT INTO `realmcharacters` VALUES ('1', '1012', '1');
INSERT INTO `realmcharacters` VALUES ('1', '1013', '2');
INSERT INTO `realmcharacters` VALUES ('1', '1014', '2');
INSERT INTO `realmcharacters` VALUES ('1', '1015', '2');
INSERT INTO `realmcharacters` VALUES ('1', '1016', '2');
INSERT INTO `realmcharacters` VALUES ('1', '1017', '1');
INSERT INTO `realmcharacters` VALUES ('1', '1018', '2');
INSERT INTO `realmcharacters` VALUES ('1', '1019', '1');
INSERT INTO `realmcharacters` VALUES ('1', '1020', '1');
INSERT INTO `realmcharacters` VALUES ('1', '1021', '1');
INSERT INTO `realmcharacters` VALUES ('1', '1022', '1');
INSERT INTO `realmcharacters` VALUES ('1', '1023', '1');
INSERT INTO `realmcharacters` VALUES ('1', '1024', '1');
INSERT INTO `realmcharacters` VALUES ('1', '1025', '1');
INSERT INTO `realmcharacters` VALUES ('1', '1026', '2');
INSERT INTO `realmcharacters` VALUES ('1', '1027', '1');
INSERT INTO `realmcharacters` VALUES ('1', '1028', '3');
INSERT INTO `realmcharacters` VALUES ('1', '1029', '2');
INSERT INTO `realmcharacters` VALUES ('1', '1030', '1');
INSERT INTO `realmcharacters` VALUES ('1', '1031', '2');
INSERT INTO `realmcharacters` VALUES ('1', '1032', '2');
INSERT INTO `realmcharacters` VALUES ('1', '1033', '2');
INSERT INTO `realmcharacters` VALUES ('1', '1035', '4');
INSERT INTO `realmcharacters` VALUES ('1', '1037', '2');
INSERT INTO `realmcharacters` VALUES ('1', '1036', '2');
INSERT INTO `realmcharacters` VALUES ('1', '1040', '4');
INSERT INTO `realmcharacters` VALUES ('1', '1041', '1');
INSERT INTO `realmcharacters` VALUES ('1', '1042', '1');
INSERT INTO `realmcharacters` VALUES ('1', '1043', '2');
INSERT INTO `realmcharacters` VALUES ('1', '1044', '2');
INSERT INTO `realmcharacters` VALUES ('1', '1045', '2');
INSERT INTO `realmcharacters` VALUES ('1', '1046', '1');
INSERT INTO `realmcharacters` VALUES ('1', '1047', '1');
INSERT INTO `realmcharacters` VALUES ('1', '1048', '1');
INSERT INTO `realmcharacters` VALUES ('1', '976', '1');
INSERT INTO `realmcharacters` VALUES ('1', '1049', '2');
INSERT INTO `realmcharacters` VALUES ('1', '1050', '1');
INSERT INTO `realmcharacters` VALUES ('1', '1051', '2');
INSERT INTO `realmcharacters` VALUES ('1', '1052', '1');
INSERT INTO `realmcharacters` VALUES ('1', '1053', '1');
INSERT INTO `realmcharacters` VALUES ('1', '1054', '3');
INSERT INTO `realmcharacters` VALUES ('1', '1055', '2');
INSERT INTO `realmcharacters` VALUES ('1', '1056', '10');
INSERT INTO `realmcharacters` VALUES ('1', '1057', '2');
INSERT INTO `realmcharacters` VALUES ('1', '1058', '3');
INSERT INTO `realmcharacters` VALUES ('1', '1059', '2');
INSERT INTO `realmcharacters` VALUES ('1', '1060', '2');
INSERT INTO `realmcharacters` VALUES ('1', '1061', '2');
INSERT INTO `realmcharacters` VALUES ('1', '1062', '1');
INSERT INTO `realmcharacters` VALUES ('1', '1063', '2');
INSERT INTO `realmcharacters` VALUES ('1', '1065', '4');
INSERT INTO `realmcharacters` VALUES ('1', '1066', '2');
INSERT INTO `realmcharacters` VALUES ('1', '1064', '1');
INSERT INTO `realmcharacters` VALUES ('1', '1067', '1');
INSERT INTO `realmcharacters` VALUES ('1', '1068', '1');
INSERT INTO `realmcharacters` VALUES ('1', '1069', '1');
INSERT INTO `realmcharacters` VALUES ('1', '1070', '1');
INSERT INTO `realmcharacters` VALUES ('1', '1071', '1');
INSERT INTO `realmcharacters` VALUES ('1', '1072', '2');
INSERT INTO `realmcharacters` VALUES ('1', '1073', '2');
INSERT INTO `realmcharacters` VALUES ('1', '1075', '1');
INSERT INTO `realmcharacters` VALUES ('1', '1074', '1');
INSERT INTO `realmcharacters` VALUES ('1', '1076', '1');
INSERT INTO `realmcharacters` VALUES ('1', '1077', '1');
INSERT INTO `realmcharacters` VALUES ('1', '1079', '1');
INSERT INTO `realmcharacters` VALUES ('1', '1080', '1');
INSERT INTO `realmcharacters` VALUES ('1', '1082', '2');
INSERT INTO `realmcharacters` VALUES ('1', '1083', '2');
INSERT INTO `realmcharacters` VALUES ('1', '1085', '1');
INSERT INTO `realmcharacters` VALUES ('1', '1084', '3');
INSERT INTO `realmcharacters` VALUES ('1', '1086', '2');
INSERT INTO `realmcharacters` VALUES ('1', '1088', '2');
INSERT INTO `realmcharacters` VALUES ('1', '1081', '1');
INSERT INTO `realmcharacters` VALUES ('1', '1089', '1');
INSERT INTO `realmcharacters` VALUES ('1', '1090', '2');
INSERT INTO `realmcharacters` VALUES ('1', '1091', '1');
INSERT INTO `realmcharacters` VALUES ('1', '1092', '2');
INSERT INTO `realmcharacters` VALUES ('1', '1094', '1');
INSERT INTO `realmcharacters` VALUES ('1', '1095', '2');
INSERT INTO `realmcharacters` VALUES ('1', '1096', '1');
INSERT INTO `realmcharacters` VALUES ('1', '1097', '2');
INSERT INTO `realmcharacters` VALUES ('1', '1098', '1');
INSERT INTO `realmcharacters` VALUES ('1', '1099', '1');
INSERT INTO `realmcharacters` VALUES ('1', '1100', '1');
INSERT INTO `realmcharacters` VALUES ('1', '1101', '2');
INSERT INTO `realmcharacters` VALUES ('1', '1102', '1');
INSERT INTO `realmcharacters` VALUES ('1', '1103', '2');
INSERT INTO `realmcharacters` VALUES ('1', '1104', '1');
INSERT INTO `realmcharacters` VALUES ('1', '1105', '2');
INSERT INTO `realmcharacters` VALUES ('1', '1087', '2');
INSERT INTO `realmcharacters` VALUES ('1', '1106', '1');
INSERT INTO `realmcharacters` VALUES ('1', '1109', '2');
INSERT INTO `realmcharacters` VALUES ('1', '1110', '2');
INSERT INTO `realmcharacters` VALUES ('1', '1111', '2');
INSERT INTO `realmcharacters` VALUES ('1', '1112', '2');
INSERT INTO `realmcharacters` VALUES ('1', '1113', '2');
INSERT INTO `realmcharacters` VALUES ('1', '1114', '2');
INSERT INTO `realmcharacters` VALUES ('1', '1116', '2');
INSERT INTO `realmcharacters` VALUES ('1', '1117', '2');
INSERT INTO `realmcharacters` VALUES ('1', '1118', '1');
INSERT INTO `realmcharacters` VALUES ('1', '1119', '1');
INSERT INTO `realmcharacters` VALUES ('1', '1120', '1');
INSERT INTO `realmcharacters` VALUES ('1', '1121', '3');
INSERT INTO `realmcharacters` VALUES ('1', '1123', '1');
INSERT INTO `realmcharacters` VALUES ('1', '1125', '3');
INSERT INTO `realmcharacters` VALUES ('1', '1126', '1');
INSERT INTO `realmcharacters` VALUES ('1', '1127', '1');
INSERT INTO `realmcharacters` VALUES ('1', '1128', '1');
INSERT INTO `realmcharacters` VALUES ('1', '1130', '1');
INSERT INTO `realmcharacters` VALUES ('1', '1132', '2');
INSERT INTO `realmcharacters` VALUES ('1', '1131', '1');
INSERT INTO `realmcharacters` VALUES ('1', '1133', '2');
INSERT INTO `realmcharacters` VALUES ('1', '1134', '1');
INSERT INTO `realmcharacters` VALUES ('1', '1135', '1');
INSERT INTO `realmcharacters` VALUES ('1', '1136', '1');
INSERT INTO `realmcharacters` VALUES ('1', '1138', '1');
INSERT INTO `realmcharacters` VALUES ('1', '1038', '1');
INSERT INTO `realmcharacters` VALUES ('1', '1140', '1');
INSERT INTO `realmcharacters` VALUES ('1', '1141', '1');
INSERT INTO `realmcharacters` VALUES ('1', '1142', '1');
INSERT INTO `realmcharacters` VALUES ('1', '1129', '2');
INSERT INTO `realmcharacters` VALUES ('1', '1137', '4');
INSERT INTO `realmcharacters` VALUES ('1', '1143', '2');
INSERT INTO `realmcharacters` VALUES ('1', '1144', '2');
INSERT INTO `realmcharacters` VALUES ('1', '1148', '2');
INSERT INTO `realmcharacters` VALUES ('1', '1149', '1');
INSERT INTO `realmcharacters` VALUES ('1', '1108', '3');
INSERT INTO `realmcharacters` VALUES ('1', '1150', '1');
INSERT INTO `realmcharacters` VALUES ('1', '1151', '1');
INSERT INTO `realmcharacters` VALUES ('1', '1152', '1');
INSERT INTO `realmcharacters` VALUES ('1', '1154', '1');
INSERT INTO `realmcharacters` VALUES ('1', '1155', '4');
INSERT INTO `realmcharacters` VALUES ('1', '1156', '3');
INSERT INTO `realmcharacters` VALUES ('1', '1157', '1');
INSERT INTO `realmcharacters` VALUES ('1', '1158', '1');
INSERT INTO `realmcharacters` VALUES ('1', '1160', '1');
INSERT INTO `realmcharacters` VALUES ('1', '1162', '2');
INSERT INTO `realmcharacters` VALUES ('1', '1161', '1');
INSERT INTO `realmcharacters` VALUES ('1', '1163', '1');
INSERT INTO `realmcharacters` VALUES ('1', '1164', '2');
INSERT INTO `realmcharacters` VALUES ('1', '1166', '1');
INSERT INTO `realmcharacters` VALUES ('1', '1165', '1');
INSERT INTO `realmcharacters` VALUES ('1', '1167', '1');
INSERT INTO `realmcharacters` VALUES ('1', '1168', '2');
INSERT INTO `realmcharacters` VALUES ('1', '1169', '1');
INSERT INTO `realmcharacters` VALUES ('1', '1170', '4');
INSERT INTO `realmcharacters` VALUES ('1', '1107', '2');
INSERT INTO `realmcharacters` VALUES ('1', '1172', '2');
INSERT INTO `realmcharacters` VALUES ('1', '1173', '2');
INSERT INTO `realmcharacters` VALUES ('1', '1175', '1');
INSERT INTO `realmcharacters` VALUES ('1', '1176', '2');
INSERT INTO `realmcharacters` VALUES ('1', '1177', '1');
INSERT INTO `realmcharacters` VALUES ('1', '1179', '2');
INSERT INTO `realmcharacters` VALUES ('1', '1181', '2');
INSERT INTO `realmcharacters` VALUES ('1', '1182', '2');
INSERT INTO `realmcharacters` VALUES ('1', '1185', '1');
INSERT INTO `realmcharacters` VALUES ('1', '1186', '2');
INSERT INTO `realmcharacters` VALUES ('1', '1187', '1');
INSERT INTO `realmcharacters` VALUES ('1', '1188', '2');
INSERT INTO `realmcharacters` VALUES ('1', '1189', '2');
INSERT INTO `realmcharacters` VALUES ('1', '1190', '2');
INSERT INTO `realmcharacters` VALUES ('1', '1191', '1');
INSERT INTO `realmcharacters` VALUES ('1', '1192', '2');
INSERT INTO `realmcharacters` VALUES ('1', '1193', '1');
INSERT INTO `realmcharacters` VALUES ('1', '1194', '2');
INSERT INTO `realmcharacters` VALUES ('1', '1195', '2');
INSERT INTO `realmcharacters` VALUES ('1', '1196', '1');
INSERT INTO `realmcharacters` VALUES ('1', '1197', '1');
INSERT INTO `realmcharacters` VALUES ('1', '1199', '1');
INSERT INTO `realmcharacters` VALUES ('1', '1202', '2');
INSERT INTO `realmcharacters` VALUES ('1', '1201', '1');
INSERT INTO `realmcharacters` VALUES ('1', '1203', '2');
INSERT INTO `realmcharacters` VALUES ('1', '1204', '3');
INSERT INTO `realmcharacters` VALUES ('1', '1205', '1');
INSERT INTO `realmcharacters` VALUES ('1', '1206', '1');
INSERT INTO `realmcharacters` VALUES ('1', '1207', '1');
INSERT INTO `realmcharacters` VALUES ('1', '1208', '2');
INSERT INTO `realmcharacters` VALUES ('1', '1210', '1');
INSERT INTO `realmcharacters` VALUES ('1', '1213', '1');
INSERT INTO `realmcharacters` VALUES ('1', '1214', '2');
INSERT INTO `realmcharacters` VALUES ('1', '1215', '2');
INSERT INTO `realmcharacters` VALUES ('1', '1216', '2');
INSERT INTO `realmcharacters` VALUES ('1', '1217', '1');
INSERT INTO `realmcharacters` VALUES ('1', '1218', '1');
INSERT INTO `realmcharacters` VALUES ('1', '1219', '1');
INSERT INTO `realmcharacters` VALUES ('1', '1220', '1');
INSERT INTO `realmcharacters` VALUES ('1', '1222', '1');
INSERT INTO `realmcharacters` VALUES ('1', '1223', '1');
INSERT INTO `realmcharacters` VALUES ('1', '1211', '1');
INSERT INTO `realmcharacters` VALUES ('1', '1224', '1');
INSERT INTO `realmcharacters` VALUES ('1', '1225', '1');
INSERT INTO `realmcharacters` VALUES ('1', '1039', '1');
INSERT INTO `realmcharacters` VALUES ('1', '1226', '2');
INSERT INTO `realmcharacters` VALUES ('1', '1227', '1');
INSERT INTO `realmcharacters` VALUES ('1', '1228', '2');
INSERT INTO `realmcharacters` VALUES ('1', '1229', '1');
INSERT INTO `realmcharacters` VALUES ('1', '1230', '2');
INSERT INTO `realmcharacters` VALUES ('1', '1233', '1');
INSERT INTO `realmcharacters` VALUES ('1', '1234', '2');
INSERT INTO `realmcharacters` VALUES ('1', '1235', '2');
INSERT INTO `realmcharacters` VALUES ('1', '1236', '1');
INSERT INTO `realmcharacters` VALUES ('1', '1237', '2');
INSERT INTO `realmcharacters` VALUES ('1', '1238', '1');
INSERT INTO `realmcharacters` VALUES ('1', '1239', '2');
INSERT INTO `realmcharacters` VALUES ('1', '1240', '1');
INSERT INTO `realmcharacters` VALUES ('1', '1241', '1');
INSERT INTO `realmcharacters` VALUES ('1', '1242', '2');
INSERT INTO `realmcharacters` VALUES ('1', '1244', '1');
INSERT INTO `realmcharacters` VALUES ('1', '1245', '2');
INSERT INTO `realmcharacters` VALUES ('1', '1231', '1');
INSERT INTO `realmcharacters` VALUES ('1', '1246', '2');
INSERT INTO `realmcharacters` VALUES ('1', '1248', '1');
INSERT INTO `realmcharacters` VALUES ('1', '1249', '1');
INSERT INTO `realmcharacters` VALUES ('1', '1250', '1');
INSERT INTO `realmcharacters` VALUES ('1', '1251', '2');
INSERT INTO `realmcharacters` VALUES ('1', '1252', '1');
INSERT INTO `realmcharacters` VALUES ('1', '1254', '2');
INSERT INTO `realmcharacters` VALUES ('1', '1256', '1');
INSERT INTO `realmcharacters` VALUES ('1', '1257', '1');
INSERT INTO `realmcharacters` VALUES ('1', '1258', '1');
INSERT INTO `realmcharacters` VALUES ('1', '1259', '1');
INSERT INTO `realmcharacters` VALUES ('1', '1260', '1');
INSERT INTO `realmcharacters` VALUES ('1', '1261', '1');
INSERT INTO `realmcharacters` VALUES ('1', '1263', '1');
INSERT INTO `realmcharacters` VALUES ('1', '1264', '1');
INSERT INTO `realmcharacters` VALUES ('1', '1262', '1');
INSERT INTO `realmcharacters` VALUES ('1', '1265', '1');
INSERT INTO `realmcharacters` VALUES ('1', '1266', '1');
INSERT INTO `realmcharacters` VALUES ('1', '1267', '2');
INSERT INTO `realmcharacters` VALUES ('1', '1268', '1');
INSERT INTO `realmcharacters` VALUES ('1', '1269', '1');
INSERT INTO `realmcharacters` VALUES ('1', '1270', '1');
INSERT INTO `realmcharacters` VALUES ('1', '1271', '2');
INSERT INTO `realmcharacters` VALUES ('1', '1273', '1');
INSERT INTO `realmcharacters` VALUES ('1', '1272', '1');
INSERT INTO `realmcharacters` VALUES ('1', '1274', '2');
INSERT INTO `realmcharacters` VALUES ('1', '1275', '2');
INSERT INTO `realmcharacters` VALUES ('1', '1276', '1');
INSERT INTO `realmcharacters` VALUES ('1', '1277', '1');
INSERT INTO `realmcharacters` VALUES ('1', '1279', '2');
INSERT INTO `realmcharacters` VALUES ('1', '1281', '2');
INSERT INTO `realmcharacters` VALUES ('1', '1283', '1');
INSERT INTO `realmcharacters` VALUES ('1', '1282', '1');
INSERT INTO `realmcharacters` VALUES ('1', '1284', '1');
INSERT INTO `realmcharacters` VALUES ('1', '1285', '1');
INSERT INTO `realmcharacters` VALUES ('1', '1286', '1');
INSERT INTO `realmcharacters` VALUES ('1', '1288', '1');

-- ----------------------------
-- Table structure for realmlist
-- ----------------------------
DROP TABLE IF EXISTS `realmlist`;
CREATE TABLE `realmlist` (
  `id` int(10) unsigned NOT NULL AUTO_INCREMENT,
  `name` varchar(32) NOT NULL DEFAULT '',
  `address` varchar(255) NOT NULL DEFAULT '127.0.0.1',
  `localAddress` varchar(255) NOT NULL DEFAULT '127.0.0.1',
  `localSubnetMask` varchar(255) NOT NULL DEFAULT '255.255.255.0',
  `port` smallint(5) unsigned NOT NULL DEFAULT '8085',
  `icon` tinyint(3) unsigned NOT NULL DEFAULT '0',
  `flag` tinyint(3) unsigned NOT NULL DEFAULT '2',
  `timezone` tinyint(3) unsigned NOT NULL DEFAULT '0',
  `allowedSecurityLevel` tinyint(3) unsigned NOT NULL DEFAULT '0',
  `population` float unsigned NOT NULL DEFAULT '0',
  `gamebuild` int(10) unsigned NOT NULL DEFAULT '12340',
  PRIMARY KEY (`id`),
  UNIQUE KEY `idx_name` (`name`)
) ENGINE=InnoDB AUTO_INCREMENT=3 DEFAULT CHARSET=utf8 COMMENT='Realm System';

-- ----------------------------
-- Records of realmlist
-- ----------------------------
INSERT INTO `realmlist` VALUES ('1', 'WoW-Bolivia 3.3.5a Blizzlike', '93.188.167.74', '127.0.0.1', '255.255.255.0', '8085', '0', '0', '1', '0', '0', '12340');
INSERT INTO `realmlist` VALUES ('2', 'All GM\'s (Reino de pruebas)', '93.188.167.74', '127.0.0.1', '255.255.255.0', '8086', '1', '0', '1', '0', '0', '12340');

-- ----------------------------
-- Table structure for updates
-- ----------------------------
DROP TABLE IF EXISTS `updates`;
CREATE TABLE `updates` (
  `name` varchar(200) NOT NULL COMMENT 'filename with extension of the update.',
  `hash` char(40) DEFAULT '' COMMENT 'sha1 hash of the sql file.',
  `state` enum('RELEASED','ARCHIVED') NOT NULL DEFAULT 'RELEASED' COMMENT 'defines if an update is released or archived.',
  `timestamp` timestamp NOT NULL DEFAULT CURRENT_TIMESTAMP COMMENT 'timestamp when the query was applied.',
  `speed` int(10) unsigned NOT NULL DEFAULT '0' COMMENT 'time the query takes to apply in ms.',
  PRIMARY KEY (`name`)
) ENGINE=MyISAM DEFAULT CHARSET=utf8 COMMENT='List of all applied updates in this database.';

-- ----------------------------
-- Records of updates
-- ----------------------------
INSERT INTO `updates` VALUES ('2014_11_10_00_auth.sql', '0E3CB119442D09DD88E967015319BBC8DAFBBFE0', 'ARCHIVED', '2015-03-21 19:44:12', '0');
INSERT INTO `updates` VALUES ('2014_11_10_01_auth.sql', '327E77A1DA3546D5275AB249915DD57EDD6FDD3D', 'ARCHIVED', '2015-03-21 19:44:12', '0');
INSERT INTO `updates` VALUES ('2014_12_10_00_auth.sql', '821703A96D80F9080074852B5A46E2909C9562EA', 'ARCHIVED', '2015-03-21 19:44:12', '0');
INSERT INTO `updates` VALUES ('2014_12_21_00_auth.sql', 'CE2E5D2CD82E79C25294539ADED27A1429105B43', 'ARCHIVED', '2015-03-21 19:44:12', '0');
INSERT INTO `updates` VALUES ('2015_03_20_00_auth.sql', 'E8C5B74BB45F0F35DEC182C72BACF435C7066FB0', 'ARCHIVED', '2015-03-21 19:44:12', '0');
INSERT INTO `updates` VALUES ('2015_03_20_01_auth.sql', '862961815354DA2746F5F71FBC8155F57CBE75AB', 'ARCHIVED', '2015-03-21 19:44:12', '0');
INSERT INTO `updates` VALUES ('2015_03_20_02_auth.sql', '33E4F94086590768EF5D4855DD43D7DE7C06ADA4', 'ARCHIVED', '2015-03-21 19:44:51', '0');
INSERT INTO `updates` VALUES ('2015_08_21_00_auth.sql', 'C31A9E1D28E11B60BE8F8198637DD51F6D75123F', 'ARCHIVED', '2015-10-05 21:16:19', '0');
INSERT INTO `updates` VALUES ('2015_11_07_00_auth.sql', '0016BDA02F7EF61DF4068A3836B90E9FE6DC2EC9', 'RELEASED', '2016-01-30 15:11:22', '5');
INSERT INTO `updates` VALUES ('2016_01_13_00_auth.sql', '4A95972BAB30D463DC2DD987A3C4F5355F2801E6', 'RELEASED', '2016-01-30 15:11:22', '15');

-- ----------------------------
-- Table structure for updates_include
-- ----------------------------
DROP TABLE IF EXISTS `updates_include`;
CREATE TABLE `updates_include` (
  `path` varchar(200) NOT NULL COMMENT 'directory to include. $ means relative to the source directory.',
  `state` enum('RELEASED','ARCHIVED') NOT NULL DEFAULT 'RELEASED' COMMENT 'defines if the directory contains released or archived updates.',
  PRIMARY KEY (`path`)
) ENGINE=MyISAM DEFAULT CHARSET=utf8 COMMENT='List of directories where we want to include sql updates.';

-- ----------------------------
-- Records of updates_include
-- ----------------------------
INSERT INTO `updates_include` VALUES ('$/sql/updates/auth', 'RELEASED');
INSERT INTO `updates_include` VALUES ('$/sql/custom/auth', 'RELEASED');
INSERT INTO `updates_include` VALUES ('$/sql/old/3.3.5a/auth', 'ARCHIVED');

-- ----------------------------
-- Table structure for uptime
-- ----------------------------
DROP TABLE IF EXISTS `uptime`;
CREATE TABLE `uptime` (
  `realmid` int(10) unsigned NOT NULL,
  `starttime` int(10) unsigned NOT NULL DEFAULT '0',
  `uptime` int(10) unsigned NOT NULL DEFAULT '0',
  `maxplayers` smallint(5) unsigned NOT NULL DEFAULT '0',
  `revision` varchar(255) NOT NULL DEFAULT 'Trinitycore',
  PRIMARY KEY (`realmid`,`starttime`)
) ENGINE=InnoDB DEFAULT CHARSET=utf8 COMMENT='Uptime system';

-- ----------------------------
-- Records of uptime
-- ----------------------------
INSERT INTO `uptime` VALUES ('1', '1449261699', '0', '0', 'TrinityCore rev. 2015-12-03 23:33:54 -0500 Dev Piopio (Win32, Debug)');
INSERT INTO `uptime` VALUES ('1', '1449261965', '18600', '4', 'TrinityCore rev. 2015-12-03 23:33:54 -0500 Dev Piopio (Win32, Debug)');
INSERT INTO `uptime` VALUES ('1', '1449349658', '0', '0', 'TrinityCore rev. 2015-12-03 23:33:54 -0500 Dev Piopio (Win32, Debug)');
INSERT INTO `uptime` VALUES ('1', '1449701947', '0', '0', 'TrinityCore rev. 2015-12-03 23:33:54 -0500 Dev Piopio (Win32, Debug)');
INSERT INTO `uptime` VALUES ('1', '1450653671', '0', '0', 'TrinityCore rev. 2015-12-16 14:40:22 -0500Dev Cantload (Win32, Release)');
INSERT INTO `uptime` VALUES ('1', '1450709092', '0', '0', 'TrinityCore rev. 2015-12-21 8:00:22 -0500 Dev Cantload (Win32, Release)');
INSERT INTO `uptime` VALUES ('1', '1450709114', '0', '0', 'TrinityCore rev. 2015-12-21 8:00:22 -0500 Dev Cantload (Win32, Release)');
INSERT INTO `uptime` VALUES ('1', '1450709384', '4201', '6', 'TrinityCore rev. 2015-12-21 8:00:22 -0500 Dev Cantload (Win32, Release)');
INSERT INTO `uptime` VALUES ('1', '1450714226', '3601', '6', 'TrinityCore rev. 2015-12-21 8:00:22 -0500 Dev Cantload (Win32, Release)');
INSERT INTO `uptime` VALUES ('1', '1450718030', '1201', '8', 'TrinityCore rev. 2015-12-21 8:00:22 -0500 Dev Cantload (Win32, Release)');
INSERT INTO `uptime` VALUES ('1', '1450719671', '3001', '10', 'TrinityCore rev. 2015-12-21 8:00:22 -0500 Dev Cantload (Win32, Release)');
INSERT INTO `uptime` VALUES ('1', '1450723220', '601', '10', 'TrinityCore rev. 2015-12-21 8:00:22 -0500 Dev Cantload (Win32, Release)');
INSERT INTO `uptime` VALUES ('1', '1450724384', '1201', '12', 'TrinityCore rev. 2015-12-21 8:00:22 -0500 Dev Cantload (Win32, Release)');
INSERT INTO `uptime` VALUES ('1', '1450726743', '3429', '10', 'TrinityCore rev. 2015-12-21 8:00:22 -0500 Dev Cantload (Win32, Release)');
INSERT INTO `uptime` VALUES ('1', '1450730246', '2402', '6', 'TrinityCore rev. 2015-12-21 8:00:22 -0500 Dev Cantload (Win32, Release)');
INSERT INTO `uptime` VALUES ('1', '1450733234', '9009', '8', 'TrinityCore rev. 2015-12-21 8:00:22 -0500 Dev Cantload (Win32, Release)');
INSERT INTO `uptime` VALUES ('1', '1450748233', '22902', '9', 'TrinityCore rev. 2015-12-21 8:00:22 -0500 Dev Cantload (Win32, Release)');
INSERT INTO `uptime` VALUES ('1', '1450794401', '12000', '11', 'TrinityCore rev. 2015-12-21 8:00:22 -0500 Dev Cantload (Win32, Release)');
INSERT INTO `uptime` VALUES ('1', '1450806951', '15600', '11', 'TrinityCore rev. 2015-12-21 8:00:22 -0500 Dev Cantload (Win32, Release)');
INSERT INTO `uptime` VALUES ('1', '1450823159', '0', '0', 'TrinityCore rev. 2015-12-21 8:00:22 -0500 Dev Cantload (Win32, Release)');
INSERT INTO `uptime` VALUES ('1', '1450823692', '2400', '7', 'TrinityCore rev. 2015-12-21 8:00:22 -0500 Dev Cantload (Win32, Release)');
INSERT INTO `uptime` VALUES ('1', '1450826628', '0', '0', 'TrinityCore rev. 2015-12-21 8:00:22 -0500 Dev Cantload (Win32, Release)');
INSERT INTO `uptime` VALUES ('1', '1450827007', '7992', '11', 'TrinityCore rev. 2015-12-21 8:00:22 -0500 Dev Cantload (Win32, Release)');
INSERT INTO `uptime` VALUES ('1', '1450835456', '38400', '10', 'TrinityCore rev. 2015-12-21 8:00:22 -0500 Dev Cantload (Win32, Release)');
INSERT INTO `uptime` VALUES ('1', '1450899798', '86306', '8', 'TrinityCore rev. 2015-12-21 8:00:22 -0500 Dev Cantload (Win32, Release)');
INSERT INTO `uptime` VALUES ('1', '1450986240', '2401', '6', 'TrinityCore rev. 2015-12-21 8:00:22 -0500 Dev Cantload (Win32, Release)');
INSERT INTO `uptime` VALUES ('1', '1450989453', '0', '0', 'TrinityCore rev. 2015-12-21 8:00:22 -0500 Dev Cantload (Win32, Release)');
INSERT INTO `uptime` VALUES ('1', '1450989922', '1200', '7', 'TrinityCore rev. 2015-12-21 8:00:22 -0500 Dev Cantload (Win32, Release)');
INSERT INTO `uptime` VALUES ('1', '1450991748', '12600', '6', 'TrinityCore rev. 2015-12-21 8:00:22 -0500 Dev Cantload (Win32, Release)');
INSERT INTO `uptime` VALUES ('1', '1451007249', '1800', '2', 'TrinityCore rev. 2015-12-21 8:00:22 -0500 Dev Cantload (Win32, Release)');
INSERT INTO `uptime` VALUES ('1', '1451009625', '107117', '7', 'TrinityCore rev. 2015-12-21 8:00:22 -0500 Dev Cantload (Win32, Release)');
INSERT INTO `uptime` VALUES ('1', '1451135443', '7802', '2', 'TrinityCore rev. 2015-12-21 8:00:22 -0500 Dev Cantload (Win32, Release)');
INSERT INTO `uptime` VALUES ('1', '1451144064', '21600', '7', 'TrinityCore rev. 2015-12-21 8:00:22 -0500 Dev Cantload (Win32, Release)');
INSERT INTO `uptime` VALUES ('1', '1451171944', '31209', '5', 'TrinityCore rev. 2015-12-21 8:00:22 -0500 Dev Cantload (Win32, Release)');
INSERT INTO `uptime` VALUES ('1', '1451221385', '605', '1', 'TrinityCore rev. 2015-12-21 8:00:22 -0500 Dev Cantload (Win32, Release)');
INSERT INTO `uptime` VALUES ('1', '1451222273', '178803', '8', 'TrinityCore rev. 2015-12-21 8:00:22 -0500 Dev Cantload (Win32, Release)');
INSERT INTO `uptime` VALUES ('1', '1451401287', '0', '0', 'TrinityCore rev. 2015-12-21 8:00:22 -0500 Dev Cantload (Win32, Release)');
INSERT INTO `uptime` VALUES ('1', '1451401527', '0', '0', 'TrinityCore rev. 2015-12-21 8:00:22 -0500 Dev Cantload (Win32, Release)');
INSERT INTO `uptime` VALUES ('1', '1451401614', '0', '0', 'TrinityCore rev. 2015-12-21 8:00:22 -0500 Dev Cantload (Win32, Release)');
INSERT INTO `uptime` VALUES ('1', '1451401675', '600', '5', 'TrinityCore rev. 2015-12-21 8:00:22 -0500 Dev Cantload (Win32, Release)');
INSERT INTO `uptime` VALUES ('1', '1451402896', '2400', '6', 'TrinityCore rev. 2015-12-21 8:00:22 -0500 Dev Cantload (Win32, Release)');
INSERT INTO `uptime` VALUES ('1', '1451405772', '1800', '7', 'TrinityCore rev. 2015-12-21 8:00:22 -0500 Dev Cantload (Win32, Release)');
INSERT INTO `uptime` VALUES ('1', '1451408157', '2400', '9', 'TrinityCore rev. 2015-12-21 8:00:22 -0500 Dev Cantload (Win32, Release)');
INSERT INTO `uptime` VALUES ('1', '1451410741', '1200', '10', 'TrinityCore rev. 2015-12-21 8:00:22 -0500 Dev Cantload (Win32, Release)');
INSERT INTO `uptime` VALUES ('1', '1451412265', '600', '11', 'TrinityCore rev. 2015-12-21 8:00:22 -0500 Dev Cantload (Win32, Release)');
INSERT INTO `uptime` VALUES ('1', '1451413235', '1200', '10', 'TrinityCore rev. 2015-12-21 8:00:22 -0500 Dev Cantload (Win32, Release)');
INSERT INTO `uptime` VALUES ('1', '1451414573', '6000', '9', 'TrinityCore rev. 2015-12-21 8:00:22 -0500 Dev Cantload (Win32, Release)');
INSERT INTO `uptime` VALUES ('1', '1451421202', '1800', '10', 'TrinityCore rev. 2015-12-21 8:00:22 -0500 Dev Cantload (Win32, Release)');
INSERT INTO `uptime` VALUES ('1', '1451423572', '0', '0', 'TrinityCore rev. 2015-12-21 8:00:22 -0500 Dev Cantload (Win32, Release)');
INSERT INTO `uptime` VALUES ('1', '1451423792', '21600', '12', 'TrinityCore rev. 2015-12-21 8:00:22 -0500 Dev Cantload (Win32, Release)');
INSERT INTO `uptime` VALUES ('1', '1451445776', '381', '6', 'TrinityCore rev. 2015-12-21 8:00:22 -0500 Dev Cantload (Win32, Release)');
INSERT INTO `uptime` VALUES ('1', '1451446285', '47400', '12', 'TrinityCore rev. 2015-12-21 8:00:22 -0500 Dev Cantload (Win32, Release)');
INSERT INTO `uptime` VALUES ('1', '1451494115', '0', '0', 'TrinityCore rev. 2015-12-21 8:00:22 -0500 Dev Cantload (Win32, Release)');
INSERT INTO `uptime` VALUES ('1', '1451494235', '0', '0', 'TrinityCore rev. 2015-12-21 8:00:22 -0500 Dev Cantload (Win32, Release)');
INSERT INTO `uptime` VALUES ('1', '1451495453', '0', '0', 'TrinityCore rev. 2015-12-21 8:00:22 -0500 Dev Cantload (Win32, Release)');
INSERT INTO `uptime` VALUES ('1', '1451495512', '0', '0', 'TrinityCore rev. 2015-12-21 8:00:22 -0500 Dev Cantload (Win32, Release)');
INSERT INTO `uptime` VALUES ('1', '1451495559', '0', '0', 'TrinityCore rev. 2015-12-21 8:00:22 -0500 Dev Cantload (Win32, Release)');
INSERT INTO `uptime` VALUES ('1', '1451495640', '0', '0', 'TrinityCore rev. 2015-12-21 8:00:22 -0500 Dev Cantload (Win32, Release)');
INSERT INTO `uptime` VALUES ('1', '1451495716', '0', '0', 'TrinityCore rev. 2015-12-21 8:00:22 -0500 Dev Cantload (Win32, Release)');
INSERT INTO `uptime` VALUES ('1', '1451496009', '0', '0', 'TrinityCore rev. 2015-12-21 8:00:22 -0500 Dev Cantload (Win32, Release)');
INSERT INTO `uptime` VALUES ('1', '1451496173', '0', '0', 'TrinityCore rev. 2015-12-21 8:00:22 -0500 Dev Cantload (Win32, Release)');
INSERT INTO `uptime` VALUES ('1', '1451496465', '0', '0', 'TrinityCore rev. 2015-12-21 8:00:22 -0500 Dev Cantload (Win32, Release)');
INSERT INTO `uptime` VALUES ('1', '1451496544', '0', '0', 'TrinityCore rev. 2015-12-21 8:00:22 -0500 Dev Cantload (Win32, Release)');
INSERT INTO `uptime` VALUES ('1', '1451496639', '0', '0', 'TrinityCore rev. 2015-12-21 8:00:22 -0500 Dev Cantload (Win32, Release)');
INSERT INTO `uptime` VALUES ('1', '1451496758', '0', '0', 'TrinityCore rev. 2015-12-21 8:00:22 -0500 Dev Cantload (Win32, Release)');
INSERT INTO `uptime` VALUES ('1', '1451496845', '0', '0', 'TrinityCore rev. 2015-12-21 8:00:22 -0500 Dev Cantload (Win32, Release)');
INSERT INTO `uptime` VALUES ('1', '1451496907', '0', '0', 'TrinityCore rev. 2015-12-21 8:00:22 -0500 Dev Cantload (Win32, Release)');
INSERT INTO `uptime` VALUES ('1', '1451496934', '0', '0', 'TrinityCore rev. 2015-12-21 8:00:22 -0500 Dev Cantload (Win32, Release)');
INSERT INTO `uptime` VALUES ('1', '1451497197', '0', '0', 'TrinityCore rev. 2015-12-21 8:00:22 -0500 Dev Cantload (Win32, Release)');
INSERT INTO `uptime` VALUES ('1', '1451497248', '0', '0', 'TrinityCore rev. 2015-12-21 8:00:22 -0500 Dev Cantload (Win32, Release)');
INSERT INTO `uptime` VALUES ('1', '1451497355', '600', '8', 'TrinityCore rev. 2015-12-21 8:00:22 -0500 Dev Cantload (Win32, Release)');
INSERT INTO `uptime` VALUES ('1', '1451498457', '600', '7', 'TrinityCore rev. 2015-12-21 8:00:22 -0500 Dev Cantload (Win32, Release)');
INSERT INTO `uptime` VALUES ('1', '1451499561', '0', '0', 'TrinityCore rev. 2015-12-21 8:00:22 -0500 Dev Cantload (Win32, Release)');
INSERT INTO `uptime` VALUES ('1', '1451499590', '4800', '15', 'TrinityCore rev. 2015-12-21 8:00:22 -0500 Dev Cantload (Win32, Release)');
INSERT INTO `uptime` VALUES ('1', '1451508173', '7200', '18', 'TrinityCore rev. 2015-12-21 8:00:22 -0500 Dev Cantload (Win32, Release)');
INSERT INTO `uptime` VALUES ('1', '1451515865', '1200', '18', 'TrinityCore rev. 2015-12-21 8:00:22 -0500 Dev Cantload (Win32, Release)');
INSERT INTO `uptime` VALUES ('1', '1451517518', '10801', '17', 'TrinityCore rev. 2015-12-21 8:00:22 -0500 Dev Cantload (Win32, Release)');
INSERT INTO `uptime` VALUES ('1', '1451521889', '600', '7', 'TrinityCore rev. 2015-12-21 8:00:22 -0500 Dev Cantload (Win32, Release)');
INSERT INTO `uptime` VALUES ('1', '1451522962', '0', '0', 'TrinityCore rev. 2015-12-21 8:00:22 -0500 Dev Cantload (Win32, Release)');
INSERT INTO `uptime` VALUES ('1', '1451523466', '9000', '8', 'TrinityCore rev. 2015-12-21 8:00:22 -0500 Dev Cantload (Win32, Release)');
INSERT INTO `uptime` VALUES ('1', '1451529051', '4294960002', '10', 'TrinityCore rev. 2015-12-21 8:00:22 -0500 Dev Cantload (Win32, Release)');
INSERT INTO `uptime` VALUES ('1', '1451570166', '16800', '15', 'TrinityCore rev. 2015-12-21 8:00:22 -0500 Dev Cantload (Win32, Release)');
INSERT INTO `uptime` VALUES ('1', '1451587361', '9604', '14', 'TrinityCore rev. 2015-12-21 8:00:22 -0500 Dev Cantload (Win32, Release)');
INSERT INTO `uptime` VALUES ('1', '1451598782', '9602', '16', 'TrinityCore rev. 2015-12-21 8:00:22 -0500 Dev Cantload (Win32, Release)');
INSERT INTO `uptime` VALUES ('1', '1451608666', '4802', '12', 'TrinityCore rev. 2015-12-21 8:00:22 -0500 Dev Cantload (Win32, Release)');
INSERT INTO `uptime` VALUES ('1', '1451611093', '67802', '17', 'TrinityCore rev. 2015-12-21 8:00:22 -0500 Dev Cantload (Win32, Release)');
INSERT INTO `uptime` VALUES ('1', '1451679116', '0', '0', 'TrinityCore rev. 2015-12-21 8:00:22 -0500 Dev Cantload (Win32, Release)');
INSERT INTO `uptime` VALUES ('1', '1451679538', '0', '0', 'TrinityCore rev. 2015-12-21 8:00:22 -0500 Dev Cantload (Win32, Release)');
INSERT INTO `uptime` VALUES ('1', '1451679657', '14400', '17', 'TrinityCore rev. 2015-12-21 8:00:22 -0500 Dev Cantload (Win32, Release)');
INSERT INTO `uptime` VALUES ('1', '1451695612', '1801', '7', 'TrinityCore rev. 2015-12-21 8:00:22 -0500 Dev Cantload (Win32, Release)');
INSERT INTO `uptime` VALUES ('1', '1451695874', '10807', '5', 'TrinityCore rev. 2015-12-21 8:00:22 -0500 Dev Cantload (Win32, Release)');
INSERT INTO `uptime` VALUES ('1', '1451698505', '4294964561', '5', 'TrinityCore rev. 2015-12-21 8:00:22 -0500 Dev Cantload (Win32, Release)');
INSERT INTO `uptime` VALUES ('1', '1451707221', '0', '0', 'Dev Cantload TC rev. 082eeda7fef2 2015-12-31 18:28:27 +0100 (3.3.5 branch) (Win32, Release)');
INSERT INTO `uptime` VALUES ('1', '1451707377', '0', '0', 'TrinityCore rev. 2015-12-21 8:00:22 -0500 Dev Cantload (Win32, Release)');
INSERT INTO `uptime` VALUES ('1', '1451707406', '1800', '4', 'Dev Cantload TC rev. 082eeda7fef2 2015-12-31 18:28:27 +0100 (3.3.5 branch) (Win32, Release)');
INSERT INTO `uptime` VALUES ('1', '1451709667', '0', '0', 'Dev Cantload TC rev. 082eeda7fef2 2015-12-31 18:28:27 +0100 (3.3.5 branch) (Win32, Release)');
INSERT INTO `uptime` VALUES ('1', '1451709831', '0', '0', 'Dev Cantload TC rev. 082eeda7fef2 2015-12-31 18:28:27 +0100 (3.3.5 branch) (Win32, Release)');
INSERT INTO `uptime` VALUES ('1', '1451710266', '0', '0', 'Dev Cantload TC rev. 082eeda7fef2 2015-12-31 18:28:27 +0100 (3.3.5 branch) (Win32, Release)');
INSERT INTO `uptime` VALUES ('1', '1451710361', '11192', '3', 'Dev Cantload TC rev. 082eeda7fef2 2015-12-31 18:28:27 +0100 (3.3.5 branch) (Win32, Release)');
INSERT INTO `uptime` VALUES ('1', '1451721594', '3000', '2', 'Dev Cantload TC rev. 082eeda7fef2 2015-12-31 18:28:27 +0100 (3.3.5 branch) (Win32, Release)');
INSERT INTO `uptime` VALUES ('1', '1451725003', '602', '1', 'Dev Cantload TC rev. 082eeda7fef2 2015-12-31 18:28:27 +0100 (3.3.5 branch) (Win32, Release)');
INSERT INTO `uptime` VALUES ('1', '1451726315', '600', '0', 'Dev Cantload TC rev. 082eeda7fef2 2015-12-31 18:28:27 +0100 (3.3.5 branch) (Win32, Release)');
INSERT INTO `uptime` VALUES ('1', '1451727531', '0', '0', 'Dev Cantload TC rev. 082eeda7fef2 2016-01-02 04:28:27 -0500 (3.3.5 branch) (Win32, Release)');
INSERT INTO `uptime` VALUES ('1', '1451727717', '0', '0', 'Dev Cantload TC rev. 082eeda7fef2 2016-01-02 04:28:27 -0500 (3.3.5 branch) (Win32, Release)');
INSERT INTO `uptime` VALUES ('1', '1451728207', '0', '0', 'Dev Cantload TC rev. 082eeda7fef2 2016-01-02 04:28:27 -0500 (3.3.5 branch) (Win32, Release)');
INSERT INTO `uptime` VALUES ('1', '1451728283', '0', '0', 'Dev Cantload TC rev. 082eeda7fef2 2016-01-02 04:28:27 -0500 (3.3.5 branch) (Win32, Release)');
INSERT INTO `uptime` VALUES ('1', '1451728446', '21000', '6', 'Dev Cantload TC rev. 082eeda7fef2 2016-01-02 04:28:27 -0500 (3.3.5 branch) (Win32, Release)');
INSERT INTO `uptime` VALUES ('1', '1451750012', '0', '0', 'Dev Cantload TC rev. 082eeda7fef2 2016-01-02 04:28:27 -0500 (3.3.5 branch) (Win32, Release)');
INSERT INTO `uptime` VALUES ('1', '1451750134', '0', '0', 'Dev Cantload TC rev. 082eeda7fef2 2016-01-02 04:28:27 -0500 (3.3.5 branch) (Win32, Release)');
INSERT INTO `uptime` VALUES ('1', '1451750276', '0', '0', 'Dev Cantload TC rev. 082eeda7fef2 2016-01-02 04:28:27 -0500 (3.3.5 branch) (Win32, Release)');
INSERT INTO `uptime` VALUES ('1', '1451750492', '0', '0', 'Dev Cantload TC rev. 082eeda7fef2 2016-01-02 04:28:27 -0500 (3.3.5 branch) (Win32, Release)');
INSERT INTO `uptime` VALUES ('1', '1451750581', '24000', '21', 'Dev Cantload TC rev. 082eeda7fef2 2016-01-02 04:28:27 -0500 (3.3.5 branch) (Win32, Release)');
INSERT INTO `uptime` VALUES ('1', '1451774953', '0', '0', 'Dev Cantload TC rev. 082eeda7fef2 2016-01-02 04:28:27 -0500 (3.3.5 branch) (Win32, Release)');
INSERT INTO `uptime` VALUES ('1', '1451775130', '7646', '16', 'Dev Cantload TC rev. 082eeda7fef2 2016-01-02 04:28:27 -0500 (3.3.5 branch) (Win32, Release)');
INSERT INTO `uptime` VALUES ('1', '1451782799', '10800', '7', 'Dev Cantload TC rev. 082eeda7fef2 2016-01-02 04:28:27 -0500 (3.3.5 branch) (Win32, Release)');
INSERT INTO `uptime` VALUES ('1', '1451794085', '42600', '15', 'TrinityCore rev. 2016-01-02 2:01:22 -0500 Dev Cantload (Win32, Release)');
INSERT INTO `uptime` VALUES ('1', '1451837201', '1201', '18', 'TrinityCore rev. 2016-01-02 2:01:22 -0500 Dev Cantload (Win32, Release)');
INSERT INTO `uptime` VALUES ('1', '1451839079', '26400', '28', 'TrinityCore rev. 2016-01-02 2:01:22 -0500 Dev Cantload (Win32, Release)');
INSERT INTO `uptime` VALUES ('1', '1451865839', '4547', '27', 'TrinityCore rev. 2016-01-02 2:01:22 -0500 Dev Cantload (Win32, Release)');
INSERT INTO `uptime` VALUES ('1', '1451870488', '39331', '11', 'TrinityCore rev. 2016-01-02 2:01:22 -0500 Dev Cantload (Win32, Release)');
INSERT INTO `uptime` VALUES ('1', '1451909848', '36001', '25', 'TrinityCore rev. 2016-01-02 2:01:22 -0500 Dev Cantload (Win32, Release)');
INSERT INTO `uptime` VALUES ('1', '1451946062', '10654', '20', 'TrinityCore rev. 2016-01-02 2:01:22 -0500 Dev Cantload (Win32, Release)');
INSERT INTO `uptime` VALUES ('1', '1451956778', '58802', '16', 'TrinityCore rev. 2016-01-02 2:01:22 -0500 Dev Cantload (Win32, Release)');
INSERT INTO `uptime` VALUES ('1', '1452016179', '7801', '13', 'TrinityCore rev. 2016-01-02 2:01:22 -0500 Dev Cantload (Win32, Release)');
INSERT INTO `uptime` VALUES ('1', '1452024502', '7202', '13', 'TrinityCore rev. 2016-01-02 2:01:22 -0500 Dev Cantload (Win32, Release)');
INSERT INTO `uptime` VALUES ('1', '1452031969', '11753', '16', 'TrinityCore rev. 2016-01-02 2:01:22 -0500 Dev Cantload (Win32, Release)');
INSERT INTO `uptime` VALUES ('1', '1452043836', '6005', '5', 'TrinityCore rev. 2016-01-02 2:01:22 -0500 Dev Cantload (Win32, Release)');
INSERT INTO `uptime` VALUES ('1', '1452050093', '80634', '27', 'TrinityCore rev. 2016-01-02 2:01:22 -0500 Dev Cantload (Win32, Release)');
INSERT INTO `uptime` VALUES ('1', '1452130928', '78002', '37', 'TrinityCore rev. 2016-01-02 2:01:22 -0500 Dev Cantload (Win32, Release)');
INSERT INTO `uptime` VALUES ('1', '1452321539', '0', '0', 'TrinityCore rev. 2016-01-02 2:01:22 -0500 Dev Cantload (Win32, Release)');
INSERT INTO `uptime` VALUES ('1', '1452357429', '0', '0', 'TrinityCore rev. 2016-01-02 2:01:22 -0500 Dev Cantload (Win32, Release)');
INSERT INTO `uptime` VALUES ('1', '1452357664', '0', '0', 'TrinityCore rev. 2016-01-02 2:01:22 -0500 Dev Cantload (Win32, Release)');
INSERT INTO `uptime` VALUES ('1', '1452358139', '600', '1', 'TrinityCore rev. 2016-01-02 2:01:22 -0500 Dev Cantload (Win32, Release)');
INSERT INTO `uptime` VALUES ('1', '1452359659', '3000', '1', 'TrinityCore rev. 2016-01-02 2:01:22 -0500 Dev Cantload (Win32, Release)');
INSERT INTO `uptime` VALUES ('1', '1452368333', '12602', '19', 'TrinityCore rev. 2016-01-02 2:01:22 -0500 Dev Cantload (Win32, Release)');
INSERT INTO `uptime` VALUES ('1', '1452381154', '8401', '14', 'TrinityCore rev. 2016-01-02 2:01:22 -0500 Dev Cantload (Win32, Release)');
INSERT INTO `uptime` VALUES ('1', '1452390137', '3000', '11', 'TrinityCore rev. 2016-01-02 2:01:22 -0500 Dev Cantload (Win32, Release)');
INSERT INTO `uptime` VALUES ('1', '1452393575', '10204', '16', 'TrinityCore rev. 2016-01-02 2:01:22 -0500 Dev Cantload (Win32, Release)');
INSERT INTO `uptime` VALUES ('1', '1452404004', '12380', '9', 'TrinityCore rev. 2016-01-02 2:01:22 -0500 Dev Cantload (Win32, Release)');
INSERT INTO `uptime` VALUES ('1', '1452416420', '601', '2', 'TrinityCore rev. 2016-01-02 2:01:22 -0500 Dev Cantload (Win32, Release)');
INSERT INTO `uptime` VALUES ('1', '1452417462', '108000', '22', 'TrinityCore rev. 2016-01-02 2:01:22 -0500 Dev Cantload (Win32, Release)');
INSERT INTO `uptime` VALUES ('1', '1452525990', '0', '0', 'TrinityCore rev. 2016-01-02 2:01:22 -0500 Dev Cantload (Win32, Release)');
INSERT INTO `uptime` VALUES ('1', '1452526007', '13200', '20', 'TrinityCore rev. 2016-01-02 2:01:22 -0500 Dev Cantload (Win32, Release)');
INSERT INTO `uptime` VALUES ('1', '1452539395', '80400', '26', 'TrinityCore rev. 2016-01-02 2:01:22 -0500 Dev Cantload (Win32, Release)');
INSERT INTO `uptime` VALUES ('1', '1452620326', '0', '0', 'TrinityCore rev. 2016-01-02 2:01:22 -0500 Dev Cantload (Win32, Release)');
INSERT INTO `uptime` VALUES ('1', '1452620340', '0', '0', 'TrinityCore rev. 2016-01-02 2:01:22 -0500 Dev Cantload (Win32, Release)');
INSERT INTO `uptime` VALUES ('1', '1452620374', '18000', '24', 'TrinityCore rev. 2016-01-02 2:01:22 -0500 Dev Cantload (Win32, Release)');
INSERT INTO `uptime` VALUES ('1', '1452639412', '14671', '19', 'TrinityCore rev. 2016-01-02 2:01:22 -0500 Dev Cantload (Win32, Release)');
INSERT INTO `uptime` VALUES ('1', '1452654158', '3275', '14', 'TrinityCore rev. 2016-01-02 2:01:22 -0500 Dev Cantload (Win32, Release)');
INSERT INTO `uptime` VALUES ('1', '1452657506', '3270', '7', 'TrinityCore rev. 2016-01-02 2:01:22 -0500 Dev Cantload (Win32, Release)');
INSERT INTO `uptime` VALUES ('1', '1452660848', '3274', '6', 'TrinityCore rev. 2016-01-02 2:01:22 -0500 Dev Cantload (Win32, Release)');
INSERT INTO `uptime` VALUES ('1', '1452664194', '3262', '2', 'TrinityCore rev. 2016-01-02 2:01:22 -0500 Dev Cantload (Win32, Release)');
INSERT INTO `uptime` VALUES ('1', '1452667529', '9942', '4', 'TrinityCore rev. 2016-01-02 2:01:22 -0500 Dev Cantload (Win32, Release)');
INSERT INTO `uptime` VALUES ('1', '1452677542', '9930', '1', 'TrinityCore rev. 2016-01-02 2:01:22 -0500 Dev Cantload (Win32, Release)');
INSERT INTO `uptime` VALUES ('1', '1452687545', '3263', '3', 'TrinityCore rev. 2016-01-02 2:01:22 -0500 Dev Cantload (Win32, Release)');
INSERT INTO `uptime` VALUES ('1', '1452690880', '3268', '6', 'TrinityCore rev. 2016-01-02 2:01:22 -0500 Dev Cantload (Win32, Release)');
INSERT INTO `uptime` VALUES ('1', '1452694221', '3281', '8', 'TrinityCore rev. 2016-01-02 2:01:22 -0500 Dev Cantload (Win32, Release)');
INSERT INTO `uptime` VALUES ('1', '1452697563', '3306', '17', 'TrinityCore rev. 2016-01-02 2:01:22 -0500 Dev Cantload (Win32, Release)');
INSERT INTO `uptime` VALUES ('1', '1452700941', '3288', '17', 'TrinityCore rev. 2016-01-02 2:01:22 -0500 Dev Cantload (Win32, Release)');
INSERT INTO `uptime` VALUES ('1', '1452704306', '3278', '14', 'TrinityCore rev. 2016-01-02 2:01:22 -0500 Dev Cantload (Win32, Release)');
INSERT INTO `uptime` VALUES ('1', '1452707660', '31200', '27', 'TrinityCore rev. 2016-01-02 2:01:22 -0500 Dev Cantload (Win32, Release)');
INSERT INTO `uptime` VALUES ('1', '1452739366', '55203', '20', 'TrinityCore rev. 2016-01-02 2:01:22 -0500 Dev Cantload (Win32, Release)');
INSERT INTO `uptime` VALUES ('1', '1452795243', '109800', '25', 'TrinityCore rev. 2016-01-02 2:01:22 -0500 Dev Cantload (Win32, Release)');
INSERT INTO `uptime` VALUES ('1', '1452905258', '10802', '24', 'TrinityCore rev. 2016-01-02 2:01:22 -0500 Dev Cantload (Win32, Release)');
INSERT INTO `uptime` VALUES ('1', '1452916151', '43246', '20', 'TrinityCore rev. 2016-01-02 2:01:22 -0500 Dev Cantload (Win32, Release)');
INSERT INTO `uptime` VALUES ('1', '1452959479', '4201', '22', 'TrinityCore rev. 2016-01-02 2:01:22 -0500 Dev Cantload (Win32, Release)');
INSERT INTO `uptime` VALUES ('1', '1452964089', '18001', '30', 'TrinityCore rev. 2016-01-02 2:01:22 -0500 Dev Cantload (Win32, Release)');
INSERT INTO `uptime` VALUES ('1', '1452982371', '0', '0', 'TrinityCore rev. 2016-01-02 2:01:22 -0500 Dev Cantload (Win32, Release)');
INSERT INTO `uptime` VALUES ('1', '1452982712', '600', '19', 'TrinityCore rev. 2016-01-02 2:01:22 -0500 Dev Cantload (Win32, Release)');
INSERT INTO `uptime` VALUES ('1', '1452983867', '24000', '20', 'TrinityCore rev. 2016-01-02 2:01:22 -0500 Dev Cantload (Win32, Release)');
INSERT INTO `uptime` VALUES ('1', '1453008292', '33600', '11', 'TrinityCore rev. 54424aff3051+ 2015-12-12 18:00:22 +0100 (3.3.5 branch) (Win32, Release)');
INSERT INTO `uptime` VALUES ('1', '1453042236', '19201', '19', 'TrinityCore rev. 54424aff3051+ 2015-12-12 18:00:22 +0100 (3.3.5 branch) (Win32, Release)');
INSERT INTO `uptime` VALUES ('1', '1453061855', '22801', '19', 'TrinityCore rev. 54424aff3051+ 2015-12-12 18:00:22 +0100 (3.3.5 branch) (Win32, Release)');
INSERT INTO `uptime` VALUES ('1', '1453085096', '49200', '20', 'TrinityCore rev. 54424aff3051+ 2015-12-12 18:00:22 +0100 (3.3.5 branch) (Win32, Release)');
INSERT INTO `uptime` VALUES ('1', '1453134801', '3000', '16', 'TrinityCore rev. 54424aff3051+ 2015-12-12 18:00:22 +0100 (3.3.5 branch) (Win32, Release)');
INSERT INTO `uptime` VALUES ('1', '1453138393', '1800', '13', 'TrinityCore rev. 54424aff3051+ 2015-12-12 18:00:22 +0100 (3.3.5 branch) (Win32, Release)');
INSERT INTO `uptime` VALUES ('1', '1453140428', '16800', '28', 'TrinityCore rev. 54424aff3051+ 2015-12-12 18:00:22 +0100 (3.3.5 branch) (Win32, Release)');
INSERT INTO `uptime` VALUES ('1', '1453157653', '150000', '23', 'TrinityCore rev. 54424aff3051+ 2015-12-12 18:00:22 +0100 (3.3.5 branch) (Win32, Release)');
INSERT INTO `uptime` VALUES ('1', '1453308142', '8401', '17', 'TrinityCore rev. 54424aff3051+ 2015-12-12 18:00:22 +0100 (3.3.5 branch) (Win32, Release)');
INSERT INTO `uptime` VALUES ('1', '1453316718', '72001', '25', 'TrinityCore rev. 54424aff3051+ 2015-12-12 18:00:22 +0100 (3.3.5 branch) (Win32, Release)');
INSERT INTO `uptime` VALUES ('1', '1453389396', '3001', '24', 'TrinityCore rev. 54424aff3051+ 2015-12-12 18:00:22 +0100 (3.3.5 branch) (Win32, Release)');
INSERT INTO `uptime` VALUES ('1', '1453393198', '27000', '23', 'TrinityCore rev. 54424aff3051+ 2015-12-12 18:00:22 +0100 (3.3.5 branch) (Win32, Release)');
INSERT INTO `uptime` VALUES ('1', '1453420881', '62402', '26', 'TrinityCore rev. 54424aff3051+ 2015-12-12 18:00:22 +0100 (3.3.5 branch) (Win32, Release)');
INSERT INTO `uptime` VALUES ('1', '1453483476', '125401', '23', 'TrinityCore rev. 54424aff3051+ 2015-12-12 18:00:22 +0100 (3.3.5 branch) (Win32, Release)');
INSERT INTO `uptime` VALUES ('1', '1453656545', '94803', '22', 'TrinityCore rev. 54424aff3051+ 2015-12-12 18:00:22 +0100 (3.3.5 branch) (Win32, Release)');
INSERT INTO `uptime` VALUES ('1', '1453751750', '2405', '11', 'TrinityCore rev. 54424aff3051+ 2015-12-12 18:00:22 +0100 (3.3.5 branch) (Win32, Release)');
INSERT INTO `uptime` VALUES ('1', '1453754283', '1200', '13', 'TrinityCore rev. 54424aff3051+ 2015-12-12 18:00:22 +0100 (3.3.5 branch) (Win32, Release)');
INSERT INTO `uptime` VALUES ('1', '1453756160', '1201', '13', 'TrinityCore rev. 54424aff3051+ 2015-12-12 18:00:22 +0100 (3.3.5 branch) (Win32, Release)');
INSERT INTO `uptime` VALUES ('1', '1453757670', '152400', '27', 'TrinityCore rev. 54424aff3051+ 2015-12-12 18:00:22 +0100 (3.3.5 branch) (Win32, Release)');
INSERT INTO `uptime` VALUES ('1', '1453910239', '27001', '21', 'TrinityCore rev. 54424aff3051+ 2015-12-12 18:00:22 +0100 (3.3.5 branch) (Win32, Release)');
INSERT INTO `uptime` VALUES ('1', '1453937785', '74401', '19', 'TrinityCore rev. 54424aff3051+ 2015-12-12 18:00:22 +0100 (3.3.5 branch) (Win32, Release)');
INSERT INTO `uptime` VALUES ('1', '1454012370', '4801', '17', 'TrinityCore rev. 54424aff3051+ 2015-12-12 18:00:22 +0100 (3.3.5 branch) (Win32, Release)');
INSERT INTO `uptime` VALUES ('1', '1454017689', '64800', '25', 'TrinityCore rev. 54424aff3051+ 2015-12-12 18:00:22 +0100 (3.3.5 branch) (Win32, Release)');
INSERT INTO `uptime` VALUES ('1', '1454083059', '12600', '18', 'TrinityCore rev. 54424aff3051+ 2015-12-12 18:00:22 +0100 (3.3.5 branch) (Win32, Release)');
INSERT INTO `uptime` VALUES ('1', '1454095824', '22201', '20', 'TrinityCore rev. 54424aff3051+ 2015-12-12 18:00:22 +0100 (3.3.5 branch) (Win32, Release)');
INSERT INTO `uptime` VALUES ('1', '1454118594', '14400', '13', 'TrinityCore rev. 54424aff3051+ 2015-12-12 18:00:22 +0100 (3.3.5 branch) (Win32, Release)');
INSERT INTO `uptime` VALUES ('1', '1454185434', '172200', '19', 'TrinityCore rev. unknown 1970-01-01 00:00:00 +0000 (Archived branch) (Unix, Release)');
INSERT INTO `uptime` VALUES ('1', '1454358063', '159000', '23', 'TrinityCore rev. unknown 1970-01-01 00:00:00 +0000 (Archived branch) (Unix, Release)');
INSERT INTO `uptime` VALUES ('1', '1454518018', '0', '0', 'TrinityCore rev. unknown 1970-01-01 00:00:00 +0000 (Archived branch) (Unix, Release)');
INSERT INTO `uptime` VALUES ('1', '1454518431', '600', '5', 'TrinityCore rev. unknown 1970-01-01 00:00:00 +0000 (Archived branch) (Unix, Release)');
INSERT INTO `uptime` VALUES ('1', '1454519543', '174000', '19', 'TrinityCore rev. unknown 1970-01-01 00:00:00 +0000 (Archived branch) (Unix, Release)');
INSERT INTO `uptime` VALUES ('1', '1454694064', '12001', '19', 'TrinityCore rev. unknown 1970-01-01 00:00:00 +0000 (Archived branch) (Unix, Release)');
INSERT INTO `uptime` VALUES ('1', '1454706149', '92400', '27', 'TrinityCore rev. unknown 1970-01-01 00:00:00 +0000 (Archived branch) (Unix, Release)');
INSERT INTO `uptime` VALUES ('1', '1454798896', '12000', '24', 'TrinityCore rev. unknown 1970-01-01 00:00:00 +0000 (Archived branch) (Unix, Release)');
INSERT INTO `uptime` VALUES ('1', '1454811821', '44400', '16', 'TrinityCore rev. unknown 1970-01-01 00:00:00 +0000 (Archived branch) (Unix, Release)');
INSERT INTO `uptime` VALUES ('1', '1454856596', '4200', '7', 'TrinityCore rev. unknown 1970-01-01 00:00:00 +0000 (Archived branch) (Unix, Release)');
INSERT INTO `uptime` VALUES ('1', '1454861366', '0', '0', 'TrinityCore rev. unknown 1970-01-01 00:00:00 +0000 (Archived branch) (Unix, Release)');
INSERT INTO `uptime` VALUES ('1', '1454861445', '98400', '16', 'TrinityCore rev. unknown 1970-01-01 00:00:00 +0000 (Archived branch) (Unix, Release)');
INSERT INTO `uptime` VALUES ('1', '1454960414', '600', '17', 'TrinityCore rev. unknown 1970-01-01 00:00:00 +0000 (Archived branch) (Unix, Release)');
INSERT INTO `uptime` VALUES ('1', '1454961208', '3600', '21', 'TrinityCore rev. unknown 1970-01-01 00:00:00 +0000 (Archived branch) (Unix, Release)');
INSERT INTO `uptime` VALUES ('1', '1454965126', '10800', '24', 'TrinityCore rev. unknown 1970-01-01 00:00:00 +0000 (Archived branch) (Unix, Release)');
INSERT INTO `uptime` VALUES ('1', '1454976390', '6000', '25', 'TrinityCore rev. unknown 1970-01-01 00:00:00 +0000 (Archived branch) (Unix, Release)');
INSERT INTO `uptime` VALUES ('1', '1454982849', '51600', '24', 'TrinityCore rev. unknown 1970-01-01 00:00:00 +0000 (Archived branch) (Unix, Release)');
INSERT INTO `uptime` VALUES ('1', '1455034750', '18000', '20', 'TrinityCore rev. unknown 1970-01-01 00:00:00 +0000 (Archived branch) (Unix, Release)');
INSERT INTO `uptime` VALUES ('1', '1455052886', '0', '0', 'TrinityCore rev. unknown 1970-01-01 00:00:00 +0000 (Archived branch) (Unix, Release)');
INSERT INTO `uptime` VALUES ('1', '1455053134', '600', '21', 'TrinityCore rev. unknown 1970-01-01 00:00:00 +0000 (Archived branch) (Unix, Release)');
INSERT INTO `uptime` VALUES ('1', '1455054440', '14400', '13', 'TrinityCore rev. unknown 1970-01-01 00:00:00 +0000 (Archived branch) (Unix, Release)');
INSERT INTO `uptime` VALUES ('1', '1455069012', '0', '0', 'TrinityCore rev. unknown 09/02/2016 20:26:00 +3.3.5a (WoW-Bolivia) (Unix, Release)');
INSERT INTO `uptime` VALUES ('1', '1455069151', '8400', '8', 'TrinityCore rev. unknown 09/02/2016 20:26:00 +3.3.5a (WoW-Bolivia) (Unix, Release)');
INSERT INTO `uptime` VALUES ('1', '1455077857', '56400', '17', 'TrinityCore rev. unknown 09/02/2016 20:26:00 +3.3.5a (WoW-Bolivia) (Unix, Release)');
INSERT INTO `uptime` VALUES ('1', '1455134396', '0', '0', 'TrinityCore rev. unknown 09/02/2016 20:26:00 +3.3.5a (WoW-Bolivia) (Unix, Release)');
INSERT INTO `uptime` VALUES ('1', '1455134653', '600', '12', 'TrinityCore rev. unknown 09/02/2016 20:26:00 +3.3.5a (WoW-Bolivia) (Unix, Release)');
INSERT INTO `uptime` VALUES ('1', '1455135775', '0', '0', 'TrinityCore rev. unknown 09/02/2016 20:26:00 +3.3.5a (WoW-Bolivia) (Unix, Release)');
INSERT INTO `uptime` VALUES ('1', '1455136299', '1201', '16', 'TrinityCore rev. unknown 09/02/2016 20:26:00 +3.3.5a (WoW-Bolivia) (Unix, Release)');
INSERT INTO `uptime` VALUES ('1', '1455137688', '67200', '20', 'TrinityCore rev. unknown 09/02/2016 20:26:00 +3.3.5a (WoW-Bolivia) (Unix, Release)');
INSERT INTO `uptime` VALUES ('1', '1455205159', '7800', '17', 'TrinityCore rev. unknown 09/02/2016 20:26:00 +3.3.5a (WoW-Bolivia) (Unix, Release)');
INSERT INTO `uptime` VALUES ('1', '1455213010', '0', '0', 'TrinityCore rev. unknown 09/02/2016 20:26:00 +3.3.5a (WoW-Bolivia) (Unix, Release)');
INSERT INTO `uptime` VALUES ('1', '1455213138', '0', '0', 'TrinityCore rev. unknown 09/02/2016 20:26:00 +3.3.5a (WoW-Bolivia) (Unix, Release)');
INSERT INTO `uptime` VALUES ('1', '1455213379', '0', '0', 'TrinityCore rev. unknown 09/02/2016 20:26:00 +3.3.5a (WoW-Bolivia) (Unix, Release)');
INSERT INTO `uptime` VALUES ('1', '1455214219', '0', '0', 'TrinityCore rev. unknown 09/02/2016 20:26:00 +3.3.5a (WoW-Bolivia) (Unix, Release)');
INSERT INTO `uptime` VALUES ('1', '1455214253', '0', '0', 'TrinityCore rev. unknown 09/02/2016 20:26:00 +3.3.5a (WoW-Bolivia) (Unix, Release)');
INSERT INTO `uptime` VALUES ('1', '1455214831', '0', '0', 'TrinityCore rev. unknown 09/02/2016 20:26:00 +3.3.5a (WoW-Bolivia) (Unix, Release)');
INSERT INTO `uptime` VALUES ('1', '1455215019', '0', '0', 'TrinityCore rev. unknown 09/02/2016 20:26:00 +3.3.5a (WoW-Bolivia) (Unix, Release)');
INSERT INTO `uptime` VALUES ('1', '1455215138', '0', '0', 'TrinityCore rev. unknown 09/02/2016 20:26:00 +3.3.5a (WoW-Bolivia) (Unix, Release)');
INSERT INTO `uptime` VALUES ('1', '1455215399', '0', '0', 'TrinityCore rev. unknown 09/02/2016 20:26:00 +3.3.5a (WoW-Bolivia) (Unix, Release)');
INSERT INTO `uptime` VALUES ('1', '1455215446', '0', '0', 'TrinityCore rev. unknown 09/02/2016 20:26:00 +3.3.5a (WoW-Bolivia) (Unix, Release)');
INSERT INTO `uptime` VALUES ('1', '1455215644', '120000', '25', 'TrinityCore rev. unknown 09/02/2016 20:26:00 +3.3.5a (WoW-Bolivia) (Unix, Release)');
INSERT INTO `uptime` VALUES ('1', '1455336107', '1800', '8', 'TrinityCore rev. unknown 09/02/2016 20:26:00 +3.3.5a (WoW-Bolivia) (Unix, Release)');
INSERT INTO `uptime` VALUES ('1', '1455338076', '600', '8', 'TrinityCore rev. unknown 09/02/2016 20:26:00 +3.3.5a (WoW-Bolivia) (Unix, Release)');
INSERT INTO `uptime` VALUES ('1', '1455338786', '600', '6', 'TrinityCore rev. unknown 09/02/2016 20:26:00 +3.3.5a (WoW-Bolivia) (Unix, Release)');
INSERT INTO `uptime` VALUES ('1', '1455339442', '0', '0', 'TrinityCore rev. unknown 09/02/2016 20:26:00 +3.3.5a (WoW-Bolivia) (Unix, Release)');
INSERT INTO `uptime` VALUES ('1', '1455339521', '0', '0', 'TrinityCore rev. unknown 09/02/2016 20:26:00 +3.3.5a (WoW-Bolivia) (Unix, Release)');
INSERT INTO `uptime` VALUES ('1', '1455339940', '0', '0', 'TrinityCore rev. unknown 09/02/2016 20:26:00 +3.3.5a (WoW-Bolivia) (Unix, Release)');
INSERT INTO `uptime` VALUES ('1', '1455340241', '1200', '7', 'TrinityCore rev. unknown 09/02/2016 20:26:00 +3.3.5a (WoW-Bolivia) (Unix, Release)');
INSERT INTO `uptime` VALUES ('1', '1455341951', '0', '0', 'TrinityCore rev. unknown 09/02/2016 20:26:00 +3.3.5a (WoW-Bolivia) (Unix, Release)');
INSERT INTO `uptime` VALUES ('1', '1455342384', '0', '0', 'TrinityCore rev. unknown 09/02/2016 20:26:00 +3.3.5a (WoW-Bolivia) (Unix, Release)');
INSERT INTO `uptime` VALUES ('1', '1455342791', '0', '0', 'TrinityCore rev. unknown 09/02/2016 20:26:00 +3.3.5a (WoW-Bolivia) (Unix, Release)');
INSERT INTO `uptime` VALUES ('1', '1455343291', '0', '0', 'TrinityCore rev. unknown 09/02/2016 20:26:00 +3.3.5a (WoW-Bolivia) (Unix, Release)');
INSERT INTO `uptime` VALUES ('1', '1455343833', '0', '0', 'TrinityCore rev. unknown 09/02/2016 20:26:00 +3.3.5a (WoW-Bolivia) (Unix, Release)');
INSERT INTO `uptime` VALUES ('1', '1455344132', '0', '0', 'TrinityCore rev. unknown 09/02/2016 20:26:00 +3.3.5a (WoW-Bolivia) (Unix, Release)');
INSERT INTO `uptime` VALUES ('1', '1455344725', '0', '0', 'TrinityCore rev. unknown 09/02/2016 20:26:00 +3.3.5a (WoW-Bolivia) (Unix, Release)');
INSERT INTO `uptime` VALUES ('1', '1455345015', '0', '0', 'TrinityCore rev. unknown 09/02/2016 20:26:00 +3.3.5a (WoW-Bolivia) (Unix, Release)');
INSERT INTO `uptime` VALUES ('1', '1455345353', '0', '0', 'TrinityCore rev. unknown 09/02/2016 20:26:00 +3.3.5a (WoW-Bolivia) (Unix, Release)');
INSERT INTO `uptime` VALUES ('1', '1455345616', '0', '0', 'TrinityCore rev. unknown 09/02/2016 20:26:00 +3.3.5a (WoW-Bolivia) (Unix, Release)');
INSERT INTO `uptime` VALUES ('1', '1455345731', '0', '0', 'TrinityCore rev. unknown 09/02/2016 20:26:00 +3.3.5a (WoW-Bolivia) (Unix, Release)');
INSERT INTO `uptime` VALUES ('1', '1455345835', '39600', '18', 'TrinityCore rev. unknown 09/02/2016 20:26:00 +3.3.5a (WoW-Bolivia) (Unix, Release)');
INSERT INTO `uptime` VALUES ('1', '1455385760', '0', '0', 'TrinityCore rev. unknown 09/02/2016 20:26:00 +3.3.5a (WoW-Bolivia) (Unix, Release)');
INSERT INTO `uptime` VALUES ('1', '1455386058', '0', '0', 'TrinityCore rev. unknown 09/02/2016 20:26:00 +3.3.5a (WoW-Bolivia) (Unix, Release)');
INSERT INTO `uptime` VALUES ('1', '1455386234', '600', '9', 'TrinityCore rev. unknown 09/02/2016 20:26:00 +3.3.5a (WoW-Bolivia) (Unix, Release)');
INSERT INTO `uptime` VALUES ('1', '1455386926', '35400', '38', 'TrinityCore rev. unknown 09/02/2016 20:26:00 +3.3.5a (WoW-Bolivia) (Unix, Release)');
INSERT INTO `uptime` VALUES ('1', '1455422617', '227400', '17', 'TrinityCore rev. unknown 09/02/2016 20:26:00 +3.3.5a (WoW-Bolivia) (Unix, Release)');
INSERT INTO `uptime` VALUES ('1', '1455650364', '192601', '23', 'TrinityCore rev. unknown 09/02/2016 20:26:00 +3.3.5a (WoW-Bolivia) (Unix, Release)');
INSERT INTO `uptime` VALUES ('1', '1455843473', '38678', '10', 'TrinityCore rev. unknown 09/02/2016 20:26:00 +3.3.5a (WoW-Bolivia) (Unix, Release)');
INSERT INTO `uptime` VALUES ('1', '1455882164', '28800', '22', 'TrinityCore rev. unknown 09/02/2016 20:26:00 +3.3.5a (WoW-Bolivia) (Unix, Release)');
INSERT INTO `uptime` VALUES ('1', '1455911352', '67200', '25', 'TrinityCore rev. unknown 09/02/2016 20:26:00 +3.3.5a (WoW-Bolivia) (Unix, Release)');
INSERT INTO `uptime` VALUES ('1', '1455979148', '2400', '10', 'TrinityCore rev. unknown 09/02/2016 20:26:00 +3.3.5a (WoW-Bolivia) (Unix, Release)');
INSERT INTO `uptime` VALUES ('1', '1455981990', '19800', '16', 'TrinityCore rev. unknown 09/02/2016 20:26:00 +3.3.5a (WoW-Bolivia) (Unix, Release)');
INSERT INTO `uptime` VALUES ('1', '1456001943', '24001', '23', 'TrinityCore rev. unknown 09/02/2016 20:26:00 +3.3.5a (WoW-Bolivia) (Unix, Release)');
INSERT INTO `uptime` VALUES ('1', '1456026130', '2400', '11', 'TrinityCore rev. unknown 09/02/2016 20:26:00 +3.3.5a (WoW-Bolivia) (Unix, Release)');
INSERT INTO `uptime` VALUES ('1', '1456031237', '82200', '29', 'TrinityCore rev. unknown 09/02/2016 20:26:00 +3.3.5a (WoW-Bolivia) (Unix, Release)');
INSERT INTO `uptime` VALUES ('2', '1449281083', '0', '0', 'TrinityCore rev. 2015-12-03 23:33:54 -0500 Dev Piopio (Win32, Debug)');
INSERT INTO `uptime` VALUES ('2', '1449281277', '269464', '6', 'TrinityCore rev. 2015-12-03 23:33:54 -0500 Dev Piopio (Win32, Debug)');
INSERT INTO `uptime` VALUES ('2', '1449551374', '4803', '6', 'TrinityCore rev. 2015-12-03 23:33:54 -0500 Dev Piopio (Win32, Debug)');
INSERT INTO `uptime` VALUES ('2', '1449556525', '34200', '6', 'TrinityCore rev. 2015-12-03 23:33:54 -0500 Dev Piopio (Win32, Debug)');
INSERT INTO `uptime` VALUES ('2', '1449591289', '600', '5', 'TrinityCore rev. 2015-12-03 23:33:54 -0500 Dev Piopio (Win32, Debug)');
INSERT INTO `uptime` VALUES ('2', '1449592012', '45000', '22', 'TrinityCore rev. 2015-12-03 23:33:54 -0500 Dev Piopio (Win32, Debug)');
INSERT INTO `uptime` VALUES ('2', '1449637692', '4203', '2', 'TrinityCore rev. 2015-12-03 23:33:54 -0500 Dev Piopio (Win32, Debug)');
INSERT INTO `uptime` VALUES ('2', '1449642268', '36600', '11', 'TrinityCore rev. 2015-12-03 23:33:54 -0500 Dev Piopio (Win32, Debug)');
INSERT INTO `uptime` VALUES ('2', '1449679103', '9000', '10', 'TrinityCore rev. 2015-12-03 23:33:54 -0500 Dev Piopio (Win32, Debug)');
INSERT INTO `uptime` VALUES ('2', '1449688347', '0', '0', 'TrinityCore rev. 2015-12-03 23:33:54 -0500 Dev Piopio (Win32, Debug)');
INSERT INTO `uptime` VALUES ('2', '1449688648', '0', '0', 'TrinityCore rev. 2015-12-03 23:33:54 -0500 Dev Piopio (Win32, Debug)');
INSERT INTO `uptime` VALUES ('2', '1449689081', '1801', '8', 'TrinityCore rev. 2015-12-03 23:33:54 -0500 Dev Piopio (Win32, Debug)');
INSERT INTO `uptime` VALUES ('2', '1449694989', '5400', '7', 'TrinityCore rev. 2015-12-03 23:33:54 -0500 Dev Piopio (Win32, Debug)');
INSERT INTO `uptime` VALUES ('2', '1449701079', '0', '0', 'TrinityCore rev. 2015-12-03 23:33:54 -0500 Dev Piopio (Win32, Debug)');
INSERT INTO `uptime` VALUES ('2', '1449702043', '4200', '6', 'TrinityCore rev. 2015-12-03 23:33:54 -0500 Dev Piopio (Win32, Debug)');
INSERT INTO `uptime` VALUES ('2', '1449752057', '0', '0', 'TrinityCore rev. 2015-12-03 23:33:54 -0500 Dev Piopio (Win32, Debug)');
INSERT INTO `uptime` VALUES ('2', '1449752763', '0', '0', 'TrinityCore rev. 2015-12-03 23:33:54 -0500 Dev Piopio (Win32, Debug)');
INSERT INTO `uptime` VALUES ('2', '1449752969', '13201', '3', 'TrinityCore rev. 2015-12-03 23:33:54 -0500 Dev Piopio (Win32, Debug)');
INSERT INTO `uptime` VALUES ('2', '1449772871', '19803', '0', 'TrinityCore rev. 2015-12-03 23:33:54 -0500 Dev Piopio (Win32, Debug)');
INSERT INTO `uptime` VALUES ('2', '1449793295', '3001', '6', 'TrinityCore rev. 2015-12-03 23:33:54 -0500 Dev Piopio (Win32, Debug)');
INSERT INTO `uptime` VALUES ('2', '1449797096', '3000', '8', 'TrinityCore rev. 2015-12-03 23:33:54 -0500 Dev Piopio (Win32, Debug)');
INSERT INTO `uptime` VALUES ('2', '1449800984', '601', '9', 'TrinityCore rev. c853ee6a4dbc+ 2015-12-08 15:51:04 -0500 (3.3.5 branch) (Win32, Debug)');
INSERT INTO `uptime` VALUES ('2', '1449808373', '46802', '6', 'TrinityCore rev. c853ee6a4dbc+ 2015-12-08 15:51:04 -0500 (3.3.5 branch) (Win32, Debug)');
INSERT INTO `uptime` VALUES ('2', '1449855774', '34803', '10', 'TrinityCore rev. 2015-12-03 23:33:54 -0500 Dev Piopio (Win32, Debug)');
INSERT INTO `uptime` VALUES ('2', '1449893120', '68400', '6', 'TrinityCore rev. 2015-12-03 23:33:54 -0500 Dev Piopio (Win32, Debug)');
INSERT INTO `uptime` VALUES ('2', '1449963747', '5401', '8', 'TrinityCore rev. 2015-12-03 23:33:54 -0500 Dev Piopio (Win32, Debug)');
INSERT INTO `uptime` VALUES ('2', '1449969530', '3601', '8', 'TrinityCore rev. 2015-12-03 23:33:54 -0500 Dev Piopio (Win32, Debug)');
INSERT INTO `uptime` VALUES ('2', '1449973393', '0', '0', 'TrinityCore rev. 2015-12-03 23:33:54 -0500 Dev Piopio (Win32, Debug)');
INSERT INTO `uptime` VALUES ('2', '1449973815', '54601', '5', 'TrinityCore rev. 2015-12-03 23:33:54 -0500 Dev Piopio (Win32, Debug)');
INSERT INTO `uptime` VALUES ('2', '1450029357', '19802', '7', 'TrinityCore rev. 2015-12-03 23:33:54 -0500 Dev Piopio (Win32, Debug)');
INSERT INTO `uptime` VALUES ('2', '1450053747', '3601', '5', 'TrinityCore rev. 2015-12-03 23:33:54 -0500 Dev Piopio (Win32, Debug)');
INSERT INTO `uptime` VALUES ('2', '1450057534', '601', '7', 'TrinityCore rev. 2015-12-03 23:33:54 -0500 Dev Piopio (Win32, Debug)');
INSERT INTO `uptime` VALUES ('2', '1450058431', '54000', '7', 'TrinityCore rev. 2015-12-03 23:33:54 -0500 Dev Piopio (Win32, Debug)');
INSERT INTO `uptime` VALUES ('2', '1450119244', '28500', '7', 'TrinityCore rev. 2015-12-03 23:33:54 -0500 Dev Piopio (Win32, Debug)');
INSERT INTO `uptime` VALUES ('2', '1450147891', '56833', '5', 'TrinityCore rev. 2015-12-03 23:33:54 -0500 Dev Piopio (Win32, Debug)');
INSERT INTO `uptime` VALUES ('2', '1450205724', '3000', '7', 'TrinityCore rev. 2015-12-03 23:33:54 -0500 Dev Piopio (Win32, Debug)');
INSERT INTO `uptime` VALUES ('2', '1450209416', '0', '0', 'TrinityCore rev. 2015-12-03 23:33:54 -0500 Dev Piopio (Win32, Debug)');
INSERT INTO `uptime` VALUES ('2', '1450210098', '18000', '4', 'TrinityCore rev. 2015-12-03 23:33:54 -0500 Dev Piopio (Win32, Debug)');
INSERT INTO `uptime` VALUES ('2', '1450230076', '65401', '7', 'TrinityCore rev. 2015-12-03 23:33:54 -0500 Dev Piopio (Win32, Debug)');
INSERT INTO `uptime` VALUES ('2', '1450295517', '78000', '8', 'TrinityCore rev. 2015-12-16 14:40:22 -0500 (3.3.5 branch) (Win32, Release)');
INSERT INTO `uptime` VALUES ('2', '1450374332', '22202', '9', 'TrinityCore rev. 2015-12-16 14:40:22 -0500 (3.3.5 branch) (Win32, Release)');
INSERT INTO `uptime` VALUES ('2', '1450398351', '0', '0', 'TrinityCore rev. 2015-12-16 14:40:22 -0500Dev Cantload (Win32, Debug)');
INSERT INTO `uptime` VALUES ('2', '1450398736', '9048', '7', 'TrinityCore rev. 2015-12-16 14:40:22 -0500Dev Cantload (Win32, Release)');
INSERT INTO `uptime` VALUES ('2', '1450408523', '2586', '4', 'TrinityCore rev. 2015-12-16 14:40:22 -0500Dev Cantload (Win32, Release)');
INSERT INTO `uptime` VALUES ('2', '1450411585', '36075', '1', 'TrinityCore rev. 2015-12-16 14:40:22 -0500Dev Cantload (Win32, Release)');
INSERT INTO `uptime` VALUES ('2', '1450448216', '2769', '4', 'TrinityCore rev. 2015-12-16 14:40:22 -0500Dev Cantload (Win32, Release)');
INSERT INTO `uptime` VALUES ('2', '1450454718', '3007', '2', 'TrinityCore rev. 2015-12-16 14:40:22 -0500Dev Cantload (Win32, Release)');
INSERT INTO `uptime` VALUES ('2', '1450463944', '266228', '10', 'TrinityCore rev. 2015-12-16 14:40:22 -0500Dev Cantload (Win32, Release)');
INSERT INTO `uptime` VALUES ('2', '1450653589', '0', '0', 'TrinityCore rev. 2015-12-16 14:40:22 -0500Dev Cantload (Win32, Release)');
INSERT INTO `uptime` VALUES ('2', '1450730266', '2402', '5', 'TrinityCore rev. 2015-12-16 14:40:22 -0500Dev Cantload (Win32, Release)');
INSERT INTO `uptime` VALUES ('2', '1450733246', '9002', '3', 'TrinityCore rev. 2015-12-16 14:40:22 -0500Dev Cantload (Win32, Release)');
INSERT INTO `uptime` VALUES ('2', '1450748210', '22925', '5', 'TrinityCore rev. 2015-12-16 14:40:22 -0500Dev Cantload (Win32, Release)');
INSERT INTO `uptime` VALUES ('2', '1450794403', '6601', '2', 'TrinityCore rev. 2015-12-16 14:40:22 -0500Dev Cantload (Win32, Release)');
INSERT INTO `uptime` VALUES ('2', '1450832734', '2265', '2', 'TrinityCore rev. 2015-12-21 8:00:22 -0500 Dev Cantload (Win32, Release)');
INSERT INTO `uptime` VALUES ('2', '1450835607', '38401', '5', 'TrinityCore rev. 2015-12-21 8:00:22 -0500 Dev Cantload (Win32, Release)');
INSERT INTO `uptime` VALUES ('2', '1450900285', '85819', '6', 'TrinityCore rev. 2015-12-21 8:00:22 -0500 Dev Cantload (Win32, Release)');
INSERT INTO `uptime` VALUES ('2', '1450986340', '4802', '2', 'TrinityCore rev. 2015-12-21 8:00:22 -0500 Dev Cantload (Win32, Release)');
INSERT INTO `uptime` VALUES ('2', '1450991769', '12601', '1', 'TrinityCore rev. 2015-12-21 8:00:22 -0500 Dev Cantload (Win32, Release)');
INSERT INTO `uptime` VALUES ('2', '1451007263', '195890', '2', 'TrinityCore rev. 2015-12-21 8:00:22 -0500 Dev Cantload (Win32, Release)');
INSERT INTO `uptime` VALUES ('2', '1451221390', '601', '1', 'TrinityCore rev. 2015-12-21 8:00:22 -0500 Dev Cantload (Win32, Release)');
INSERT INTO `uptime` VALUES ('2', '1451222278', '178802', '5', 'TrinityCore rev. 2015-12-21 8:00:22 -0500 Dev Cantload (Win32, Release)');
INSERT INTO `uptime` VALUES ('2', '1451401547', '0', '0', 'TrinityCore rev. 2015-12-21 8:00:22 -0500 Dev Cantload (Win32, Release)');
INSERT INTO `uptime` VALUES ('2', '1451401727', '600', '0', 'TrinityCore rev. 2015-12-21 8:00:22 -0500 Dev Cantload (Win32, Release)');
INSERT INTO `uptime` VALUES ('2', '1451495231', '1202', '5', 'TrinityCore rev. 2015-12-21 8:00:22 -0500 Dev Cantload (Win32, Release)');
INSERT INTO `uptime` VALUES ('2', '1451496828', '10801', '4', 'TrinityCore rev. 2015-12-21 8:00:22 -0500 Dev Cantload (Win32, Release)');
INSERT INTO `uptime` VALUES ('2', '1451585479', '0', '0', 'TrinityCore rev. 2015-12-21 8:00:22 -0500 Dev Cantload (Win32, Release)');
INSERT INTO `uptime` VALUES ('2', '1451585765', '0', '0', 'TrinityCore rev. 2015-12-21 8:00:22 -0500 Dev Cantload (Win32, Release)');
INSERT INTO `uptime` VALUES ('2', '1451585856', '0', '0', 'TrinityCore rev. 2015-12-21 8:00:22 -0500 Dev Cantload (Win32, Release)');
INSERT INTO `uptime` VALUES ('2', '1451586269', '12002', '2', 'TrinityCore rev. 2015-12-21 8:00:22 -0500 Dev Cantload (Win32, Release)');
INSERT INTO `uptime` VALUES ('2', '1451599415', '96355', '4', 'TrinityCore rev. 2015-12-21 8:00:22 -0500 Dev Cantload (Win32, Release)');
INSERT INTO `uptime` VALUES ('2', '1451695900', '9002', '4', 'TrinityCore rev. 2015-12-21 8:00:22 -0500 Dev Cantload (Win32, Release)');
INSERT INTO `uptime` VALUES ('2', '1451706903', '0', '0', 'Dev Cantload TC rev. 082eeda7fef2 2015-12-31 18:28:27 +0100 (3.3.5 branch) (Win32, Release)');
INSERT INTO `uptime` VALUES ('2', '1451707155', '0', '0', 'Dev Cantload TC rev. 082eeda7fef2 2015-12-31 18:28:27 +0100 (3.3.5 branch) (Win32, Release)');
INSERT INTO `uptime` VALUES ('2', '1451707362', '2403', '1', 'Dev Cantload TC rev. 082eeda7fef2 2015-12-31 18:28:27 +0100 (3.3.5 branch) (Win32, Release)');
INSERT INTO `uptime` VALUES ('2', '1451710272', '14402', '0', 'Dev Cantload TC rev. 082eeda7fef2 2015-12-31 18:28:27 +0100 (3.3.5 branch) (Win32, Release)');
INSERT INTO `uptime` VALUES ('2', '1451724805', '0', '0', 'Dev Cantload TC rev. 082eeda7fef2 2015-12-31 18:28:27 +0100 (3.3.5 branch) (Win32, Release)');
INSERT INTO `uptime` VALUES ('2', '1451724993', '0', '0', 'Dev Cantload TC rev. 082eeda7fef2 2015-12-31 18:28:27 +0100 (3.3.5 branch) (Win32, Release)');
INSERT INTO `uptime` VALUES ('2', '1451725074', '2400', '1', 'Dev Cantload TC rev. 082eeda7fef2 2015-12-31 18:28:27 +0100 (3.3.5 branch) (Win32, Release)');
INSERT INTO `uptime` VALUES ('2', '1451727510', '0', '0', 'Dev Cantload TC rev. 082eeda7fef2 2016-01-02 04:28:27 -0500 (3.3.5 branch) (Win32, Release)');
INSERT INTO `uptime` VALUES ('2', '1451728209', '9601', '0', 'Dev Cantload TC rev. 082eeda7fef2 2016-01-02 04:28:27 -0500 (3.3.5 branch) (Win32, Release)');
INSERT INTO `uptime` VALUES ('2', '1451737990', '44786', '5', 'Dev Cantload TC rev. 082eeda7fef2 2016-01-02 04:28:27 -0500 (3.3.5 branch) (Win32, Release)');
INSERT INTO `uptime` VALUES ('2', '1451782838', '10801', '1', 'Dev Cantload TC rev. 082eeda7fef2 2016-01-02 04:28:27 -0500 (3.3.5 branch) (Win32, Release)');
INSERT INTO `uptime` VALUES ('2', '1451794136', '76250', '3', 'TrinityCore rev. 2016-01-02 2:01:22 -0500 Dev Cantload (Win32, Release)');
INSERT INTO `uptime` VALUES ('2', '1451870506', '86210', '1', 'TrinityCore rev. 2016-01-02 2:01:22 -0500 Dev Cantload (Win32, Release)');
INSERT INTO `uptime` VALUES ('2', '1451956790', '86932', '4', 'TrinityCore rev. 2016-01-02 2:01:22 -0500 Dev Cantload (Win32, Release)');
INSERT INTO `uptime` VALUES ('2', '1452043862', '86864', '3', 'TrinityCore rev. 2016-01-02 2:01:22 -0500 Dev Cantload (Win32, Release)');
INSERT INTO `uptime` VALUES ('2', '1452130893', '26407', '0', 'TrinityCore rev. 2016-01-02 2:01:22 -0500 Dev Cantload (Win32, Release)');
INSERT INTO `uptime` VALUES ('2', '1452157377', '51601', '3', 'TrinityCore rev. 2016-01-02 2:01:22 -0500 Dev Cantload (Win32, Release)');
INSERT INTO `uptime` VALUES ('2', '1452392521', '0', '0', 'TrinityCore rev. 2016-01-02 2:01:22 -0500 Dev Cantload (Win32, Release)');
INSERT INTO `uptime` VALUES ('2', '1452392577', '0', '0', 'TrinityCore rev. 2016-01-02 2:01:22 -0500 Dev Cantload (Win32, Release)');
INSERT INTO `uptime` VALUES ('3', '1451586110', '0', '0', 'TrinityCore rev. 2015-12-21 8:00:22 -0500 Dev Cantload (Win32, Release)');
INSERT INTO `uptime` VALUES ('3', '1451586236', '0', '0', 'TrinityCore rev. 2015-12-21 8:00:22 -0500 Dev Cantload (Win32, Release)');
INSERT INTO `uptime` VALUES ('3', '1451586399', '12001', '5', 'TrinityCore rev. 2015-12-21 8:00:22 -0500 Dev Cantload (Win32, Release)');
INSERT INTO `uptime` VALUES ('3', '1451598486', '0', '0', 'TrinityCore rev. 2015-12-21 8:00:22 -0500 Dev Cantload (Win32, Release)');
INSERT INTO `uptime` VALUES ('3', '1451598746', '0', '0', 'TrinityCore rev. 2015-12-21 8:00:22 -0500 Dev Cantload (Win32, Release)');
INSERT INTO `uptime` VALUES ('3', '1451598796', '84433', '4', 'TrinityCore rev. 2015-12-21 8:00:22 -0500 Dev Cantload (Win32, Release)');
INSERT INTO `uptime` VALUES ('3', '1451684297', '0', '0', 'TrinityCore rev. 2015-12-21 8:00:22 -0500 Dev Cantload (Win32, Release)');
INSERT INTO `uptime` VALUES ('3', '1451684485', '602', '3', 'TrinityCore rev. 2015-12-21 8:00:22 -0500 Dev Cantload (Win32, Release)');
INSERT INTO `uptime` VALUES ('3', '1451685472', '0', '0', 'TrinityCore rev. 2015-12-21 8:00:22 -0500 Dev Cantload (Win32, Release)');
INSERT INTO `uptime` VALUES ('3', '1451685603', '19034', '4', 'TrinityCore rev. 2015-12-21 8:00:22 -0500 Dev Cantload (Win32, Release)');

-- ----------------------------
-- Table structure for worldchat_clase
-- ----------------------------
DROP TABLE IF EXISTS `worldchat_clase`;
CREATE TABLE `worldchat_clase` (
  `clase` int(11) NOT NULL,
  `color` varchar(255) DEFAULT NULL,
  `realm` int(11) NOT NULL,
  PRIMARY KEY (`clase`,`realm`)
) ENGINE=InnoDB DEFAULT CHARSET=utf8;

-- ----------------------------
-- Records of worldchat_clase
-- ----------------------------
INSERT INTO `worldchat_clase` VALUES ('0', 'FFFFFF', '-1');
INSERT INTO `worldchat_clase` VALUES ('1', 'C79C6E', '-1');
INSERT INTO `worldchat_clase` VALUES ('2', 'F58CBA', '-1');
INSERT INTO `worldchat_clase` VALUES ('3', 'ABD473', '-1');
INSERT INTO `worldchat_clase` VALUES ('4', 'FFF569', '-1');
INSERT INTO `worldchat_clase` VALUES ('5', 'FFFFFF', '-1');
INSERT INTO `worldchat_clase` VALUES ('6', 'C41F3B', '-1');
INSERT INTO `worldchat_clase` VALUES ('7', '0070DE', '-1');
INSERT INTO `worldchat_clase` VALUES ('8', '69CCF0', '-1');
INSERT INTO `worldchat_clase` VALUES ('9', '9482C9', '-1');
INSERT INTO `worldchat_clase` VALUES ('10', 'FFFFFF', '-1');
INSERT INTO `worldchat_clase` VALUES ('11', 'FF7d0A', '-1');

-- ----------------------------
-- Table structure for worldchat_rango
-- ----------------------------
DROP TABLE IF EXISTS `worldchat_rango`;
CREATE TABLE `worldchat_rango` (
  `rango` int(11) DEFAULT NULL,
  `rango_nombre` varchar(255) DEFAULT NULL,
  `rango_color` varchar(255) DEFAULT NULL,
  `chat_color` varchar(255) DEFAULT NULL,
  `realm` int(11) DEFAULT NULL
) ENGINE=InnoDB DEFAULT CHARSET=utf8;

-- ----------------------------
-- Records of worldchat_rango
-- ----------------------------
INSERT INTO `worldchat_rango` VALUES ('0', 'Jugador', 'FFA81E', '7DFF00', '-1');
INSERT INTO `worldchat_rango` VALUES ('1', 'Moderador', 'E700B1', 'FFA81E', '-1');
INSERT INTO `worldchat_rango` VALUES ('2', 'GM', '00f6ff', 'FFA81E', '-1');
INSERT INTO `worldchat_rango` VALUES ('3', 'GM', '00f6ff', 'FFA81E', '-1');
INSERT INTO `worldchat_rango` VALUES ('4', 'GM', '00f6ff', 'FFA81E', '-1');
INSERT INTO `worldchat_rango` VALUES ('5', 'GM', '00f6ff', 'FFA81E', '-1');
INSERT INTO `worldchat_rango` VALUES ('6', 'GM Lider', 'ff3232', '217fdd', '-1');
INSERT INTO `worldchat_rango` VALUES ('7', 'Devoleper', 'a500ff', 'a500ff', '-1');
INSERT INTO `worldchat_rango` VALUES ('8', 'Administrador', '6b0000', 'FFA81E', '-1');
INSERT INTO `worldchat_rango` VALUES ('9', 'Dev/Administrador', 'FF0000', 'FF0000', '-1');
